[1787303116877] debug session start: build
[1787303116878 #00001] session: context=build cell=1x2 source=fallback:1x2
[1787303116878 #00002] build.start: project=5b532062a9b841f4bc28f03036bb6c94 input_dir=/Volumes/HadesGodBlue/CodeSook/codesook-glyph/duck/images glyph_size=64
[1787303116879 #00003] source.begin: source=dock2--pgf-2464ae06-f000001.png path=/Volumes/HadesGodBlue/CodeSook/codesook-glyph/duck/images/dock2--pgf-2464ae06-f000001.png
[1787303116879 #00004] source.compose: source=dock2--pgf-2464ae06-f000001.png rows=1 cols=1
[1787303116879 #00005] grid.start: source=dock2--pgf-2464ae06-f000001.png rows=1 cols=2 glyph=32x64 fit=TrimContent
[1787303116880 #00006] artifact: rgba 360x360 /Volumes/HadesGodBlue/CodeSook/codesook-glyph/duck/debug/artifacts/00006_01_grid_input_rgba_dock2--pgf-2464ae06-f000001_png.png
[1787303116881 #00007] artifact: coverage 360x360 /Volumes/HadesGodBlue/CodeSook/codesook-glyph/duck/debug/artifacts/00007_02_grid_input_coverage_dock2--pgf-2464ae06-f000001_png.png
[1787303116881 #00008] artifact: coverage-terminal 360x360 cell=1x2 /Volumes/HadesGodBlue/CodeSook/codesook-glyph/duck/debug/artifacts/00008_02_grid_input_coverage_dock2--pgf-2464ae06-f000001_png_terminal_preview.png
[1787303116881 #00009] grid.bounds: source=dock2--pgf-2464ae06-f000001.png bounds=(95,30)->(265,313) crop=171x284 target=64x64
[1787303116882 #00010] artifact: coverage 171x284 /Volumes/HadesGodBlue/CodeSook/codesook-glyph/duck/debug/artifacts/00010_03_grid_fit_source_coverage_dock2--pgf-2464ae06-f000001_png.png
[1787303116882 #00011] artifact: coverage-terminal 171x284 cell=1x2 /Volumes/HadesGodBlue/CodeSook/codesook-glyph/duck/debug/artifacts/00011_03_grid_fit_source_coverage_dock2--pgf-2464ae06-f000001_png_terminal_preview.png
[1787303116883 #00012] artifact: coverage 39x64 /Volumes/HadesGodBlue/CodeSook/codesook-glyph/duck/debug/artifacts/00012_04_grid_resized_coverage_dock2--pgf-2464ae06-f000001_png.png
[1787303116883 #00013] artifact: coverage-terminal 39x64 cell=1x2 /Volumes/HadesGodBlue/CodeSook/codesook-glyph/duck/debug/artifacts/00013_04_grid_resized_coverage_dock2--pgf-2464ae06-f000001_png_terminal_preview.png
[1787303116883 #00014] grid.placement: source=dock2--pgf-2464ae06-f000001.png resized=39x64 offset=(12, 0)
[1787303116883 #00015] artifact: coverage 64x64 /Volumes/HadesGodBlue/CodeSook/codesook-glyph/duck/debug/artifacts/00015_05_grid_centered_coverage_dock2--pgf-2464ae06-f000001_png.png
[1787303116883 #00016] artifact: coverage-terminal 64x64 cell=1x2 /Volumes/HadesGodBlue/CodeSook/codesook-glyph/duck/debug/artifacts/00016_05_grid_centered_coverage_dock2--pgf-2464ae06-f000001_png_terminal_preview.png
[1787303116884 #00017] artifact: coverage 64x64 /Volumes/HadesGodBlue/CodeSook/codesook-glyph/duck/debug/artifacts/00017_06_grid_fitted_full_coverage_dock2--pgf-2464ae06-f000001_png.png
[1787303116884 #00018] artifact: coverage-terminal 64x64 cell=1x2 /Volumes/HadesGodBlue/CodeSook/codesook-glyph/duck/debug/artifacts/00018_06_grid_fitted_full_coverage_dock2--pgf-2464ae06-f000001_png_terminal_preview.png
[1787303116884 #00019] grid.done: source=dock2--pgf-2464ae06-f000001.png target=64x64
[1787303116884 #00020] artifact: coverage 32x64 /Volumes/HadesGodBlue/CodeSook/codesook-glyph/duck/debug/artifacts/00020_08_grid_tile_coverage_dock2--pgf-2464ae06-f000001_png_r1_c1_l.png
[1787303116884 #00021] artifact: coverage-terminal 32x64 cell=1x2 /Volumes/HadesGodBlue/CodeSook/codesook-glyph/duck/debug/artifacts/00021_08_grid_tile_coverage_dock2--pgf-2464ae06-f000001_png_r1_c1_l_terminal_preview.png
[1787303116884 #00022] grid.tile: source=dock2--pgf-2464ae06-f000001.png tile=(0,0) logical_col=0 half=l offset=(0, 0) size=32x64
[1787303116885 #00023] artifact: coverage 32x64 /Volumes/HadesGodBlue/CodeSook/codesook-glyph/duck/debug/artifacts/00023_08_grid_tile_coverage_dock2--pgf-2464ae06-f000001_png_r1_c1_r.png
[1787303116885 #00024] artifact: coverage-terminal 32x64 cell=1x2 /Volumes/HadesGodBlue/CodeSook/codesook-glyph/duck/debug/artifacts/00024_08_grid_tile_coverage_dock2--pgf-2464ae06-f000001_png_r1_c1_r_terminal_preview.png
[1787303116885 #00025] grid.tile: source=dock2--pgf-2464ae06-f000001.png tile=(0,1) logical_col=0 half=r offset=(32, 0) size=32x64
[1787303116885 #00026] artifact: coverage 64x64 /Volumes/HadesGodBlue/CodeSook/codesook-glyph/duck/debug/artifacts/00026_09_grid_tiles_assembled_dock2--pgf-2464ae06-f000001_png.png
[1787303116885 #00027] artifact: coverage-terminal 64x64 cell=1x2 /Volumes/HadesGodBlue/CodeSook/codesook-glyph/duck/debug/artifacts/00027_09_grid_tiles_assembled_dock2--pgf-2464ae06-f000001_png_terminal_preview.png
[1787303116886 #00028] artifact: coverage 64x64 /Volumes/HadesGodBlue/CodeSook/codesook-glyph/duck/debug/artifacts/00028_10_grid_tiles_assembled_bordered_dock2--pgf-2464ae06-f000001_png.png
[1787303116886 #00029] artifact: coverage-terminal 64x64 cell=1x2 /Volumes/HadesGodBlue/CodeSook/codesook-glyph/duck/debug/artifacts/00029_10_grid_tiles_assembled_bordered_dock2--pgf-2464ae06-f000001_png_terminal_preview.png
[1787303116886 #00030] grid.assembled: source=dock2--pgf-2464ae06-f000001.png logical=1x1 emitted=1x2 size=64x64
[1787303116886 #00031] source.done: source=dock2--pgf-2464ae06-f000001.png mode=compose
[1787303116886 #00032] source.begin: source=dock2--pgf-2464ae06-f000002.png path=/Volumes/HadesGodBlue/CodeSook/codesook-glyph/duck/images/dock2--pgf-2464ae06-f000002.png
[1787303116886 #00033] source.compose: source=dock2--pgf-2464ae06-f000002.png rows=1 cols=1
[1787303116887 #00034] grid.start: source=dock2--pgf-2464ae06-f000002.png rows=1 cols=2 glyph=32x64 fit=TrimContent
[1787303116888 #00035] artifact: rgba 360x360 /Volumes/HadesGodBlue/CodeSook/codesook-glyph/duck/debug/artifacts/00035_01_grid_input_rgba_dock2--pgf-2464ae06-f000002_png.png
[1787303116888 #00036] artifact: coverage 360x360 /Volumes/HadesGodBlue/CodeSook/codesook-glyph/duck/debug/artifacts/00036_02_grid_input_coverage_dock2--pgf-2464ae06-f000002_png.png
[1787303116889 #00037] artifact: coverage-terminal 360x360 cell=1x2 /Volumes/HadesGodBlue/CodeSook/codesook-glyph/duck/debug/artifacts/00037_02_grid_input_coverage_dock2--pgf-2464ae06-f000002_png_terminal_preview.png
[1787303116889 #00038] grid.bounds: source=dock2--pgf-2464ae06-f000002.png bounds=(95,33)->(265,319) crop=171x287 target=64x64
[1787303116889 #00039] artifact: coverage 171x287 /Volumes/HadesGodBlue/CodeSook/codesook-glyph/duck/debug/artifacts/00039_03_grid_fit_source_coverage_dock2--pgf-2464ae06-f000002_png.png
[1787303116890 #00040] artifact: coverage-terminal 171x287 cell=1x2 /Volumes/HadesGodBlue/CodeSook/codesook-glyph/duck/debug/artifacts/00040_03_grid_fit_source_coverage_dock2--pgf-2464ae06-f000002_png_terminal_preview.png
[1787303116890 #00041] artifact: coverage 38x64 /Volumes/HadesGodBlue/CodeSook/codesook-glyph/duck/debug/artifacts/00041_04_grid_resized_coverage_dock2--pgf-2464ae06-f000002_png.png
[1787303116891 #00042] artifact: coverage-terminal 38x64 cell=1x2 /Volumes/HadesGodBlue/CodeSook/codesook-glyph/duck/debug/artifacts/00042_04_grid_resized_coverage_dock2--pgf-2464ae06-f000002_png_terminal_preview.png
[1787303116891 #00043] grid.placement: source=dock2--pgf-2464ae06-f000002.png resized=38x64 offset=(13, 0)
[1787303116891 #00044] artifact: coverage 64x64 /Volumes/HadesGodBlue/CodeSook/codesook-glyph/duck/debug/artifacts/00044_05_grid_centered_coverage_dock2--pgf-2464ae06-f000002_png.png
[1787303116891 #00045] artifact: coverage-terminal 64x64 cell=1x2 /Volumes/HadesGodBlue/CodeSook/codesook-glyph/duck/debug/artifacts/00045_05_grid_centered_coverage_dock2--pgf-2464ae06-f000002_png_terminal_preview.png
[1787303116891 #00046] artifact: coverage 64x64 /Volumes/HadesGodBlue/CodeSook/codesook-glyph/duck/debug/artifacts/00046_06_grid_fitted_full_coverage_dock2--pgf-2464ae06-f000002_png.png
[1787303116891 #00047] artifact: coverage-terminal 64x64 cell=1x2 /Volumes/HadesGodBlue/CodeSook/codesook-glyph/duck/debug/artifacts/00047_06_grid_fitted_full_coverage_dock2--pgf-2464ae06-f000002_png_terminal_preview.png
[1787303116892 #00048] grid.done: source=dock2--pgf-2464ae06-f000002.png target=64x64
[1787303116892 #00049] artifact: coverage 32x64 /Volumes/HadesGodBlue/CodeSook/codesook-glyph/duck/debug/artifacts/00049_08_grid_tile_coverage_dock2--pgf-2464ae06-f000002_png_r1_c1_l.png
[1787303116892 #00050] artifact: coverage-terminal 32x64 cell=1x2 /Volumes/HadesGodBlue/CodeSook/codesook-glyph/duck/debug/artifacts/00050_08_grid_tile_coverage_dock2--pgf-2464ae06-f000002_png_r1_c1_l_terminal_preview.png
[1787303116892 #00051] grid.tile: source=dock2--pgf-2464ae06-f000002.png tile=(0,0) logical_col=0 half=l offset=(0, 0) size=32x64
[1787303116893 #00052] artifact: coverage 32x64 /Volumes/HadesGodBlue/CodeSook/codesook-glyph/duck/debug/artifacts/00052_08_grid_tile_coverage_dock2--pgf-2464ae06-f000002_png_r1_c1_r.png
[1787303116893 #00053] artifact: coverage-terminal 32x64 cell=1x2 /Volumes/HadesGodBlue/CodeSook/codesook-glyph/duck/debug/artifacts/00053_08_grid_tile_coverage_dock2--pgf-2464ae06-f000002_png_r1_c1_r_terminal_preview.png
[1787303116893 #00054] grid.tile: source=dock2--pgf-2464ae06-f000002.png tile=(0,1) logical_col=0 half=r offset=(32, 0) size=32x64
[1787303116893 #00055] artifact: coverage 64x64 /Volumes/HadesGodBlue/CodeSook/codesook-glyph/duck/debug/artifacts/00055_09_grid_tiles_assembled_dock2--pgf-2464ae06-f000002_png.png
[1787303116894 #00056] artifact: coverage-terminal 64x64 cell=1x2 /Volumes/HadesGodBlue/CodeSook/codesook-glyph/duck/debug/artifacts/00056_09_grid_tiles_assembled_dock2--pgf-2464ae06-f000002_png_terminal_preview.png
[1787303116894 #00057] artifact: coverage 64x64 /Volumes/HadesGodBlue/CodeSook/codesook-glyph/duck/debug/artifacts/00057_10_grid_tiles_assembled_bordered_dock2--pgf-2464ae06-f000002_png.png
[1787303116894 #00058] artifact: coverage-terminal 64x64 cell=1x2 /Volumes/HadesGodBlue/CodeSook/codesook-glyph/duck/debug/artifacts/00058_10_grid_tiles_assembled_bordered_dock2--pgf-2464ae06-f000002_png_terminal_preview.png
[1787303116894 #00059] grid.assembled: source=dock2--pgf-2464ae06-f000002.png logical=1x1 emitted=1x2 size=64x64
[1787303116894 #00060] source.done: source=dock2--pgf-2464ae06-f000002.png mode=compose
[1787303116895 #00061] source.begin: source=dock2--pgf-2464ae06-f000003.png path=/Volumes/HadesGodBlue/CodeSook/codesook-glyph/duck/images/dock2--pgf-2464ae06-f000003.png
[1787303116895 #00062] source.compose: source=dock2--pgf-2464ae06-f000003.png rows=1 cols=1
[1787303116895 #00063] grid.start: source=dock2--pgf-2464ae06-f000003.png rows=1 cols=2 glyph=32x64 fit=TrimContent
[1787303116896 #00064] artifact: rgba 360x360 /Volumes/HadesGodBlue/CodeSook/codesook-glyph/duck/debug/artifacts/00064_01_grid_input_rgba_dock2--pgf-2464ae06-f000003_png.png
[1787303116897 #00065] artifact: coverage 360x360 /Volumes/HadesGodBlue/CodeSook/codesook-glyph/duck/debug/artifacts/00065_02_grid_input_coverage_dock2--pgf-2464ae06-f000003_png.png
[1787303116897 #00066] artifact: coverage-terminal 360x360 cell=1x2 /Volumes/HadesGodBlue/CodeSook/codesook-glyph/duck/debug/artifacts/00066_02_grid_input_coverage_dock2--pgf-2464ae06-f000003_png_terminal_preview.png
[1787303116898 #00067] grid.bounds: source=dock2--pgf-2464ae06-f000003.png bounds=(95,33)->(266,323) crop=172x291 target=64x64
[1787303116898 #00068] artifact: coverage 172x291 /Volumes/HadesGodBlue/CodeSook/codesook-glyph/duck/debug/artifacts/00068_03_grid_fit_source_coverage_dock2--pgf-2464ae06-f000003_png.png
[1787303116898 #00069] artifact: coverage-terminal 172x291 cell=1x2 /Volumes/HadesGodBlue/CodeSook/codesook-glyph/duck/debug/artifacts/00069_03_grid_fit_source_coverage_dock2--pgf-2464ae06-f000003_png_terminal_preview.png
[1787303116899 #00070] artifact: coverage 38x64 /Volumes/HadesGodBlue/CodeSook/codesook-glyph/duck/debug/artifacts/00070_04_grid_resized_coverage_dock2--pgf-2464ae06-f000003_png.png
[1787303116899 #00071] artifact: coverage-terminal 38x64 cell=1x2 /Volumes/HadesGodBlue/CodeSook/codesook-glyph/duck/debug/artifacts/00071_04_grid_resized_coverage_dock2--pgf-2464ae06-f000003_png_terminal_preview.png
[1787303116900 #00072] grid.placement: source=dock2--pgf-2464ae06-f000003.png resized=38x64 offset=(13, 0)
[1787303116900 #00073] artifact: coverage 64x64 /Volumes/HadesGodBlue/CodeSook/codesook-glyph/duck/debug/artifacts/00073_05_grid_centered_coverage_dock2--pgf-2464ae06-f000003_png.png
[1787303116900 #00074] artifact: coverage-terminal 64x64 cell=1x2 /Volumes/HadesGodBlue/CodeSook/codesook-glyph/duck/debug/artifacts/00074_05_grid_centered_coverage_dock2--pgf-2464ae06-f000003_png_terminal_preview.png
[1787303116901 #00075] artifact: coverage 64x64 /Volumes/HadesGodBlue/CodeSook/codesook-glyph/duck/debug/artifacts/00075_06_grid_fitted_full_coverage_dock2--pgf-2464ae06-f000003_png.png
[1787303116901 #00076] artifact: coverage-terminal 64x64 cell=1x2 /Volumes/HadesGodBlue/CodeSook/codesook-glyph/duck/debug/artifacts/00076_06_grid_fitted_full_coverage_dock2--pgf-2464ae06-f000003_png_terminal_preview.png
[1787303116901 #00077] grid.done: source=dock2--pgf-2464ae06-f000003.png target=64x64
[1787303116901 #00078] artifact: coverage 32x64 /Volumes/HadesGodBlue/CodeSook/codesook-glyph/duck/debug/artifacts/00078_08_grid_tile_coverage_dock2--pgf-2464ae06-f000003_png_r1_c1_l.png
[1787303116902 #00079] artifact: coverage-terminal 32x64 cell=1x2 /Volumes/HadesGodBlue/CodeSook/codesook-glyph/duck/debug/artifacts/00079_08_grid_tile_coverage_dock2--pgf-2464ae06-f000003_png_r1_c1_l_terminal_preview.png
[1787303116902 #00080] grid.tile: source=dock2--pgf-2464ae06-f000003.png tile=(0,0) logical_col=0 half=l offset=(0, 0) size=32x64
[1787303116902 #00081] artifact: coverage 32x64 /Volumes/HadesGodBlue/CodeSook/codesook-glyph/duck/debug/artifacts/00081_08_grid_tile_coverage_dock2--pgf-2464ae06-f000003_png_r1_c1_r.png
[1787303116903 #00082] artifact: coverage-terminal 32x64 cell=1x2 /Volumes/HadesGodBlue/CodeSook/codesook-glyph/duck/debug/artifacts/00082_08_grid_tile_coverage_dock2--pgf-2464ae06-f000003_png_r1_c1_r_terminal_preview.png
[1787303116903 #00083] grid.tile: source=dock2--pgf-2464ae06-f000003.png tile=(0,1) logical_col=0 half=r offset=(32, 0) size=32x64
[1787303116903 #00084] artifact: coverage 64x64 /Volumes/HadesGodBlue/CodeSook/codesook-glyph/duck/debug/artifacts/00084_09_grid_tiles_assembled_dock2--pgf-2464ae06-f000003_png.png
[1787303116904 #00085] artifact: coverage-terminal 64x64 cell=1x2 /Volumes/HadesGodBlue/CodeSook/codesook-glyph/duck/debug/artifacts/00085_09_grid_tiles_assembled_dock2--pgf-2464ae06-f000003_png_terminal_preview.png
[1787303116904 #00086] artifact: coverage 64x64 /Volumes/HadesGodBlue/CodeSook/codesook-glyph/duck/debug/artifacts/00086_10_grid_tiles_assembled_bordered_dock2--pgf-2464ae06-f000003_png.png
[1787303116904 #00087] artifact: coverage-terminal 64x64 cell=1x2 /Volumes/HadesGodBlue/CodeSook/codesook-glyph/duck/debug/artifacts/00087_10_grid_tiles_assembled_bordered_dock2--pgf-2464ae06-f000003_png_terminal_preview.png
[1787303116904 #00088] grid.assembled: source=dock2--pgf-2464ae06-f000003.png logical=1x1 emitted=1x2 size=64x64
[1787303116905 #00089] source.done: source=dock2--pgf-2464ae06-f000003.png mode=compose
[1787303116905 #00090] source.begin: source=dock2--pgf-2464ae06-f000004.png path=/Volumes/HadesGodBlue/CodeSook/codesook-glyph/duck/images/dock2--pgf-2464ae06-f000004.png
[1787303116905 #00091] source.compose: source=dock2--pgf-2464ae06-f000004.png rows=1 cols=1
[1787303116905 #00092] grid.start: source=dock2--pgf-2464ae06-f000004.png rows=1 cols=2 glyph=32x64 fit=TrimContent
[1787303116906 #00093] artifact: rgba 360x360 /Volumes/HadesGodBlue/CodeSook/codesook-glyph/duck/debug/artifacts/00093_01_grid_input_rgba_dock2--pgf-2464ae06-f000004_png.png
[1787303116907 #00094] artifact: coverage 360x360 /Volumes/HadesGodBlue/CodeSook/codesook-glyph/duck/debug/artifacts/00094_02_grid_input_coverage_dock2--pgf-2464ae06-f000004_png.png
[1787303116908 #00095] artifact: coverage-terminal 360x360 cell=1x2 /Volumes/HadesGodBlue/CodeSook/codesook-glyph/duck/debug/artifacts/00095_02_grid_input_coverage_dock2--pgf-2464ae06-f000004_png_terminal_preview.png
[1787303116908 #00096] grid.bounds: source=dock2--pgf-2464ae06-f000004.png bounds=(90,19)->(252,310) crop=163x292 target=64x64
[1787303116909 #00097] artifact: coverage 163x292 /Volumes/HadesGodBlue/CodeSook/codesook-glyph/duck/debug/artifacts/00097_03_grid_fit_source_coverage_dock2--pgf-2464ae06-f000004_png.png
[1787303116909 #00098] artifact: coverage-terminal 163x292 cell=1x2 /Volumes/HadesGodBlue/CodeSook/codesook-glyph/duck/debug/artifacts/00098_03_grid_fit_source_coverage_dock2--pgf-2464ae06-f000004_png_terminal_preview.png
[1787303116910 #00099] artifact: coverage 36x64 /Volumes/HadesGodBlue/CodeSook/codesook-glyph/duck/debug/artifacts/00099_04_grid_resized_coverage_dock2--pgf-2464ae06-f000004_png.png
[1787303116910 #00100] artifact: coverage-terminal 36x64 cell=1x2 /Volumes/HadesGodBlue/CodeSook/codesook-glyph/duck/debug/artifacts/00100_04_grid_resized_coverage_dock2--pgf-2464ae06-f000004_png_terminal_preview.png
[1787303116910 #00101] grid.placement: source=dock2--pgf-2464ae06-f000004.png resized=36x64 offset=(14, 0)
[1787303116910 #00102] artifact: coverage 64x64 /Volumes/HadesGodBlue/CodeSook/codesook-glyph/duck/debug/artifacts/00102_05_grid_centered_coverage_dock2--pgf-2464ae06-f000004_png.png
[1787303116911 #00103] artifact: coverage-terminal 64x64 cell=1x2 /Volumes/HadesGodBlue/CodeSook/codesook-glyph/duck/debug/artifacts/00103_05_grid_centered_coverage_dock2--pgf-2464ae06-f000004_png_terminal_preview.png
[1787303116911 #00104] artifact: coverage 64x64 /Volumes/HadesGodBlue/CodeSook/codesook-glyph/duck/debug/artifacts/00104_06_grid_fitted_full_coverage_dock2--pgf-2464ae06-f000004_png.png
[1787303116911 #00105] artifact: coverage-terminal 64x64 cell=1x2 /Volumes/HadesGodBlue/CodeSook/codesook-glyph/duck/debug/artifacts/00105_06_grid_fitted_full_coverage_dock2--pgf-2464ae06-f000004_png_terminal_preview.png
[1787303116911 #00106] grid.done: source=dock2--pgf-2464ae06-f000004.png target=64x64
[1787303116912 #00107] artifact: coverage 32x64 /Volumes/HadesGodBlue/CodeSook/codesook-glyph/duck/debug/artifacts/00107_08_grid_tile_coverage_dock2--pgf-2464ae06-f000004_png_r1_c1_l.png
[1787303116912 #00108] artifact: coverage-terminal 32x64 cell=1x2 /Volumes/HadesGodBlue/CodeSook/codesook-glyph/duck/debug/artifacts/00108_08_grid_tile_coverage_dock2--pgf-2464ae06-f000004_png_r1_c1_l_terminal_preview.png
[1787303116912 #00109] grid.tile: source=dock2--pgf-2464ae06-f000004.png tile=(0,0) logical_col=0 half=l offset=(0, 0) size=32x64
[1787303116912 #00110] artifact: coverage 32x64 /Volumes/HadesGodBlue/CodeSook/codesook-glyph/duck/debug/artifacts/00110_08_grid_tile_coverage_dock2--pgf-2464ae06-f000004_png_r1_c1_r.png
[1787303116912 #00111] artifact: coverage-terminal 32x64 cell=1x2 /Volumes/HadesGodBlue/CodeSook/codesook-glyph/duck/debug/artifacts/00111_08_grid_tile_coverage_dock2--pgf-2464ae06-f000004_png_r1_c1_r_terminal_preview.png
[1787303116912 #00112] grid.tile: source=dock2--pgf-2464ae06-f000004.png tile=(0,1) logical_col=0 half=r offset=(32, 0) size=32x64
[1787303116913 #00113] artifact: coverage 64x64 /Volumes/HadesGodBlue/CodeSook/codesook-glyph/duck/debug/artifacts/00113_09_grid_tiles_assembled_dock2--pgf-2464ae06-f000004_png.png
[1787303116913 #00114] artifact: coverage-terminal 64x64 cell=1x2 /Volumes/HadesGodBlue/CodeSook/codesook-glyph/duck/debug/artifacts/00114_09_grid_tiles_assembled_dock2--pgf-2464ae06-f000004_png_terminal_preview.png
[1787303116913 #00115] artifact: coverage 64x64 /Volumes/HadesGodBlue/CodeSook/codesook-glyph/duck/debug/artifacts/00115_10_grid_tiles_assembled_bordered_dock2--pgf-2464ae06-f000004_png.png
[1787303116913 #00116] artifact: coverage-terminal 64x64 cell=1x2 /Volumes/HadesGodBlue/CodeSook/codesook-glyph/duck/debug/artifacts/00116_10_grid_tiles_assembled_bordered_dock2--pgf-2464ae06-f000004_png_terminal_preview.png
[1787303116913 #00117] grid.assembled: source=dock2--pgf-2464ae06-f000004.png logical=1x1 emitted=1x2 size=64x64
[1787303116914 #00118] source.done: source=dock2--pgf-2464ae06-f000004.png mode=compose
[1787303116914 #00119] source.begin: source=dock2--pgf-2464ae06-f000005.png path=/Volumes/HadesGodBlue/CodeSook/codesook-glyph/duck/images/dock2--pgf-2464ae06-f000005.png
[1787303116914 #00120] source.compose: source=dock2--pgf-2464ae06-f000005.png rows=1 cols=1
[1787303116914 #00121] grid.start: source=dock2--pgf-2464ae06-f000005.png rows=1 cols=2 glyph=32x64 fit=TrimContent
[1787303116915 #00122] artifact: rgba 360x360 /Volumes/HadesGodBlue/CodeSook/codesook-glyph/duck/debug/artifacts/00122_01_grid_input_rgba_dock2--pgf-2464ae06-f000005_png.png
[1787303116916 #00123] artifact: coverage 360x360 /Volumes/HadesGodBlue/CodeSook/codesook-glyph/duck/debug/artifacts/00123_02_grid_input_coverage_dock2--pgf-2464ae06-f000005_png.png
[1787303116916 #00124] artifact: coverage-terminal 360x360 cell=1x2 /Volumes/HadesGodBlue/CodeSook/codesook-glyph/duck/debug/artifacts/00124_02_grid_input_coverage_dock2--pgf-2464ae06-f000005_png_terminal_preview.png
[1787303116916 #00125] grid.bounds: source=dock2--pgf-2464ae06-f000005.png bounds=(75,31)->(235,317) crop=161x287 target=64x64
[1787303116917 #00126] artifact: coverage 161x287 /Volumes/HadesGodBlue/CodeSook/codesook-glyph/duck/debug/artifacts/00126_03_grid_fit_source_coverage_dock2--pgf-2464ae06-f000005_png.png
[1787303116917 #00127] artifact: coverage-terminal 161x287 cell=1x2 /Volumes/HadesGodBlue/CodeSook/codesook-glyph/duck/debug/artifacts/00127_03_grid_fit_source_coverage_dock2--pgf-2464ae06-f000005_png_terminal_preview.png
[1787303116918 #00128] artifact: coverage 36x64 /Volumes/HadesGodBlue/CodeSook/codesook-glyph/duck/debug/artifacts/00128_04_grid_resized_coverage_dock2--pgf-2464ae06-f000005_png.png
[1787303116918 #00129] artifact: coverage-terminal 36x64 cell=1x2 /Volumes/HadesGodBlue/CodeSook/codesook-glyph/duck/debug/artifacts/00129_04_grid_resized_coverage_dock2--pgf-2464ae06-f000005_png_terminal_preview.png
[1787303116918 #00130] grid.placement: source=dock2--pgf-2464ae06-f000005.png resized=36x64 offset=(14, 0)
[1787303116918 #00131] artifact: coverage 64x64 /Volumes/HadesGodBlue/CodeSook/codesook-glyph/duck/debug/artifacts/00131_05_grid_centered_coverage_dock2--pgf-2464ae06-f000005_png.png
[1787303116919 #00132] artifact: coverage-terminal 64x64 cell=1x2 /Volumes/HadesGodBlue/CodeSook/codesook-glyph/duck/debug/artifacts/00132_05_grid_centered_coverage_dock2--pgf-2464ae06-f000005_png_terminal_preview.png
[1787303116919 #00133] artifact: coverage 64x64 /Volumes/HadesGodBlue/CodeSook/codesook-glyph/duck/debug/artifacts/00133_06_grid_fitted_full_coverage_dock2--pgf-2464ae06-f000005_png.png
[1787303116919 #00134] artifact: coverage-terminal 64x64 cell=1x2 /Volumes/HadesGodBlue/CodeSook/codesook-glyph/duck/debug/artifacts/00134_06_grid_fitted_full_coverage_dock2--pgf-2464ae06-f000005_png_terminal_preview.png
[1787303116919 #00135] grid.done: source=dock2--pgf-2464ae06-f000005.png target=64x64
[1787303116919 #00136] artifact: coverage 32x64 /Volumes/HadesGodBlue/CodeSook/codesook-glyph/duck/debug/artifacts/00136_08_grid_tile_coverage_dock2--pgf-2464ae06-f000005_png_r1_c1_l.png
[1787303116920 #00137] artifact: coverage-terminal 32x64 cell=1x2 /Volumes/HadesGodBlue/CodeSook/codesook-glyph/duck/debug/artifacts/00137_08_grid_tile_coverage_dock2--pgf-2464ae06-f000005_png_r1_c1_l_terminal_preview.png
[1787303116920 #00138] grid.tile: source=dock2--pgf-2464ae06-f000005.png tile=(0,0) logical_col=0 half=l offset=(0, 0) size=32x64
[1787303116920 #00139] artifact: coverage 32x64 /Volumes/HadesGodBlue/CodeSook/codesook-glyph/duck/debug/artifacts/00139_08_grid_tile_coverage_dock2--pgf-2464ae06-f000005_png_r1_c1_r.png
[1787303116920 #00140] artifact: coverage-terminal 32x64 cell=1x2 /Volumes/HadesGodBlue/CodeSook/codesook-glyph/duck/debug/artifacts/00140_08_grid_tile_coverage_dock2--pgf-2464ae06-f000005_png_r1_c1_r_terminal_preview.png
[1787303116920 #00141] grid.tile: source=dock2--pgf-2464ae06-f000005.png tile=(0,1) logical_col=0 half=r offset=(32, 0) size=32x64
[1787303116920 #00142] artifact: coverage 64x64 /Volumes/HadesGodBlue/CodeSook/codesook-glyph/duck/debug/artifacts/00142_09_grid_tiles_assembled_dock2--pgf-2464ae06-f000005_png.png
[1787303116921 #00143] artifact: coverage-terminal 64x64 cell=1x2 /Volumes/HadesGodBlue/CodeSook/codesook-glyph/duck/debug/artifacts/00143_09_grid_tiles_assembled_dock2--pgf-2464ae06-f000005_png_terminal_preview.png
[1787303116921 #00144] artifact: coverage 64x64 /Volumes/HadesGodBlue/CodeSook/codesook-glyph/duck/debug/artifacts/00144_10_grid_tiles_assembled_bordered_dock2--pgf-2464ae06-f000005_png.png
[1787303116921 #00145] artifact: coverage-terminal 64x64 cell=1x2 /Volumes/HadesGodBlue/CodeSook/codesook-glyph/duck/debug/artifacts/00145_10_grid_tiles_assembled_bordered_dock2--pgf-2464ae06-f000005_png_terminal_preview.png
[1787303116921 #00146] grid.assembled: source=dock2--pgf-2464ae06-f000005.png logical=1x1 emitted=1x2 size=64x64
[1787303116921 #00147] source.done: source=dock2--pgf-2464ae06-f000005.png mode=compose
[1787303116921 #00148] source.begin: source=dock2--pgf-2464ae06-f000006.png path=/Volumes/HadesGodBlue/CodeSook/codesook-glyph/duck/images/dock2--pgf-2464ae06-f000006.png
[1787303116922 #00149] source.compose: source=dock2--pgf-2464ae06-f000006.png rows=1 cols=1
[1787303116922 #00150] grid.start: source=dock2--pgf-2464ae06-f000006.png rows=1 cols=2 glyph=32x64 fit=TrimContent
[1787303116923 #00151] artifact: rgba 360x360 /Volumes/HadesGodBlue/CodeSook/codesook-glyph/duck/debug/artifacts/00151_01_grid_input_rgba_dock2--pgf-2464ae06-f000006_png.png
[1787303116924 #00152] artifact: coverage 360x360 /Volumes/HadesGodBlue/CodeSook/codesook-glyph/duck/debug/artifacts/00152_02_grid_input_coverage_dock2--pgf-2464ae06-f000006_png.png
[1787303116924 #00153] artifact: coverage-terminal 360x360 cell=1x2 /Volumes/HadesGodBlue/CodeSook/codesook-glyph/duck/debug/artifacts/00153_02_grid_input_coverage_dock2--pgf-2464ae06-f000006_png_terminal_preview.png
[1787303116925 #00154] grid.bounds: source=dock2--pgf-2464ae06-f000006.png bounds=(80,32)->(245,323) crop=166x292 target=64x64
[1787303116925 #00155] artifact: coverage 166x292 /Volumes/HadesGodBlue/CodeSook/codesook-glyph/duck/debug/artifacts/00155_03_grid_fit_source_coverage_dock2--pgf-2464ae06-f000006_png.png
[1787303116925 #00156] artifact: coverage-terminal 166x292 cell=1x2 /Volumes/HadesGodBlue/CodeSook/codesook-glyph/duck/debug/artifacts/00156_03_grid_fit_source_coverage_dock2--pgf-2464ae06-f000006_png_terminal_preview.png
[1787303116926 #00157] artifact: coverage 36x64 /Volumes/HadesGodBlue/CodeSook/codesook-glyph/duck/debug/artifacts/00157_04_grid_resized_coverage_dock2--pgf-2464ae06-f000006_png.png
[1787303116926 #00158] artifact: coverage-terminal 36x64 cell=1x2 /Volumes/HadesGodBlue/CodeSook/codesook-glyph/duck/debug/artifacts/00158_04_grid_resized_coverage_dock2--pgf-2464ae06-f000006_png_terminal_preview.png
[1787303116926 #00159] grid.placement: source=dock2--pgf-2464ae06-f000006.png resized=36x64 offset=(14, 0)
[1787303116927 #00160] artifact: coverage 64x64 /Volumes/HadesGodBlue/CodeSook/codesook-glyph/duck/debug/artifacts/00160_05_grid_centered_coverage_dock2--pgf-2464ae06-f000006_png.png
[1787303116927 #00161] artifact: coverage-terminal 64x64 cell=1x2 /Volumes/HadesGodBlue/CodeSook/codesook-glyph/duck/debug/artifacts/00161_05_grid_centered_coverage_dock2--pgf-2464ae06-f000006_png_terminal_preview.png
[1787303116927 #00162] artifact: coverage 64x64 /Volumes/HadesGodBlue/CodeSook/codesook-glyph/duck/debug/artifacts/00162_06_grid_fitted_full_coverage_dock2--pgf-2464ae06-f000006_png.png
[1787303116928 #00163] artifact: coverage-terminal 64x64 cell=1x2 /Volumes/HadesGodBlue/CodeSook/codesook-glyph/duck/debug/artifacts/00163_06_grid_fitted_full_coverage_dock2--pgf-2464ae06-f000006_png_terminal_preview.png
[1787303116928 #00164] grid.done: source=dock2--pgf-2464ae06-f000006.png target=64x64
[1787303116928 #00165] artifact: coverage 32x64 /Volumes/HadesGodBlue/CodeSook/codesook-glyph/duck/debug/artifacts/00165_08_grid_tile_coverage_dock2--pgf-2464ae06-f000006_png_r1_c1_l.png
[1787303116928 #00166] artifact: coverage-terminal 32x64 cell=1x2 /Volumes/HadesGodBlue/CodeSook/codesook-glyph/duck/debug/artifacts/00166_08_grid_tile_coverage_dock2--pgf-2464ae06-f000006_png_r1_c1_l_terminal_preview.png
[1787303116928 #00167] grid.tile: source=dock2--pgf-2464ae06-f000006.png tile=(0,0) logical_col=0 half=l offset=(0, 0) size=32x64
[1787303116929 #00168] artifact: coverage 32x64 /Volumes/HadesGodBlue/CodeSook/codesook-glyph/duck/debug/artifacts/00168_08_grid_tile_coverage_dock2--pgf-2464ae06-f000006_png_r1_c1_r.png
[1787303116929 #00169] artifact: coverage-terminal 32x64 cell=1x2 /Volumes/HadesGodBlue/CodeSook/codesook-glyph/duck/debug/artifacts/00169_08_grid_tile_coverage_dock2--pgf-2464ae06-f000006_png_r1_c1_r_terminal_preview.png
[1787303116929 #00170] grid.tile: source=dock2--pgf-2464ae06-f000006.png tile=(0,1) logical_col=0 half=r offset=(32, 0) size=32x64
[1787303116930 #00171] artifact: coverage 64x64 /Volumes/HadesGodBlue/CodeSook/codesook-glyph/duck/debug/artifacts/00171_09_grid_tiles_assembled_dock2--pgf-2464ae06-f000006_png.png
[1787303116930 #00172] artifact: coverage-terminal 64x64 cell=1x2 /Volumes/HadesGodBlue/CodeSook/codesook-glyph/duck/debug/artifacts/00172_09_grid_tiles_assembled_dock2--pgf-2464ae06-f000006_png_terminal_preview.png
[1787303116930 #00173] artifact: coverage 64x64 /Volumes/HadesGodBlue/CodeSook/codesook-glyph/duck/debug/artifacts/00173_10_grid_tiles_assembled_bordered_dock2--pgf-2464ae06-f000006_png.png
[1787303116931 #00174] artifact: coverage-terminal 64x64 cell=1x2 /Volumes/HadesGodBlue/CodeSook/codesook-glyph/duck/debug/artifacts/00174_10_grid_tiles_assembled_bordered_dock2--pgf-2464ae06-f000006_png_terminal_preview.png
[1787303116931 #00175] grid.assembled: source=dock2--pgf-2464ae06-f000006.png logical=1x1 emitted=1x2 size=64x64
[1787303116931 #00176] source.done: source=dock2--pgf-2464ae06-f000006.png mode=compose
[1787303116931 #00177] source.begin: source=dock2--pgf-2464ae06-f000007.png path=/Volumes/HadesGodBlue/CodeSook/codesook-glyph/duck/images/dock2--pgf-2464ae06-f000007.png
[1787303116932 #00178] source.compose: source=dock2--pgf-2464ae06-f000007.png rows=1 cols=1
[1787303116932 #00179] grid.start: source=dock2--pgf-2464ae06-f000007.png rows=1 cols=2 glyph=32x64 fit=TrimContent
[1787303116933 #00180] artifact: rgba 360x360 /Volumes/HadesGodBlue/CodeSook/codesook-glyph/duck/debug/artifacts/00180_01_grid_input_rgba_dock2--pgf-2464ae06-f000007_png.png
[1787303116934 #00181] artifact: coverage 360x360 /Volumes/HadesGodBlue/CodeSook/codesook-glyph/duck/debug/artifacts/00181_02_grid_input_coverage_dock2--pgf-2464ae06-f000007_png.png
[1787303116935 #00182] artifact: coverage-terminal 360x360 cell=1x2 /Volumes/HadesGodBlue/CodeSook/codesook-glyph/duck/debug/artifacts/00182_02_grid_input_coverage_dock2--pgf-2464ae06-f000007_png_terminal_preview.png
[1787303116935 #00183] grid.bounds: source=dock2--pgf-2464ae06-f000007.png bounds=(86,29)->(263,311) crop=178x283 target=64x64
[1787303116936 #00184] artifact: coverage 178x283 /Volumes/HadesGodBlue/CodeSook/codesook-glyph/duck/debug/artifacts/00184_03_grid_fit_source_coverage_dock2--pgf-2464ae06-f000007_png.png
[1787303116936 #00185] artifact: coverage-terminal 178x283 cell=1x2 /Volumes/HadesGodBlue/CodeSook/codesook-glyph/duck/debug/artifacts/00185_03_grid_fit_source_coverage_dock2--pgf-2464ae06-f000007_png_terminal_preview.png
[1787303116937 #00186] artifact: coverage 40x64 /Volumes/HadesGodBlue/CodeSook/codesook-glyph/duck/debug/artifacts/00186_04_grid_resized_coverage_dock2--pgf-2464ae06-f000007_png.png
[1787303116937 #00187] artifact: coverage-terminal 40x64 cell=1x2 /Volumes/HadesGodBlue/CodeSook/codesook-glyph/duck/debug/artifacts/00187_04_grid_resized_coverage_dock2--pgf-2464ae06-f000007_png_terminal_preview.png
[1787303116937 #00188] grid.placement: source=dock2--pgf-2464ae06-f000007.png resized=40x64 offset=(12, 0)
[1787303116938 #00189] artifact: coverage 64x64 /Volumes/HadesGodBlue/CodeSook/codesook-glyph/duck/debug/artifacts/00189_05_grid_centered_coverage_dock2--pgf-2464ae06-f000007_png.png
[1787303116938 #00190] artifact: coverage-terminal 64x64 cell=1x2 /Volumes/HadesGodBlue/CodeSook/codesook-glyph/duck/debug/artifacts/00190_05_grid_centered_coverage_dock2--pgf-2464ae06-f000007_png_terminal_preview.png
[1787303116939 #00191] artifact: coverage 64x64 /Volumes/HadesGodBlue/CodeSook/codesook-glyph/duck/debug/artifacts/00191_06_grid_fitted_full_coverage_dock2--pgf-2464ae06-f000007_png.png
[1787303116939 #00192] artifact: coverage-terminal 64x64 cell=1x2 /Volumes/HadesGodBlue/CodeSook/codesook-glyph/duck/debug/artifacts/00192_06_grid_fitted_full_coverage_dock2--pgf-2464ae06-f000007_png_terminal_preview.png
[1787303116939 #00193] grid.done: source=dock2--pgf-2464ae06-f000007.png target=64x64
[1787303116939 #00194] artifact: coverage 32x64 /Volumes/HadesGodBlue/CodeSook/codesook-glyph/duck/debug/artifacts/00194_08_grid_tile_coverage_dock2--pgf-2464ae06-f000007_png_r1_c1_l.png
[1787303116940 #00195] artifact: coverage-terminal 32x64 cell=1x2 /Volumes/HadesGodBlue/CodeSook/codesook-glyph/duck/debug/artifacts/00195_08_grid_tile_coverage_dock2--pgf-2464ae06-f000007_png_r1_c1_l_terminal_preview.png
[1787303116940 #00196] grid.tile: source=dock2--pgf-2464ae06-f000007.png tile=(0,0) logical_col=0 half=l offset=(0, 0) size=32x64
[1787303116940 #00197] artifact: coverage 32x64 /Volumes/HadesGodBlue/CodeSook/codesook-glyph/duck/debug/artifacts/00197_08_grid_tile_coverage_dock2--pgf-2464ae06-f000007_png_r1_c1_r.png
[1787303116940 #00198] artifact: coverage-terminal 32x64 cell=1x2 /Volumes/HadesGodBlue/CodeSook/codesook-glyph/duck/debug/artifacts/00198_08_grid_tile_coverage_dock2--pgf-2464ae06-f000007_png_r1_c1_r_terminal_preview.png
[1787303116940 #00199] grid.tile: source=dock2--pgf-2464ae06-f000007.png tile=(0,1) logical_col=0 half=r offset=(32, 0) size=32x64
[1787303116940 #00200] artifact: coverage 64x64 /Volumes/HadesGodBlue/CodeSook/codesook-glyph/duck/debug/artifacts/00200_09_grid_tiles_assembled_dock2--pgf-2464ae06-f000007_png.png
[1787303116941 #00201] artifact: coverage-terminal 64x64 cell=1x2 /Volumes/HadesGodBlue/CodeSook/codesook-glyph/duck/debug/artifacts/00201_09_grid_tiles_assembled_dock2--pgf-2464ae06-f000007_png_terminal_preview.png
[1787303116941 #00202] artifact: coverage 64x64 /Volumes/HadesGodBlue/CodeSook/codesook-glyph/duck/debug/artifacts/00202_10_grid_tiles_assembled_bordered_dock2--pgf-2464ae06-f000007_png.png
[1787303116941 #00203] artifact: coverage-terminal 64x64 cell=1x2 /Volumes/HadesGodBlue/CodeSook/codesook-glyph/duck/debug/artifacts/00203_10_grid_tiles_assembled_bordered_dock2--pgf-2464ae06-f000007_png_terminal_preview.png
[1787303116941 #00204] grid.assembled: source=dock2--pgf-2464ae06-f000007.png logical=1x1 emitted=1x2 size=64x64
[1787303116941 #00205] source.done: source=dock2--pgf-2464ae06-f000007.png mode=compose
[1787303116941 #00206] source.begin: source=dock2--pgf-2464ae06-f000008.png path=/Volumes/HadesGodBlue/CodeSook/codesook-glyph/duck/images/dock2--pgf-2464ae06-f000008.png
[1787303116941 #00207] source.compose: source=dock2--pgf-2464ae06-f000008.png rows=1 cols=1
[1787303116942 #00208] grid.start: source=dock2--pgf-2464ae06-f000008.png rows=1 cols=2 glyph=32x64 fit=TrimContent
[1787303116943 #00209] artifact: rgba 360x360 /Volumes/HadesGodBlue/CodeSook/codesook-glyph/duck/debug/artifacts/00209_01_grid_input_rgba_dock2--pgf-2464ae06-f000008_png.png
[1787303116943 #00210] artifact: coverage 360x360 /Volumes/HadesGodBlue/CodeSook/codesook-glyph/duck/debug/artifacts/00210_02_grid_input_coverage_dock2--pgf-2464ae06-f000008_png.png
[1787303116944 #00211] artifact: coverage-terminal 360x360 cell=1x2 /Volumes/HadesGodBlue/CodeSook/codesook-glyph/duck/debug/artifacts/00211_02_grid_input_coverage_dock2--pgf-2464ae06-f000008_png_terminal_preview.png
[1787303116944 #00212] grid.bounds: source=dock2--pgf-2464ae06-f000008.png bounds=(98,27)->(255,313) crop=158x287 target=64x64
[1787303116944 #00213] artifact: coverage 158x287 /Volumes/HadesGodBlue/CodeSook/codesook-glyph/duck/debug/artifacts/00213_03_grid_fit_source_coverage_dock2--pgf-2464ae06-f000008_png.png
[1787303116945 #00214] artifact: coverage-terminal 158x287 cell=1x2 /Volumes/HadesGodBlue/CodeSook/codesook-glyph/duck/debug/artifacts/00214_03_grid_fit_source_coverage_dock2--pgf-2464ae06-f000008_png_terminal_preview.png
[1787303116945 #00215] artifact: coverage 35x64 /Volumes/HadesGodBlue/CodeSook/codesook-glyph/duck/debug/artifacts/00215_04_grid_resized_coverage_dock2--pgf-2464ae06-f000008_png.png
[1787303116945 #00216] artifact: coverage-terminal 35x64 cell=1x2 /Volumes/HadesGodBlue/CodeSook/codesook-glyph/duck/debug/artifacts/00216_04_grid_resized_coverage_dock2--pgf-2464ae06-f000008_png_terminal_preview.png
[1787303116946 #00217] grid.placement: source=dock2--pgf-2464ae06-f000008.png resized=35x64 offset=(14, 0)
[1787303116946 #00218] artifact: coverage 64x64 /Volumes/HadesGodBlue/CodeSook/codesook-glyph/duck/debug/artifacts/00218_05_grid_centered_coverage_dock2--pgf-2464ae06-f000008_png.png
[1787303116946 #00219] artifact: coverage-terminal 64x64 cell=1x2 /Volumes/HadesGodBlue/CodeSook/codesook-glyph/duck/debug/artifacts/00219_05_grid_centered_coverage_dock2--pgf-2464ae06-f000008_png_terminal_preview.png
[1787303116946 #00220] artifact: coverage 64x64 /Volumes/HadesGodBlue/CodeSook/codesook-glyph/duck/debug/artifacts/00220_06_grid_fitted_full_coverage_dock2--pgf-2464ae06-f000008_png.png
[1787303116946 #00221] artifact: coverage-terminal 64x64 cell=1x2 /Volumes/HadesGodBlue/CodeSook/codesook-glyph/duck/debug/artifacts/00221_06_grid_fitted_full_coverage_dock2--pgf-2464ae06-f000008_png_terminal_preview.png
[1787303116947 #00222] grid.done: source=dock2--pgf-2464ae06-f000008.png target=64x64
[1787303116947 #00223] artifact: coverage 32x64 /Volumes/HadesGodBlue/CodeSook/codesook-glyph/duck/debug/artifacts/00223_08_grid_tile_coverage_dock2--pgf-2464ae06-f000008_png_r1_c1_l.png
[1787303116947 #00224] artifact: coverage-terminal 32x64 cell=1x2 /Volumes/HadesGodBlue/CodeSook/codesook-glyph/duck/debug/artifacts/00224_08_grid_tile_coverage_dock2--pgf-2464ae06-f000008_png_r1_c1_l_terminal_preview.png
[1787303116947 #00225] grid.tile: source=dock2--pgf-2464ae06-f000008.png tile=(0,0) logical_col=0 half=l offset=(0, 0) size=32x64
[1787303116947 #00226] artifact: coverage 32x64 /Volumes/HadesGodBlue/CodeSook/codesook-glyph/duck/debug/artifacts/00226_08_grid_tile_coverage_dock2--pgf-2464ae06-f000008_png_r1_c1_r.png
[1787303116947 #00227] artifact: coverage-terminal 32x64 cell=1x2 /Volumes/HadesGodBlue/CodeSook/codesook-glyph/duck/debug/artifacts/00227_08_grid_tile_coverage_dock2--pgf-2464ae06-f000008_png_r1_c1_r_terminal_preview.png
[1787303116948 #00228] grid.tile: source=dock2--pgf-2464ae06-f000008.png tile=(0,1) logical_col=0 half=r offset=(32, 0) size=32x64
[1787303116948 #00229] artifact: coverage 64x64 /Volumes/HadesGodBlue/CodeSook/codesook-glyph/duck/debug/artifacts/00229_09_grid_tiles_assembled_dock2--pgf-2464ae06-f000008_png.png
[1787303116948 #00230] artifact: coverage-terminal 64x64 cell=1x2 /Volumes/HadesGodBlue/CodeSook/codesook-glyph/duck/debug/artifacts/00230_09_grid_tiles_assembled_dock2--pgf-2464ae06-f000008_png_terminal_preview.png
[1787303116948 #00231] artifact: coverage 64x64 /Volumes/HadesGodBlue/CodeSook/codesook-glyph/duck/debug/artifacts/00231_10_grid_tiles_assembled_bordered_dock2--pgf-2464ae06-f000008_png.png
[1787303116948 #00232] artifact: coverage-terminal 64x64 cell=1x2 /Volumes/HadesGodBlue/CodeSook/codesook-glyph/duck/debug/artifacts/00232_10_grid_tiles_assembled_bordered_dock2--pgf-2464ae06-f000008_png_terminal_preview.png
[1787303116948 #00233] grid.assembled: source=dock2--pgf-2464ae06-f000008.png logical=1x1 emitted=1x2 size=64x64
[1787303116949 #00234] source.done: source=dock2--pgf-2464ae06-f000008.png mode=compose
[1787303116949 #00235] source.begin: source=dock2--pgf-2464ae06-f000009.png path=/Volumes/HadesGodBlue/CodeSook/codesook-glyph/duck/images/dock2--pgf-2464ae06-f000009.png
[1787303116949 #00236] source.compose: source=dock2--pgf-2464ae06-f000009.png rows=1 cols=1
[1787303116949 #00237] grid.start: source=dock2--pgf-2464ae06-f000009.png rows=1 cols=2 glyph=32x64 fit=TrimContent
[1787303116950 #00238] artifact: rgba 360x360 /Volumes/HadesGodBlue/CodeSook/codesook-glyph/duck/debug/artifacts/00238_01_grid_input_rgba_dock2--pgf-2464ae06-f000009_png.png
[1787303116951 #00239] artifact: coverage 360x360 /Volumes/HadesGodBlue/CodeSook/codesook-glyph/duck/debug/artifacts/00239_02_grid_input_coverage_dock2--pgf-2464ae06-f000009_png.png
[1787303116952 #00240] artifact: coverage-terminal 360x360 cell=1x2 /Volumes/HadesGodBlue/CodeSook/codesook-glyph/duck/debug/artifacts/00240_02_grid_input_coverage_dock2--pgf-2464ae06-f000009_png_terminal_preview.png
[1787303116952 #00241] grid.bounds: source=dock2--pgf-2464ae06-f000009.png bounds=(95,30)->(265,313) crop=171x284 target=64x64
[1787303116952 #00242] artifact: coverage 171x284 /Volumes/HadesGodBlue/CodeSook/codesook-glyph/duck/debug/artifacts/00242_03_grid_fit_source_coverage_dock2--pgf-2464ae06-f000009_png.png
[1787303116953 #00243] artifact: coverage-terminal 171x284 cell=1x2 /Volumes/HadesGodBlue/CodeSook/codesook-glyph/duck/debug/artifacts/00243_03_grid_fit_source_coverage_dock2--pgf-2464ae06-f000009_png_terminal_preview.png
[1787303116953 #00244] artifact: coverage 39x64 /Volumes/HadesGodBlue/CodeSook/codesook-glyph/duck/debug/artifacts/00244_04_grid_resized_coverage_dock2--pgf-2464ae06-f000009_png.png
[1787303116954 #00245] artifact: coverage-terminal 39x64 cell=1x2 /Volumes/HadesGodBlue/CodeSook/codesook-glyph/duck/debug/artifacts/00245_04_grid_resized_coverage_dock2--pgf-2464ae06-f000009_png_terminal_preview.png
[1787303116954 #00246] grid.placement: source=dock2--pgf-2464ae06-f000009.png resized=39x64 offset=(12, 0)
[1787303116954 #00247] artifact: coverage 64x64 /Volumes/HadesGodBlue/CodeSook/codesook-glyph/duck/debug/artifacts/00247_05_grid_centered_coverage_dock2--pgf-2464ae06-f000009_png.png
[1787303116954 #00248] artifact: coverage-terminal 64x64 cell=1x2 /Volumes/HadesGodBlue/CodeSook/codesook-glyph/duck/debug/artifacts/00248_05_grid_centered_coverage_dock2--pgf-2464ae06-f000009_png_terminal_preview.png
[1787303116955 #00249] artifact: coverage 64x64 /Volumes/HadesGodBlue/CodeSook/codesook-glyph/duck/debug/artifacts/00249_06_grid_fitted_full_coverage_dock2--pgf-2464ae06-f000009_png.png
[1787303116955 #00250] artifact: coverage-terminal 64x64 cell=1x2 /Volumes/HadesGodBlue/CodeSook/codesook-glyph/duck/debug/artifacts/00250_06_grid_fitted_full_coverage_dock2--pgf-2464ae06-f000009_png_terminal_preview.png
[1787303116955 #00251] grid.done: source=dock2--pgf-2464ae06-f000009.png target=64x64
[1787303116955 #00252] artifact: coverage 32x64 /Volumes/HadesGodBlue/CodeSook/codesook-glyph/duck/debug/artifacts/00252_08_grid_tile_coverage_dock2--pgf-2464ae06-f000009_png_r1_c1_l.png
[1787303116956 #00253] artifact: coverage-terminal 32x64 cell=1x2 /Volumes/HadesGodBlue/CodeSook/codesook-glyph/duck/debug/artifacts/00253_08_grid_tile_coverage_dock2--pgf-2464ae06-f000009_png_r1_c1_l_terminal_preview.png
[1787303116956 #00254] grid.tile: source=dock2--pgf-2464ae06-f000009.png tile=(0,0) logical_col=0 half=l offset=(0, 0) size=32x64
[1787303116956 #00255] artifact: coverage 32x64 /Volumes/HadesGodBlue/CodeSook/codesook-glyph/duck/debug/artifacts/00255_08_grid_tile_coverage_dock2--pgf-2464ae06-f000009_png_r1_c1_r.png
[1787303116956 #00256] artifact: coverage-terminal 32x64 cell=1x2 /Volumes/HadesGodBlue/CodeSook/codesook-glyph/duck/debug/artifacts/00256_08_grid_tile_coverage_dock2--pgf-2464ae06-f000009_png_r1_c1_r_terminal_preview.png
[1787303116957 #00257] grid.tile: source=dock2--pgf-2464ae06-f000009.png tile=(0,1) logical_col=0 half=r offset=(32, 0) size=32x64
[1787303116957 #00258] artifact: coverage 64x64 /Volumes/HadesGodBlue/CodeSook/codesook-glyph/duck/debug/artifacts/00258_09_grid_tiles_assembled_dock2--pgf-2464ae06-f000009_png.png
[1787303116957 #00259] artifact: coverage-terminal 64x64 cell=1x2 /Volumes/HadesGodBlue/CodeSook/codesook-glyph/duck/debug/artifacts/00259_09_grid_tiles_assembled_dock2--pgf-2464ae06-f000009_png_terminal_preview.png
[1787303116957 #00260] artifact: coverage 64x64 /Volumes/HadesGodBlue/CodeSook/codesook-glyph/duck/debug/artifacts/00260_10_grid_tiles_assembled_bordered_dock2--pgf-2464ae06-f000009_png.png
[1787303116958 #00261] artifact: coverage-terminal 64x64 cell=1x2 /Volumes/HadesGodBlue/CodeSook/codesook-glyph/duck/debug/artifacts/00261_10_grid_tiles_assembled_bordered_dock2--pgf-2464ae06-f000009_png_terminal_preview.png
[1787303116958 #00262] grid.assembled: source=dock2--pgf-2464ae06-f000009.png logical=1x1 emitted=1x2 size=64x64
[1787303116958 #00263] source.done: source=dock2--pgf-2464ae06-f000009.png mode=compose
[1787303116958 #00264] source.begin: source=dock2--pgf-2464ae06-f000010.png path=/Volumes/HadesGodBlue/CodeSook/codesook-glyph/duck/images/dock2--pgf-2464ae06-f000010.png
[1787303116959 #00265] source.compose: source=dock2--pgf-2464ae06-f000010.png rows=1 cols=1
[1787303116959 #00266] grid.start: source=dock2--pgf-2464ae06-f000010.png rows=1 cols=2 glyph=32x64 fit=TrimContent
[1787303116960 #00267] artifact: rgba 360x360 /Volumes/HadesGodBlue/CodeSook/codesook-glyph/duck/debug/artifacts/00267_01_grid_input_rgba_dock2--pgf-2464ae06-f000010_png.png
[1787303116961 #00268] artifact: coverage 360x360 /Volumes/HadesGodBlue/CodeSook/codesook-glyph/duck/debug/artifacts/00268_02_grid_input_coverage_dock2--pgf-2464ae06-f000010_png.png
[1787303116962 #00269] artifact: coverage-terminal 360x360 cell=1x2 /Volumes/HadesGodBlue/CodeSook/codesook-glyph/duck/debug/artifacts/00269_02_grid_input_coverage_dock2--pgf-2464ae06-f000010_png_terminal_preview.png
[1787303116962 #00270] grid.bounds: source=dock2--pgf-2464ae06-f000010.png bounds=(95,33)->(265,319) crop=171x287 target=64x64
[1787303116963 #00271] artifact: coverage 171x287 /Volumes/HadesGodBlue/CodeSook/codesook-glyph/duck/debug/artifacts/00271_03_grid_fit_source_coverage_dock2--pgf-2464ae06-f000010_png.png
[1787303116963 #00272] artifact: coverage-terminal 171x287 cell=1x2 /Volumes/HadesGodBlue/CodeSook/codesook-glyph/duck/debug/artifacts/00272_03_grid_fit_source_coverage_dock2--pgf-2464ae06-f000010_png_terminal_preview.png
[1787303116964 #00273] artifact: coverage 38x64 /Volumes/HadesGodBlue/CodeSook/codesook-glyph/duck/debug/artifacts/00273_04_grid_resized_coverage_dock2--pgf-2464ae06-f000010_png.png
[1787303116964 #00274] artifact: coverage-terminal 38x64 cell=1x2 /Volumes/HadesGodBlue/CodeSook/codesook-glyph/duck/debug/artifacts/00274_04_grid_resized_coverage_dock2--pgf-2464ae06-f000010_png_terminal_preview.png
[1787303116965 #00275] grid.placement: source=dock2--pgf-2464ae06-f000010.png resized=38x64 offset=(13, 0)
[1787303116965 #00276] artifact: coverage 64x64 /Volumes/HadesGodBlue/CodeSook/codesook-glyph/duck/debug/artifacts/00276_05_grid_centered_coverage_dock2--pgf-2464ae06-f000010_png.png
[1787303116965 #00277] artifact: coverage-terminal 64x64 cell=1x2 /Volumes/HadesGodBlue/CodeSook/codesook-glyph/duck/debug/artifacts/00277_05_grid_centered_coverage_dock2--pgf-2464ae06-f000010_png_terminal_preview.png
[1787303116966 #00278] artifact: coverage 64x64 /Volumes/HadesGodBlue/CodeSook/codesook-glyph/duck/debug/artifacts/00278_06_grid_fitted_full_coverage_dock2--pgf-2464ae06-f000010_png.png
[1787303116966 #00279] artifact: coverage-terminal 64x64 cell=1x2 /Volumes/HadesGodBlue/CodeSook/codesook-glyph/duck/debug/artifacts/00279_06_grid_fitted_full_coverage_dock2--pgf-2464ae06-f000010_png_terminal_preview.png
[1787303116966 #00280] grid.done: source=dock2--pgf-2464ae06-f000010.png target=64x64
[1787303116966 #00281] artifact: coverage 32x64 /Volumes/HadesGodBlue/CodeSook/codesook-glyph/duck/debug/artifacts/00281_08_grid_tile_coverage_dock2--pgf-2464ae06-f000010_png_r1_c1_l.png
[1787303116967 #00282] artifact: coverage-terminal 32x64 cell=1x2 /Volumes/HadesGodBlue/CodeSook/codesook-glyph/duck/debug/artifacts/00282_08_grid_tile_coverage_dock2--pgf-2464ae06-f000010_png_r1_c1_l_terminal_preview.png
[1787303116967 #00283] grid.tile: source=dock2--pgf-2464ae06-f000010.png tile=(0,0) logical_col=0 half=l offset=(0, 0) size=32x64
[1787303116967 #00284] artifact: coverage 32x64 /Volumes/HadesGodBlue/CodeSook/codesook-glyph/duck/debug/artifacts/00284_08_grid_tile_coverage_dock2--pgf-2464ae06-f000010_png_r1_c1_r.png
[1787303116968 #00285] artifact: coverage-terminal 32x64 cell=1x2 /Volumes/HadesGodBlue/CodeSook/codesook-glyph/duck/debug/artifacts/00285_08_grid_tile_coverage_dock2--pgf-2464ae06-f000010_png_r1_c1_r_terminal_preview.png
[1787303116968 #00286] grid.tile: source=dock2--pgf-2464ae06-f000010.png tile=(0,1) logical_col=0 half=r offset=(32, 0) size=32x64
[1787303116968 #00287] artifact: coverage 64x64 /Volumes/HadesGodBlue/CodeSook/codesook-glyph/duck/debug/artifacts/00287_09_grid_tiles_assembled_dock2--pgf-2464ae06-f000010_png.png
[1787303116969 #00288] artifact: coverage-terminal 64x64 cell=1x2 /Volumes/HadesGodBlue/CodeSook/codesook-glyph/duck/debug/artifacts/00288_09_grid_tiles_assembled_dock2--pgf-2464ae06-f000010_png_terminal_preview.png
[1787303116969 #00289] artifact: coverage 64x64 /Volumes/HadesGodBlue/CodeSook/codesook-glyph/duck/debug/artifacts/00289_10_grid_tiles_assembled_bordered_dock2--pgf-2464ae06-f000010_png.png
[1787303116969 #00290] artifact: coverage-terminal 64x64 cell=1x2 /Volumes/HadesGodBlue/CodeSook/codesook-glyph/duck/debug/artifacts/00290_10_grid_tiles_assembled_bordered_dock2--pgf-2464ae06-f000010_png_terminal_preview.png
[1787303116969 #00291] grid.assembled: source=dock2--pgf-2464ae06-f000010.png logical=1x1 emitted=1x2 size=64x64
[1787303116969 #00292] source.done: source=dock2--pgf-2464ae06-f000010.png mode=compose
[1787303116969 #00293] source.begin: source=dock2--pgf-2464ae06-f000011.png path=/Volumes/HadesGodBlue/CodeSook/codesook-glyph/duck/images/dock2--pgf-2464ae06-f000011.png
[1787303116969 #00294] source.compose: source=dock2--pgf-2464ae06-f000011.png rows=1 cols=1
[1787303116970 #00295] grid.start: source=dock2--pgf-2464ae06-f000011.png rows=1 cols=2 glyph=32x64 fit=TrimContent
[1787303116971 #00296] artifact: rgba 360x360 /Volumes/HadesGodBlue/CodeSook/codesook-glyph/duck/debug/artifacts/00296_01_grid_input_rgba_dock2--pgf-2464ae06-f000011_png.png
[1787303116971 #00297] artifact: coverage 360x360 /Volumes/HadesGodBlue/CodeSook/codesook-glyph/duck/debug/artifacts/00297_02_grid_input_coverage_dock2--pgf-2464ae06-f000011_png.png
[1787303116972 #00298] artifact: coverage-terminal 360x360 cell=1x2 /Volumes/HadesGodBlue/CodeSook/codesook-glyph/duck/debug/artifacts/00298_02_grid_input_coverage_dock2--pgf-2464ae06-f000011_png_terminal_preview.png
[1787303116972 #00299] grid.bounds: source=dock2--pgf-2464ae06-f000011.png bounds=(95,33)->(266,323) crop=172x291 target=64x64
[1787303116973 #00300] artifact: coverage 172x291 /Volumes/HadesGodBlue/CodeSook/codesook-glyph/duck/debug/artifacts/00300_03_grid_fit_source_coverage_dock2--pgf-2464ae06-f000011_png.png
[1787303116973 #00301] artifact: coverage-terminal 172x291 cell=1x2 /Volumes/HadesGodBlue/CodeSook/codesook-glyph/duck/debug/artifacts/00301_03_grid_fit_source_coverage_dock2--pgf-2464ae06-f000011_png_terminal_preview.png
[1787303116973 #00302] artifact: coverage 38x64 /Volumes/HadesGodBlue/CodeSook/codesook-glyph/duck/debug/artifacts/00302_04_grid_resized_coverage_dock2--pgf-2464ae06-f000011_png.png
[1787303116974 #00303] artifact: coverage-terminal 38x64 cell=1x2 /Volumes/HadesGodBlue/CodeSook/codesook-glyph/duck/debug/artifacts/00303_04_grid_resized_coverage_dock2--pgf-2464ae06-f000011_png_terminal_preview.png
[1787303116974 #00304] grid.placement: source=dock2--pgf-2464ae06-f000011.png resized=38x64 offset=(13, 0)
[1787303116974 #00305] artifact: coverage 64x64 /Volumes/HadesGodBlue/CodeSook/codesook-glyph/duck/debug/artifacts/00305_05_grid_centered_coverage_dock2--pgf-2464ae06-f000011_png.png
[1787303116974 #00306] artifact: coverage-terminal 64x64 cell=1x2 /Volumes/HadesGodBlue/CodeSook/codesook-glyph/duck/debug/artifacts/00306_05_grid_centered_coverage_dock2--pgf-2464ae06-f000011_png_terminal_preview.png
[1787303116974 #00307] artifact: coverage 64x64 /Volumes/HadesGodBlue/CodeSook/codesook-glyph/duck/debug/artifacts/00307_06_grid_fitted_full_coverage_dock2--pgf-2464ae06-f000011_png.png
[1787303116974 #00308] artifact: coverage-terminal 64x64 cell=1x2 /Volumes/HadesGodBlue/CodeSook/codesook-glyph/duck/debug/artifacts/00308_06_grid_fitted_full_coverage_dock2--pgf-2464ae06-f000011_png_terminal_preview.png
[1787303116974 #00309] grid.done: source=dock2--pgf-2464ae06-f000011.png target=64x64
[1787303116975 #00310] artifact: coverage 32x64 /Volumes/HadesGodBlue/CodeSook/codesook-glyph/duck/debug/artifacts/00310_08_grid_tile_coverage_dock2--pgf-2464ae06-f000011_png_r1_c1_l.png
[1787303116975 #00311] artifact: coverage-terminal 32x64 cell=1x2 /Volumes/HadesGodBlue/CodeSook/codesook-glyph/duck/debug/artifacts/00311_08_grid_tile_coverage_dock2--pgf-2464ae06-f000011_png_r1_c1_l_terminal_preview.png
[1787303116975 #00312] grid.tile: source=dock2--pgf-2464ae06-f000011.png tile=(0,0) logical_col=0 half=l offset=(0, 0) size=32x64
[1787303116975 #00313] artifact: coverage 32x64 /Volumes/HadesGodBlue/CodeSook/codesook-glyph/duck/debug/artifacts/00313_08_grid_tile_coverage_dock2--pgf-2464ae06-f000011_png_r1_c1_r.png
[1787303116975 #00314] artifact: coverage-terminal 32x64 cell=1x2 /Volumes/HadesGodBlue/CodeSook/codesook-glyph/duck/debug/artifacts/00314_08_grid_tile_coverage_dock2--pgf-2464ae06-f000011_png_r1_c1_r_terminal_preview.png
[1787303116975 #00315] grid.tile: source=dock2--pgf-2464ae06-f000011.png tile=(0,1) logical_col=0 half=r offset=(32, 0) size=32x64
[1787303116976 #00316] artifact: coverage 64x64 /Volumes/HadesGodBlue/CodeSook/codesook-glyph/duck/debug/artifacts/00316_09_grid_tiles_assembled_dock2--pgf-2464ae06-f000011_png.png
[1787303116976 #00317] artifact: coverage-terminal 64x64 cell=1x2 /Volumes/HadesGodBlue/CodeSook/codesook-glyph/duck/debug/artifacts/00317_09_grid_tiles_assembled_dock2--pgf-2464ae06-f000011_png_terminal_preview.png
[1787303116976 #00318] artifact: coverage 64x64 /Volumes/HadesGodBlue/CodeSook/codesook-glyph/duck/debug/artifacts/00318_10_grid_tiles_assembled_bordered_dock2--pgf-2464ae06-f000011_png.png
[1787303116976 #00319] artifact: coverage-terminal 64x64 cell=1x2 /Volumes/HadesGodBlue/CodeSook/codesook-glyph/duck/debug/artifacts/00319_10_grid_tiles_assembled_bordered_dock2--pgf-2464ae06-f000011_png_terminal_preview.png
[1787303116976 #00320] grid.assembled: source=dock2--pgf-2464ae06-f000011.png logical=1x1 emitted=1x2 size=64x64
[1787303116976 #00321] source.done: source=dock2--pgf-2464ae06-f000011.png mode=compose
[1787303116977 #00322] source.begin: source=dock2--pgf-2464ae06-f000012.png path=/Volumes/HadesGodBlue/CodeSook/codesook-glyph/duck/images/dock2--pgf-2464ae06-f000012.png
[1787303116977 #00323] source.compose: source=dock2--pgf-2464ae06-f000012.png rows=1 cols=1
[1787303116977 #00324] grid.start: source=dock2--pgf-2464ae06-f000012.png rows=1 cols=2 glyph=32x64 fit=TrimContent
[1787303116978 #00325] artifact: rgba 360x360 /Volumes/HadesGodBlue/CodeSook/codesook-glyph/duck/debug/artifacts/00325_01_grid_input_rgba_dock2--pgf-2464ae06-f000012_png.png
[1787303116979 #00326] artifact: coverage 360x360 /Volumes/HadesGodBlue/CodeSook/codesook-glyph/duck/debug/artifacts/00326_02_grid_input_coverage_dock2--pgf-2464ae06-f000012_png.png
[1787303116979 #00327] artifact: coverage-terminal 360x360 cell=1x2 /Volumes/HadesGodBlue/CodeSook/codesook-glyph/duck/debug/artifacts/00327_02_grid_input_coverage_dock2--pgf-2464ae06-f000012_png_terminal_preview.png
[1787303116979 #00328] grid.bounds: source=dock2--pgf-2464ae06-f000012.png bounds=(75,31)->(235,317) crop=161x287 target=64x64
[1787303116980 #00329] artifact: coverage 161x287 /Volumes/HadesGodBlue/CodeSook/codesook-glyph/duck/debug/artifacts/00329_03_grid_fit_source_coverage_dock2--pgf-2464ae06-f000012_png.png
[1787303116980 #00330] artifact: coverage-terminal 161x287 cell=1x2 /Volumes/HadesGodBlue/CodeSook/codesook-glyph/duck/debug/artifacts/00330_03_grid_fit_source_coverage_dock2--pgf-2464ae06-f000012_png_terminal_preview.png
[1787303116981 #00331] artifact: coverage 36x64 /Volumes/HadesGodBlue/CodeSook/codesook-glyph/duck/debug/artifacts/00331_04_grid_resized_coverage_dock2--pgf-2464ae06-f000012_png.png
[1787303116981 #00332] artifact: coverage-terminal 36x64 cell=1x2 /Volumes/HadesGodBlue/CodeSook/codesook-glyph/duck/debug/artifacts/00332_04_grid_resized_coverage_dock2--pgf-2464ae06-f000012_png_terminal_preview.png
[1787303116981 #00333] grid.placement: source=dock2--pgf-2464ae06-f000012.png resized=36x64 offset=(14, 0)
[1787303116981 #00334] artifact: coverage 64x64 /Volumes/HadesGodBlue/CodeSook/codesook-glyph/duck/debug/artifacts/00334_05_grid_centered_coverage_dock2--pgf-2464ae06-f000012_png.png
[1787303116981 #00335] artifact: coverage-terminal 64x64 cell=1x2 /Volumes/HadesGodBlue/CodeSook/codesook-glyph/duck/debug/artifacts/00335_05_grid_centered_coverage_dock2--pgf-2464ae06-f000012_png_terminal_preview.png
[1787303116981 #00336] artifact: coverage 64x64 /Volumes/HadesGodBlue/CodeSook/codesook-glyph/duck/debug/artifacts/00336_06_grid_fitted_full_coverage_dock2--pgf-2464ae06-f000012_png.png
[1787303116982 #00337] artifact: coverage-terminal 64x64 cell=1x2 /Volumes/HadesGodBlue/CodeSook/codesook-glyph/duck/debug/artifacts/00337_06_grid_fitted_full_coverage_dock2--pgf-2464ae06-f000012_png_terminal_preview.png
[1787303116982 #00338] grid.done: source=dock2--pgf-2464ae06-f000012.png target=64x64
[1787303116982 #00339] artifact: coverage 32x64 /Volumes/HadesGodBlue/CodeSook/codesook-glyph/duck/debug/artifacts/00339_08_grid_tile_coverage_dock2--pgf-2464ae06-f000012_png_r1_c1_l.png
[1787303116982 #00340] artifact: coverage-terminal 32x64 cell=1x2 /Volumes/HadesGodBlue/CodeSook/codesook-glyph/duck/debug/artifacts/00340_08_grid_tile_coverage_dock2--pgf-2464ae06-f000012_png_r1_c1_l_terminal_preview.png
[1787303116982 #00341] grid.tile: source=dock2--pgf-2464ae06-f000012.png tile=(0,0) logical_col=0 half=l offset=(0, 0) size=32x64
[1787303116982 #00342] artifact: coverage 32x64 /Volumes/HadesGodBlue/CodeSook/codesook-glyph/duck/debug/artifacts/00342_08_grid_tile_coverage_dock2--pgf-2464ae06-f000012_png_r1_c1_r.png
[1787303116983 #00343] artifact: coverage-terminal 32x64 cell=1x2 /Volumes/HadesGodBlue/CodeSook/codesook-glyph/duck/debug/artifacts/00343_08_grid_tile_coverage_dock2--pgf-2464ae06-f000012_png_r1_c1_r_terminal_preview.png
[1787303116983 #00344] grid.tile: source=dock2--pgf-2464ae06-f000012.png tile=(0,1) logical_col=0 half=r offset=(32, 0) size=32x64
[1787303116983 #00345] artifact: coverage 64x64 /Volumes/HadesGodBlue/CodeSook/codesook-glyph/duck/debug/artifacts/00345_09_grid_tiles_assembled_dock2--pgf-2464ae06-f000012_png.png
[1787303116983 #00346] artifact: coverage-terminal 64x64 cell=1x2 /Volumes/HadesGodBlue/CodeSook/codesook-glyph/duck/debug/artifacts/00346_09_grid_tiles_assembled_dock2--pgf-2464ae06-f000012_png_terminal_preview.png
[1787303116983 #00347] artifact: coverage 64x64 /Volumes/HadesGodBlue/CodeSook/codesook-glyph/duck/debug/artifacts/00347_10_grid_tiles_assembled_bordered_dock2--pgf-2464ae06-f000012_png.png
[1787303116983 #00348] artifact: coverage-terminal 64x64 cell=1x2 /Volumes/HadesGodBlue/CodeSook/codesook-glyph/duck/debug/artifacts/00348_10_grid_tiles_assembled_bordered_dock2--pgf-2464ae06-f000012_png_terminal_preview.png
[1787303116983 #00349] grid.assembled: source=dock2--pgf-2464ae06-f000012.png logical=1x1 emitted=1x2 size=64x64
[1787303116984 #00350] source.done: source=dock2--pgf-2464ae06-f000012.png mode=compose
[1787303116984 #00351] source.begin: source=dock2--pgf-2464ae06-f000013.png path=/Volumes/HadesGodBlue/CodeSook/codesook-glyph/duck/images/dock2--pgf-2464ae06-f000013.png
[1787303116984 #00352] source.compose: source=dock2--pgf-2464ae06-f000013.png rows=1 cols=1
[1787303116984 #00353] grid.start: source=dock2--pgf-2464ae06-f000013.png rows=1 cols=2 glyph=32x64 fit=TrimContent
[1787303116985 #00354] artifact: rgba 360x360 /Volumes/HadesGodBlue/CodeSook/codesook-glyph/duck/debug/artifacts/00354_01_grid_input_rgba_dock2--pgf-2464ae06-f000013_png.png
[1787303116986 #00355] artifact: coverage 360x360 /Volumes/HadesGodBlue/CodeSook/codesook-glyph/duck/debug/artifacts/00355_02_grid_input_coverage_dock2--pgf-2464ae06-f000013_png.png
[1787303116986 #00356] artifact: coverage-terminal 360x360 cell=1x2 /Volumes/HadesGodBlue/CodeSook/codesook-glyph/duck/debug/artifacts/00356_02_grid_input_coverage_dock2--pgf-2464ae06-f000013_png_terminal_preview.png
[1787303116987 #00357] grid.bounds: source=dock2--pgf-2464ae06-f000013.png bounds=(76,34)->(237,319) crop=162x286 target=64x64
[1787303116987 #00358] artifact: coverage 162x286 /Volumes/HadesGodBlue/CodeSook/codesook-glyph/duck/debug/artifacts/00358_03_grid_fit_source_coverage_dock2--pgf-2464ae06-f000013_png.png
[1787303116987 #00359] artifact: coverage-terminal 162x286 cell=1x2 /Volumes/HadesGodBlue/CodeSook/codesook-glyph/duck/debug/artifacts/00359_03_grid_fit_source_coverage_dock2--pgf-2464ae06-f000013_png_terminal_preview.png
[1787303116988 #00360] artifact: coverage 36x64 /Volumes/HadesGodBlue/CodeSook/codesook-glyph/duck/debug/artifacts/00360_04_grid_resized_coverage_dock2--pgf-2464ae06-f000013_png.png
[1787303116988 #00361] artifact: coverage-terminal 36x64 cell=1x2 /Volumes/HadesGodBlue/CodeSook/codesook-glyph/duck/debug/artifacts/00361_04_grid_resized_coverage_dock2--pgf-2464ae06-f000013_png_terminal_preview.png
[1787303116988 #00362] grid.placement: source=dock2--pgf-2464ae06-f000013.png resized=36x64 offset=(14, 0)
[1787303116989 #00363] artifact: coverage 64x64 /Volumes/HadesGodBlue/CodeSook/codesook-glyph/duck/debug/artifacts/00363_05_grid_centered_coverage_dock2--pgf-2464ae06-f000013_png.png
[1787303116989 #00364] artifact: coverage-terminal 64x64 cell=1x2 /Volumes/HadesGodBlue/CodeSook/codesook-glyph/duck/debug/artifacts/00364_05_grid_centered_coverage_dock2--pgf-2464ae06-f000013_png_terminal_preview.png
[1787303116989 #00365] artifact: coverage 64x64 /Volumes/HadesGodBlue/CodeSook/codesook-glyph/duck/debug/artifacts/00365_06_grid_fitted_full_coverage_dock2--pgf-2464ae06-f000013_png.png
[1787303116989 #00366] artifact: coverage-terminal 64x64 cell=1x2 /Volumes/HadesGodBlue/CodeSook/codesook-glyph/duck/debug/artifacts/00366_06_grid_fitted_full_coverage_dock2--pgf-2464ae06-f000013_png_terminal_preview.png
[1787303116990 #00367] grid.done: source=dock2--pgf-2464ae06-f000013.png target=64x64
[1787303116990 #00368] artifact: coverage 32x64 /Volumes/HadesGodBlue/CodeSook/codesook-glyph/duck/debug/artifacts/00368_08_grid_tile_coverage_dock2--pgf-2464ae06-f000013_png_r1_c1_l.png
[1787303116990 #00369] artifact: coverage-terminal 32x64 cell=1x2 /Volumes/HadesGodBlue/CodeSook/codesook-glyph/duck/debug/artifacts/00369_08_grid_tile_coverage_dock2--pgf-2464ae06-f000013_png_r1_c1_l_terminal_preview.png
[1787303116990 #00370] grid.tile: source=dock2--pgf-2464ae06-f000013.png tile=(0,0) logical_col=0 half=l offset=(0, 0) size=32x64
[1787303116990 #00371] artifact: coverage 32x64 /Volumes/HadesGodBlue/CodeSook/codesook-glyph/duck/debug/artifacts/00371_08_grid_tile_coverage_dock2--pgf-2464ae06-f000013_png_r1_c1_r.png
[1787303116991 #00372] artifact: coverage-terminal 32x64 cell=1x2 /Volumes/HadesGodBlue/CodeSook/codesook-glyph/duck/debug/artifacts/00372_08_grid_tile_coverage_dock2--pgf-2464ae06-f000013_png_r1_c1_r_terminal_preview.png
[1787303116991 #00373] grid.tile: source=dock2--pgf-2464ae06-f000013.png tile=(0,1) logical_col=0 half=r offset=(32, 0) size=32x64
[1787303116991 #00374] artifact: coverage 64x64 /Volumes/HadesGodBlue/CodeSook/codesook-glyph/duck/debug/artifacts/00374_09_grid_tiles_assembled_dock2--pgf-2464ae06-f000013_png.png
[1787303116991 #00375] artifact: coverage-terminal 64x64 cell=1x2 /Volumes/HadesGodBlue/CodeSook/codesook-glyph/duck/debug/artifacts/00375_09_grid_tiles_assembled_dock2--pgf-2464ae06-f000013_png_terminal_preview.png
[1787303116992 #00376] artifact: coverage 64x64 /Volumes/HadesGodBlue/CodeSook/codesook-glyph/duck/debug/artifacts/00376_10_grid_tiles_assembled_bordered_dock2--pgf-2464ae06-f000013_png.png
[1787303116992 #00377] artifact: coverage-terminal 64x64 cell=1x2 /Volumes/HadesGodBlue/CodeSook/codesook-glyph/duck/debug/artifacts/00377_10_grid_tiles_assembled_bordered_dock2--pgf-2464ae06-f000013_png_terminal_preview.png
[1787303116992 #00378] grid.assembled: source=dock2--pgf-2464ae06-f000013.png logical=1x1 emitted=1x2 size=64x64
[1787303116992 #00379] source.done: source=dock2--pgf-2464ae06-f000013.png mode=compose
[1787303116992 #00380] source.begin: source=dock2--pgf-2464ae06-f000014.png path=/Volumes/HadesGodBlue/CodeSook/codesook-glyph/duck/images/dock2--pgf-2464ae06-f000014.png
[1787303116993 #00381] source.compose: source=dock2--pgf-2464ae06-f000014.png rows=1 cols=1
[1787303116993 #00382] grid.start: source=dock2--pgf-2464ae06-f000014.png rows=1 cols=2 glyph=32x64 fit=TrimContent
[1787303116994 #00383] artifact: rgba 360x360 /Volumes/HadesGodBlue/CodeSook/codesook-glyph/duck/debug/artifacts/00383_01_grid_input_rgba_dock2--pgf-2464ae06-f000014_png.png
[1787303116995 #00384] artifact: coverage 360x360 /Volumes/HadesGodBlue/CodeSook/codesook-glyph/duck/debug/artifacts/00384_02_grid_input_coverage_dock2--pgf-2464ae06-f000014_png.png
[1787303116995 #00385] artifact: coverage-terminal 360x360 cell=1x2 /Volumes/HadesGodBlue/CodeSook/codesook-glyph/duck/debug/artifacts/00385_02_grid_input_coverage_dock2--pgf-2464ae06-f000014_png_terminal_preview.png
[1787303116995 #00386] grid.bounds: source=dock2--pgf-2464ae06-f000014.png bounds=(80,32)->(245,323) crop=166x292 target=64x64
[1787303116996 #00387] artifact: coverage 166x292 /Volumes/HadesGodBlue/CodeSook/codesook-glyph/duck/debug/artifacts/00387_03_grid_fit_source_coverage_dock2--pgf-2464ae06-f000014_png.png
[1787303116996 #00388] artifact: coverage-terminal 166x292 cell=1x2 /Volumes/HadesGodBlue/CodeSook/codesook-glyph/duck/debug/artifacts/00388_03_grid_fit_source_coverage_dock2--pgf-2464ae06-f000014_png_terminal_preview.png
[1787303116996 #00389] artifact: coverage 36x64 /Volumes/HadesGodBlue/CodeSook/codesook-glyph/duck/debug/artifacts/00389_04_grid_resized_coverage_dock2--pgf-2464ae06-f000014_png.png
[1787303116997 #00390] artifact: coverage-terminal 36x64 cell=1x2 /Volumes/HadesGodBlue/CodeSook/codesook-glyph/duck/debug/artifacts/00390_04_grid_resized_coverage_dock2--pgf-2464ae06-f000014_png_terminal_preview.png
[1787303116997 #00391] grid.placement: source=dock2--pgf-2464ae06-f000014.png resized=36x64 offset=(14, 0)
[1787303116997 #00392] artifact: coverage 64x64 /Volumes/HadesGodBlue/CodeSook/codesook-glyph/duck/debug/artifacts/00392_05_grid_centered_coverage_dock2--pgf-2464ae06-f000014_png.png
[1787303116997 #00393] artifact: coverage-terminal 64x64 cell=1x2 /Volumes/HadesGodBlue/CodeSook/codesook-glyph/duck/debug/artifacts/00393_05_grid_centered_coverage_dock2--pgf-2464ae06-f000014_png_terminal_preview.png
[1787303116997 #00394] artifact: coverage 64x64 /Volumes/HadesGodBlue/CodeSook/codesook-glyph/duck/debug/artifacts/00394_06_grid_fitted_full_coverage_dock2--pgf-2464ae06-f000014_png.png
[1787303116997 #00395] artifact: coverage-terminal 64x64 cell=1x2 /Volumes/HadesGodBlue/CodeSook/codesook-glyph/duck/debug/artifacts/00395_06_grid_fitted_full_coverage_dock2--pgf-2464ae06-f000014_png_terminal_preview.png
[1787303116997 #00396] grid.done: source=dock2--pgf-2464ae06-f000014.png target=64x64
[1787303116998 #00397] artifact: coverage 32x64 /Volumes/HadesGodBlue/CodeSook/codesook-glyph/duck/debug/artifacts/00397_08_grid_tile_coverage_dock2--pgf-2464ae06-f000014_png_r1_c1_l.png
[1787303116998 #00398] artifact: coverage-terminal 32x64 cell=1x2 /Volumes/HadesGodBlue/CodeSook/codesook-glyph/duck/debug/artifacts/00398_08_grid_tile_coverage_dock2--pgf-2464ae06-f000014_png_r1_c1_l_terminal_preview.png
[1787303116998 #00399] grid.tile: source=dock2--pgf-2464ae06-f000014.png tile=(0,0) logical_col=0 half=l offset=(0, 0) size=32x64
[1787303116998 #00400] artifact: coverage 32x64 /Volumes/HadesGodBlue/CodeSook/codesook-glyph/duck/debug/artifacts/00400_08_grid_tile_coverage_dock2--pgf-2464ae06-f000014_png_r1_c1_r.png
[1787303116998 #00401] artifact: coverage-terminal 32x64 cell=1x2 /Volumes/HadesGodBlue/CodeSook/codesook-glyph/duck/debug/artifacts/00401_08_grid_tile_coverage_dock2--pgf-2464ae06-f000014_png_r1_c1_r_terminal_preview.png
[1787303116998 #00402] grid.tile: source=dock2--pgf-2464ae06-f000014.png tile=(0,1) logical_col=0 half=r offset=(32, 0) size=32x64
[1787303116998 #00403] artifact: coverage 64x64 /Volumes/HadesGodBlue/CodeSook/codesook-glyph/duck/debug/artifacts/00403_09_grid_tiles_assembled_dock2--pgf-2464ae06-f000014_png.png
[1787303116999 #00404] artifact: coverage-terminal 64x64 cell=1x2 /Volumes/HadesGodBlue/CodeSook/codesook-glyph/duck/debug/artifacts/00404_09_grid_tiles_assembled_dock2--pgf-2464ae06-f000014_png_terminal_preview.png
[1787303116999 #00405] artifact: coverage 64x64 /Volumes/HadesGodBlue/CodeSook/codesook-glyph/duck/debug/artifacts/00405_10_grid_tiles_assembled_bordered_dock2--pgf-2464ae06-f000014_png.png
[1787303116999 #00406] artifact: coverage-terminal 64x64 cell=1x2 /Volumes/HadesGodBlue/CodeSook/codesook-glyph/duck/debug/artifacts/00406_10_grid_tiles_assembled_bordered_dock2--pgf-2464ae06-f000014_png_terminal_preview.png
[1787303116999 #00407] grid.assembled: source=dock2--pgf-2464ae06-f000014.png logical=1x1 emitted=1x2 size=64x64
[1787303116999 #00408] source.done: source=dock2--pgf-2464ae06-f000014.png mode=compose
[1787303116999 #00409] source.begin: source=dock2--pgf-2464ae06-f000015.png path=/Volumes/HadesGodBlue/CodeSook/codesook-glyph/duck/images/dock2--pgf-2464ae06-f000015.png
[1787303116999 #00410] source.compose: source=dock2--pgf-2464ae06-f000015.png rows=1 cols=1
[1787303117000 #00411] grid.start: source=dock2--pgf-2464ae06-f000015.png rows=1 cols=2 glyph=32x64 fit=TrimContent
[1787303117000 #00412] artifact: rgba 360x360 /Volumes/HadesGodBlue/CodeSook/codesook-glyph/duck/debug/artifacts/00412_01_grid_input_rgba_dock2--pgf-2464ae06-f000015_png.png
[1787303117001 #00413] artifact: coverage 360x360 /Volumes/HadesGodBlue/CodeSook/codesook-glyph/duck/debug/artifacts/00413_02_grid_input_coverage_dock2--pgf-2464ae06-f000015_png.png
[1787303117001 #00414] artifact: coverage-terminal 360x360 cell=1x2 /Volumes/HadesGodBlue/CodeSook/codesook-glyph/duck/debug/artifacts/00414_02_grid_input_coverage_dock2--pgf-2464ae06-f000015_png_terminal_preview.png
[1787303117002 #00415] grid.bounds: source=dock2--pgf-2464ae06-f000015.png bounds=(86,29)->(263,311) crop=178x283 target=64x64
[1787303117002 #00416] artifact: coverage 178x283 /Volumes/HadesGodBlue/CodeSook/codesook-glyph/duck/debug/artifacts/00416_03_grid_fit_source_coverage_dock2--pgf-2464ae06-f000015_png.png
[1787303117002 #00417] artifact: coverage-terminal 178x283 cell=1x2 /Volumes/HadesGodBlue/CodeSook/codesook-glyph/duck/debug/artifacts/00417_03_grid_fit_source_coverage_dock2--pgf-2464ae06-f000015_png_terminal_preview.png
[1787303117003 #00418] artifact: coverage 40x64 /Volumes/HadesGodBlue/CodeSook/codesook-glyph/duck/debug/artifacts/00418_04_grid_resized_coverage_dock2--pgf-2464ae06-f000015_png.png
[1787303117003 #00419] artifact: coverage-terminal 40x64 cell=1x2 /Volumes/HadesGodBlue/CodeSook/codesook-glyph/duck/debug/artifacts/00419_04_grid_resized_coverage_dock2--pgf-2464ae06-f000015_png_terminal_preview.png
[1787303117003 #00420] grid.placement: source=dock2--pgf-2464ae06-f000015.png resized=40x64 offset=(12, 0)
[1787303117003 #00421] artifact: coverage 64x64 /Volumes/HadesGodBlue/CodeSook/codesook-glyph/duck/debug/artifacts/00421_05_grid_centered_coverage_dock2--pgf-2464ae06-f000015_png.png
[1787303117003 #00422] artifact: coverage-terminal 64x64 cell=1x2 /Volumes/HadesGodBlue/CodeSook/codesook-glyph/duck/debug/artifacts/00422_05_grid_centered_coverage_dock2--pgf-2464ae06-f000015_png_terminal_preview.png
[1787303117003 #00423] artifact: coverage 64x64 /Volumes/HadesGodBlue/CodeSook/codesook-glyph/duck/debug/artifacts/00423_06_grid_fitted_full_coverage_dock2--pgf-2464ae06-f000015_png.png
[1787303117004 #00424] artifact: coverage-terminal 64x64 cell=1x2 /Volumes/HadesGodBlue/CodeSook/codesook-glyph/duck/debug/artifacts/00424_06_grid_fitted_full_coverage_dock2--pgf-2464ae06-f000015_png_terminal_preview.png
[1787303117004 #00425] grid.done: source=dock2--pgf-2464ae06-f000015.png target=64x64
[1787303117004 #00426] artifact: coverage 32x64 /Volumes/HadesGodBlue/CodeSook/codesook-glyph/duck/debug/artifacts/00426_08_grid_tile_coverage_dock2--pgf-2464ae06-f000015_png_r1_c1_l.png
[1787303117004 #00427] artifact: coverage-terminal 32x64 cell=1x2 /Volumes/HadesGodBlue/CodeSook/codesook-glyph/duck/debug/artifacts/00427_08_grid_tile_coverage_dock2--pgf-2464ae06-f000015_png_r1_c1_l_terminal_preview.png
[1787303117004 #00428] grid.tile: source=dock2--pgf-2464ae06-f000015.png tile=(0,0) logical_col=0 half=l offset=(0, 0) size=32x64
[1787303117004 #00429] artifact: coverage 32x64 /Volumes/HadesGodBlue/CodeSook/codesook-glyph/duck/debug/artifacts/00429_08_grid_tile_coverage_dock2--pgf-2464ae06-f000015_png_r1_c1_r.png
[1787303117004 #00430] artifact: coverage-terminal 32x64 cell=1x2 /Volumes/HadesGodBlue/CodeSook/codesook-glyph/duck/debug/artifacts/00430_08_grid_tile_coverage_dock2--pgf-2464ae06-f000015_png_r1_c1_r_terminal_preview.png
[1787303117005 #00431] grid.tile: source=dock2--pgf-2464ae06-f000015.png tile=(0,1) logical_col=0 half=r offset=(32, 0) size=32x64
[1787303117005 #00432] artifact: coverage 64x64 /Volumes/HadesGodBlue/CodeSook/codesook-glyph/duck/debug/artifacts/00432_09_grid_tiles_assembled_dock2--pgf-2464ae06-f000015_png.png
[1787303117005 #00433] artifact: coverage-terminal 64x64 cell=1x2 /Volumes/HadesGodBlue/CodeSook/codesook-glyph/duck/debug/artifacts/00433_09_grid_tiles_assembled_dock2--pgf-2464ae06-f000015_png_terminal_preview.png
[1787303117005 #00434] artifact: coverage 64x64 /Volumes/HadesGodBlue/CodeSook/codesook-glyph/duck/debug/artifacts/00434_10_grid_tiles_assembled_bordered_dock2--pgf-2464ae06-f000015_png.png
[1787303117005 #00435] artifact: coverage-terminal 64x64 cell=1x2 /Volumes/HadesGodBlue/CodeSook/codesook-glyph/duck/debug/artifacts/00435_10_grid_tiles_assembled_bordered_dock2--pgf-2464ae06-f000015_png_terminal_preview.png
[1787303117005 #00436] grid.assembled: source=dock2--pgf-2464ae06-f000015.png logical=1x1 emitted=1x2 size=64x64
[1787303117005 #00437] source.done: source=dock2--pgf-2464ae06-f000015.png mode=compose
[1787303117006 #00438] source.begin: source=duck--pgf-af5e4607-f000001.png path=/Volumes/HadesGodBlue/CodeSook/codesook-glyph/duck/images/duck--pgf-af5e4607-f000001.png
[1787303117006 #00439] source.compose: source=duck--pgf-af5e4607-f000001.png rows=1 cols=1
[1787303117006 #00440] grid.start: source=duck--pgf-af5e4607-f000001.png rows=1 cols=2 glyph=32x64 fit=PreserveFrame
[1787303117009 #00441] artifact: rgba 512x512 /Volumes/HadesGodBlue/CodeSook/codesook-glyph/duck/debug/artifacts/00441_01_grid_input_rgba_duck--pgf-af5e4607-f000001_png.png
[1787303117010 #00442] artifact: coverage 512x512 /Volumes/HadesGodBlue/CodeSook/codesook-glyph/duck/debug/artifacts/00442_02_grid_input_coverage_duck--pgf-af5e4607-f000001_png.png
[1787303117011 #00443] artifact: coverage-terminal 512x512 cell=1x2 /Volumes/HadesGodBlue/CodeSook/codesook-glyph/duck/debug/artifacts/00443_02_grid_input_coverage_duck--pgf-af5e4607-f000001_png_terminal_preview.png
[1787303117011 #00444] grid.frame: source=duck--pgf-af5e4607-f000001.png preserving full frame 512x512 target=64x64
[1787303117012 #00445] artifact: coverage 512x512 /Volumes/HadesGodBlue/CodeSook/codesook-glyph/duck/debug/artifacts/00445_03_grid_fit_source_coverage_duck--pgf-af5e4607-f000001_png.png
[1787303117012 #00446] artifact: coverage-terminal 512x512 cell=1x2 /Volumes/HadesGodBlue/CodeSook/codesook-glyph/duck/debug/artifacts/00446_03_grid_fit_source_coverage_duck--pgf-af5e4607-f000001_png_terminal_preview.png
[1787303117014 #00447] artifact: coverage 64x64 /Volumes/HadesGodBlue/CodeSook/codesook-glyph/duck/debug/artifacts/00447_04_grid_resized_coverage_duck--pgf-af5e4607-f000001_png.png
[1787303117014 #00448] artifact: coverage-terminal 64x64 cell=1x2 /Volumes/HadesGodBlue/CodeSook/codesook-glyph/duck/debug/artifacts/00448_04_grid_resized_coverage_duck--pgf-af5e4607-f000001_png_terminal_preview.png
[1787303117014 #00449] grid.placement: source=duck--pgf-af5e4607-f000001.png resized=64x64 offset=(0, 0)
[1787303117014 #00450] artifact: coverage 64x64 /Volumes/HadesGodBlue/CodeSook/codesook-glyph/duck/debug/artifacts/00450_05_grid_centered_coverage_duck--pgf-af5e4607-f000001_png.png
[1787303117015 #00451] artifact: coverage-terminal 64x64 cell=1x2 /Volumes/HadesGodBlue/CodeSook/codesook-glyph/duck/debug/artifacts/00451_05_grid_centered_coverage_duck--pgf-af5e4607-f000001_png_terminal_preview.png
[1787303117015 #00452] artifact: coverage 64x64 /Volumes/HadesGodBlue/CodeSook/codesook-glyph/duck/debug/artifacts/00452_06_grid_fitted_full_coverage_duck--pgf-af5e4607-f000001_png.png
[1787303117015 #00453] artifact: coverage-terminal 64x64 cell=1x2 /Volumes/HadesGodBlue/CodeSook/codesook-glyph/duck/debug/artifacts/00453_06_grid_fitted_full_coverage_duck--pgf-af5e4607-f000001_png_terminal_preview.png
[1787303117015 #00454] grid.done: source=duck--pgf-af5e4607-f000001.png target=64x64
[1787303117015 #00455] artifact: coverage 32x64 /Volumes/HadesGodBlue/CodeSook/codesook-glyph/duck/debug/artifacts/00455_08_grid_tile_coverage_duck--pgf-af5e4607-f000001_png_r1_c1_l.png
[1787303117015 #00456] artifact: coverage-terminal 32x64 cell=1x2 /Volumes/HadesGodBlue/CodeSook/codesook-glyph/duck/debug/artifacts/00456_08_grid_tile_coverage_duck--pgf-af5e4607-f000001_png_r1_c1_l_terminal_preview.png
[1787303117015 #00457] grid.tile: source=duck--pgf-af5e4607-f000001.png tile=(0,0) logical_col=0 half=l offset=(0, 0) size=32x64
[1787303117016 #00458] artifact: coverage 32x64 /Volumes/HadesGodBlue/CodeSook/codesook-glyph/duck/debug/artifacts/00458_08_grid_tile_coverage_duck--pgf-af5e4607-f000001_png_r1_c1_r.png
[1787303117016 #00459] artifact: coverage-terminal 32x64 cell=1x2 /Volumes/HadesGodBlue/CodeSook/codesook-glyph/duck/debug/artifacts/00459_08_grid_tile_coverage_duck--pgf-af5e4607-f000001_png_r1_c1_r_terminal_preview.png
[1787303117016 #00460] grid.tile: source=duck--pgf-af5e4607-f000001.png tile=(0,1) logical_col=0 half=r offset=(32, 0) size=32x64
[1787303117016 #00461] artifact: coverage 64x64 /Volumes/HadesGodBlue/CodeSook/codesook-glyph/duck/debug/artifacts/00461_09_grid_tiles_assembled_duck--pgf-af5e4607-f000001_png.png
[1787303117016 #00462] artifact: coverage-terminal 64x64 cell=1x2 /Volumes/HadesGodBlue/CodeSook/codesook-glyph/duck/debug/artifacts/00462_09_grid_tiles_assembled_duck--pgf-af5e4607-f000001_png_terminal_preview.png
[1787303117016 #00463] artifact: coverage 64x64 /Volumes/HadesGodBlue/CodeSook/codesook-glyph/duck/debug/artifacts/00463_10_grid_tiles_assembled_bordered_duck--pgf-af5e4607-f000001_png.png
[1787303117017 #00464] artifact: coverage-terminal 64x64 cell=1x2 /Volumes/HadesGodBlue/CodeSook/codesook-glyph/duck/debug/artifacts/00464_10_grid_tiles_assembled_bordered_duck--pgf-af5e4607-f000001_png_terminal_preview.png
[1787303117017 #00465] grid.assembled: source=duck--pgf-af5e4607-f000001.png logical=1x1 emitted=1x2 size=64x64
[1787303117017 #00466] source.done: source=duck--pgf-af5e4607-f000001.png mode=compose
[1787303117017 #00467] source.begin: source=duck--pgf-af5e4607-f000002.png path=/Volumes/HadesGodBlue/CodeSook/codesook-glyph/duck/images/duck--pgf-af5e4607-f000002.png
[1787303117017 #00468] source.compose: source=duck--pgf-af5e4607-f000002.png rows=1 cols=1
[1787303117017 #00469] grid.start: source=duck--pgf-af5e4607-f000002.png rows=1 cols=2 glyph=32x64 fit=PreserveFrame
[1787303117020 #00470] artifact: rgba 512x512 /Volumes/HadesGodBlue/CodeSook/codesook-glyph/duck/debug/artifacts/00470_01_grid_input_rgba_duck--pgf-af5e4607-f000002_png.png
[1787303117021 #00471] artifact: coverage 512x512 /Volumes/HadesGodBlue/CodeSook/codesook-glyph/duck/debug/artifacts/00471_02_grid_input_coverage_duck--pgf-af5e4607-f000002_png.png
[1787303117022 #00472] artifact: coverage-terminal 512x512 cell=1x2 /Volumes/HadesGodBlue/CodeSook/codesook-glyph/duck/debug/artifacts/00472_02_grid_input_coverage_duck--pgf-af5e4607-f000002_png_terminal_preview.png
[1787303117022 #00473] grid.frame: source=duck--pgf-af5e4607-f000002.png preserving full frame 512x512 target=64x64
[1787303117023 #00474] artifact: coverage 512x512 /Volumes/HadesGodBlue/CodeSook/codesook-glyph/duck/debug/artifacts/00474_03_grid_fit_source_coverage_duck--pgf-af5e4607-f000002_png.png
[1787303117023 #00475] artifact: coverage-terminal 512x512 cell=1x2 /Volumes/HadesGodBlue/CodeSook/codesook-glyph/duck/debug/artifacts/00475_03_grid_fit_source_coverage_duck--pgf-af5e4607-f000002_png_terminal_preview.png
[1787303117025 #00476] artifact: coverage 64x64 /Volumes/HadesGodBlue/CodeSook/codesook-glyph/duck/debug/artifacts/00476_04_grid_resized_coverage_duck--pgf-af5e4607-f000002_png.png
[1787303117025 #00477] artifact: coverage-terminal 64x64 cell=1x2 /Volumes/HadesGodBlue/CodeSook/codesook-glyph/duck/debug/artifacts/00477_04_grid_resized_coverage_duck--pgf-af5e4607-f000002_png_terminal_preview.png
[1787303117025 #00478] grid.placement: source=duck--pgf-af5e4607-f000002.png resized=64x64 offset=(0, 0)
[1787303117026 #00479] artifact: coverage 64x64 /Volumes/HadesGodBlue/CodeSook/codesook-glyph/duck/debug/artifacts/00479_05_grid_centered_coverage_duck--pgf-af5e4607-f000002_png.png
[1787303117026 #00480] artifact: coverage-terminal 64x64 cell=1x2 /Volumes/HadesGodBlue/CodeSook/codesook-glyph/duck/debug/artifacts/00480_05_grid_centered_coverage_duck--pgf-af5e4607-f000002_png_terminal_preview.png
[1787303117026 #00481] artifact: coverage 64x64 /Volumes/HadesGodBlue/CodeSook/codesook-glyph/duck/debug/artifacts/00481_06_grid_fitted_full_coverage_duck--pgf-af5e4607-f000002_png.png
[1787303117026 #00482] artifact: coverage-terminal 64x64 cell=1x2 /Volumes/HadesGodBlue/CodeSook/codesook-glyph/duck/debug/artifacts/00482_06_grid_fitted_full_coverage_duck--pgf-af5e4607-f000002_png_terminal_preview.png
[1787303117026 #00483] grid.done: source=duck--pgf-af5e4607-f000002.png target=64x64
[1787303117026 #00484] artifact: coverage 32x64 /Volumes/HadesGodBlue/CodeSook/codesook-glyph/duck/debug/artifacts/00484_08_grid_tile_coverage_duck--pgf-af5e4607-f000002_png_r1_c1_l.png
[1787303117026 #00485] artifact: coverage-terminal 32x64 cell=1x2 /Volumes/HadesGodBlue/CodeSook/codesook-glyph/duck/debug/artifacts/00485_08_grid_tile_coverage_duck--pgf-af5e4607-f000002_png_r1_c1_l_terminal_preview.png
[1787303117027 #00486] grid.tile: source=duck--pgf-af5e4607-f000002.png tile=(0,0) logical_col=0 half=l offset=(0, 0) size=32x64
[1787303117027 #00487] artifact: coverage 32x64 /Volumes/HadesGodBlue/CodeSook/codesook-glyph/duck/debug/artifacts/00487_08_grid_tile_coverage_duck--pgf-af5e4607-f000002_png_r1_c1_r.png
[1787303117027 #00488] artifact: coverage-terminal 32x64 cell=1x2 /Volumes/HadesGodBlue/CodeSook/codesook-glyph/duck/debug/artifacts/00488_08_grid_tile_coverage_duck--pgf-af5e4607-f000002_png_r1_c1_r_terminal_preview.png
[1787303117027 #00489] grid.tile: source=duck--pgf-af5e4607-f000002.png tile=(0,1) logical_col=0 half=r offset=(32, 0) size=32x64
[1787303117027 #00490] artifact: coverage 64x64 /Volumes/HadesGodBlue/CodeSook/codesook-glyph/duck/debug/artifacts/00490_09_grid_tiles_assembled_duck--pgf-af5e4607-f000002_png.png
[1787303117027 #00491] artifact: coverage-terminal 64x64 cell=1x2 /Volumes/HadesGodBlue/CodeSook/codesook-glyph/duck/debug/artifacts/00491_09_grid_tiles_assembled_duck--pgf-af5e4607-f000002_png_terminal_preview.png
[1787303117027 #00492] artifact: coverage 64x64 /Volumes/HadesGodBlue/CodeSook/codesook-glyph/duck/debug/artifacts/00492_10_grid_tiles_assembled_bordered_duck--pgf-af5e4607-f000002_png.png
[1787303117028 #00493] artifact: coverage-terminal 64x64 cell=1x2 /Volumes/HadesGodBlue/CodeSook/codesook-glyph/duck/debug/artifacts/00493_10_grid_tiles_assembled_bordered_duck--pgf-af5e4607-f000002_png_terminal_preview.png
[1787303117028 #00494] grid.assembled: source=duck--pgf-af5e4607-f000002.png logical=1x1 emitted=1x2 size=64x64
[1787303117028 #00495] source.done: source=duck--pgf-af5e4607-f000002.png mode=compose
[1787303117028 #00496] source.begin: source=duck--pgf-af5e4607-f000003.png path=/Volumes/HadesGodBlue/CodeSook/codesook-glyph/duck/images/duck--pgf-af5e4607-f000003.png
[1787303117028 #00497] source.compose: source=duck--pgf-af5e4607-f000003.png rows=1 cols=1
[1787303117029 #00498] grid.start: source=duck--pgf-af5e4607-f000003.png rows=1 cols=2 glyph=32x64 fit=PreserveFrame
[1787303117031 #00499] artifact: rgba 512x512 /Volumes/HadesGodBlue/CodeSook/codesook-glyph/duck/debug/artifacts/00499_01_grid_input_rgba_duck--pgf-af5e4607-f000003_png.png
[1787303117032 #00500] artifact: coverage 512x512 /Volumes/HadesGodBlue/CodeSook/codesook-glyph/duck/debug/artifacts/00500_02_grid_input_coverage_duck--pgf-af5e4607-f000003_png.png
[1787303117033 #00501] artifact: coverage-terminal 512x512 cell=1x2 /Volumes/HadesGodBlue/CodeSook/codesook-glyph/duck/debug/artifacts/00501_02_grid_input_coverage_duck--pgf-af5e4607-f000003_png_terminal_preview.png
[1787303117033 #00502] grid.frame: source=duck--pgf-af5e4607-f000003.png preserving full frame 512x512 target=64x64
[1787303117034 #00503] artifact: coverage 512x512 /Volumes/HadesGodBlue/CodeSook/codesook-glyph/duck/debug/artifacts/00503_03_grid_fit_source_coverage_duck--pgf-af5e4607-f000003_png.png
[1787303117034 #00504] artifact: coverage-terminal 512x512 cell=1x2 /Volumes/HadesGodBlue/CodeSook/codesook-glyph/duck/debug/artifacts/00504_03_grid_fit_source_coverage_duck--pgf-af5e4607-f000003_png_terminal_preview.png
[1787303117036 #00505] artifact: coverage 64x64 /Volumes/HadesGodBlue/CodeSook/codesook-glyph/duck/debug/artifacts/00505_04_grid_resized_coverage_duck--pgf-af5e4607-f000003_png.png
[1787303117036 #00506] artifact: coverage-terminal 64x64 cell=1x2 /Volumes/HadesGodBlue/CodeSook/codesook-glyph/duck/debug/artifacts/00506_04_grid_resized_coverage_duck--pgf-af5e4607-f000003_png_terminal_preview.png
[1787303117036 #00507] grid.placement: source=duck--pgf-af5e4607-f000003.png resized=64x64 offset=(0, 0)
[1787303117036 #00508] artifact: coverage 64x64 /Volumes/HadesGodBlue/CodeSook/codesook-glyph/duck/debug/artifacts/00508_05_grid_centered_coverage_duck--pgf-af5e4607-f000003_png.png
[1787303117037 #00509] artifact: coverage-terminal 64x64 cell=1x2 /Volumes/HadesGodBlue/CodeSook/codesook-glyph/duck/debug/artifacts/00509_05_grid_centered_coverage_duck--pgf-af5e4607-f000003_png_terminal_preview.png
[1787303117037 #00510] artifact: coverage 64x64 /Volumes/HadesGodBlue/CodeSook/codesook-glyph/duck/debug/artifacts/00510_06_grid_fitted_full_coverage_duck--pgf-af5e4607-f000003_png.png
[1787303117037 #00511] artifact: coverage-terminal 64x64 cell=1x2 /Volumes/HadesGodBlue/CodeSook/codesook-glyph/duck/debug/artifacts/00511_06_grid_fitted_full_coverage_duck--pgf-af5e4607-f000003_png_terminal_preview.png
[1787303117037 #00512] grid.done: source=duck--pgf-af5e4607-f000003.png target=64x64
[1787303117037 #00513] artifact: coverage 32x64 /Volumes/HadesGodBlue/CodeSook/codesook-glyph/duck/debug/artifacts/00513_08_grid_tile_coverage_duck--pgf-af5e4607-f000003_png_r1_c1_l.png
[1787303117037 #00514] artifact: coverage-terminal 32x64 cell=1x2 /Volumes/HadesGodBlue/CodeSook/codesook-glyph/duck/debug/artifacts/00514_08_grid_tile_coverage_duck--pgf-af5e4607-f000003_png_r1_c1_l_terminal_preview.png
[1787303117037 #00515] grid.tile: source=duck--pgf-af5e4607-f000003.png tile=(0,0) logical_col=0 half=l offset=(0, 0) size=32x64
[1787303117038 #00516] artifact: coverage 32x64 /Volumes/HadesGodBlue/CodeSook/codesook-glyph/duck/debug/artifacts/00516_08_grid_tile_coverage_duck--pgf-af5e4607-f000003_png_r1_c1_r.png
[1787303117038 #00517] artifact: coverage-terminal 32x64 cell=1x2 /Volumes/HadesGodBlue/CodeSook/codesook-glyph/duck/debug/artifacts/00517_08_grid_tile_coverage_duck--pgf-af5e4607-f000003_png_r1_c1_r_terminal_preview.png
[1787303117038 #00518] grid.tile: source=duck--pgf-af5e4607-f000003.png tile=(0,1) logical_col=0 half=r offset=(32, 0) size=32x64
[1787303117038 #00519] artifact: coverage 64x64 /Volumes/HadesGodBlue/CodeSook/codesook-glyph/duck/debug/artifacts/00519_09_grid_tiles_assembled_duck--pgf-af5e4607-f000003_png.png
[1787303117038 #00520] artifact: coverage-terminal 64x64 cell=1x2 /Volumes/HadesGodBlue/CodeSook/codesook-glyph/duck/debug/artifacts/00520_09_grid_tiles_assembled_duck--pgf-af5e4607-f000003_png_terminal_preview.png
[1787303117038 #00521] artifact: coverage 64x64 /Volumes/HadesGodBlue/CodeSook/codesook-glyph/duck/debug/artifacts/00521_10_grid_tiles_assembled_bordered_duck--pgf-af5e4607-f000003_png.png
[1787303117039 #00522] artifact: coverage-terminal 64x64 cell=1x2 /Volumes/HadesGodBlue/CodeSook/codesook-glyph/duck/debug/artifacts/00522_10_grid_tiles_assembled_bordered_duck--pgf-af5e4607-f000003_png_terminal_preview.png
[1787303117039 #00523] grid.assembled: source=duck--pgf-af5e4607-f000003.png logical=1x1 emitted=1x2 size=64x64
[1787303117039 #00524] source.done: source=duck--pgf-af5e4607-f000003.png mode=compose
[1787303117039 #00525] source.begin: source=duck--pgf-af5e4607-f000004.png path=/Volumes/HadesGodBlue/CodeSook/codesook-glyph/duck/images/duck--pgf-af5e4607-f000004.png
[1787303117039 #00526] source.compose: source=duck--pgf-af5e4607-f000004.png rows=1 cols=1
[1787303117039 #00527] grid.start: source=duck--pgf-af5e4607-f000004.png rows=1 cols=2 glyph=32x64 fit=PreserveFrame
[1787303117042 #00528] artifact: rgba 512x512 /Volumes/HadesGodBlue/CodeSook/codesook-glyph/duck/debug/artifacts/00528_01_grid_input_rgba_duck--pgf-af5e4607-f000004_png.png
[1787303117043 #00529] artifact: coverage 512x512 /Volumes/HadesGodBlue/CodeSook/codesook-glyph/duck/debug/artifacts/00529_02_grid_input_coverage_duck--pgf-af5e4607-f000004_png.png
[1787303117043 #00530] artifact: coverage-terminal 512x512 cell=1x2 /Volumes/HadesGodBlue/CodeSook/codesook-glyph/duck/debug/artifacts/00530_02_grid_input_coverage_duck--pgf-af5e4607-f000004_png_terminal_preview.png
[1787303117044 #00531] grid.frame: source=duck--pgf-af5e4607-f000004.png preserving full frame 512x512 target=64x64
[1787303117044 #00532] artifact: coverage 512x512 /Volumes/HadesGodBlue/CodeSook/codesook-glyph/duck/debug/artifacts/00532_03_grid_fit_source_coverage_duck--pgf-af5e4607-f000004_png.png
[1787303117045 #00533] artifact: coverage-terminal 512x512 cell=1x2 /Volumes/HadesGodBlue/CodeSook/codesook-glyph/duck/debug/artifacts/00533_03_grid_fit_source_coverage_duck--pgf-af5e4607-f000004_png_terminal_preview.png
[1787303117047 #00534] artifact: coverage 64x64 /Volumes/HadesGodBlue/CodeSook/codesook-glyph/duck/debug/artifacts/00534_04_grid_resized_coverage_duck--pgf-af5e4607-f000004_png.png
[1787303117047 #00535] artifact: coverage-terminal 64x64 cell=1x2 /Volumes/HadesGodBlue/CodeSook/codesook-glyph/duck/debug/artifacts/00535_04_grid_resized_coverage_duck--pgf-af5e4607-f000004_png_terminal_preview.png
[1787303117047 #00536] grid.placement: source=duck--pgf-af5e4607-f000004.png resized=64x64 offset=(0, 0)
[1787303117047 #00537] artifact: coverage 64x64 /Volumes/HadesGodBlue/CodeSook/codesook-glyph/duck/debug/artifacts/00537_05_grid_centered_coverage_duck--pgf-af5e4607-f000004_png.png
[1787303117047 #00538] artifact: coverage-terminal 64x64 cell=1x2 /Volumes/HadesGodBlue/CodeSook/codesook-glyph/duck/debug/artifacts/00538_05_grid_centered_coverage_duck--pgf-af5e4607-f000004_png_terminal_preview.png
[1787303117047 #00539] artifact: coverage 64x64 /Volumes/HadesGodBlue/CodeSook/codesook-glyph/duck/debug/artifacts/00539_06_grid_fitted_full_coverage_duck--pgf-af5e4607-f000004_png.png
[1787303117048 #00540] artifact: coverage-terminal 64x64 cell=1x2 /Volumes/HadesGodBlue/CodeSook/codesook-glyph/duck/debug/artifacts/00540_06_grid_fitted_full_coverage_duck--pgf-af5e4607-f000004_png_terminal_preview.png
[1787303117048 #00541] grid.done: source=duck--pgf-af5e4607-f000004.png target=64x64
[1787303117048 #00542] artifact: coverage 32x64 /Volumes/HadesGodBlue/CodeSook/codesook-glyph/duck/debug/artifacts/00542_08_grid_tile_coverage_duck--pgf-af5e4607-f000004_png_r1_c1_l.png
[1787303117048 #00543] artifact: coverage-terminal 32x64 cell=1x2 /Volumes/HadesGodBlue/CodeSook/codesook-glyph/duck/debug/artifacts/00543_08_grid_tile_coverage_duck--pgf-af5e4607-f000004_png_r1_c1_l_terminal_preview.png
[1787303117048 #00544] grid.tile: source=duck--pgf-af5e4607-f000004.png tile=(0,0) logical_col=0 half=l offset=(0, 0) size=32x64
[1787303117048 #00545] artifact: coverage 32x64 /Volumes/HadesGodBlue/CodeSook/codesook-glyph/duck/debug/artifacts/00545_08_grid_tile_coverage_duck--pgf-af5e4607-f000004_png_r1_c1_r.png
[1787303117049 #00546] artifact: coverage-terminal 32x64 cell=1x2 /Volumes/HadesGodBlue/CodeSook/codesook-glyph/duck/debug/artifacts/00546_08_grid_tile_coverage_duck--pgf-af5e4607-f000004_png_r1_c1_r_terminal_preview.png
[1787303117049 #00547] grid.tile: source=duck--pgf-af5e4607-f000004.png tile=(0,1) logical_col=0 half=r offset=(32, 0) size=32x64
[1787303117049 #00548] artifact: coverage 64x64 /Volumes/HadesGodBlue/CodeSook/codesook-glyph/duck/debug/artifacts/00548_09_grid_tiles_assembled_duck--pgf-af5e4607-f000004_png.png
[1787303117049 #00549] artifact: coverage-terminal 64x64 cell=1x2 /Volumes/HadesGodBlue/CodeSook/codesook-glyph/duck/debug/artifacts/00549_09_grid_tiles_assembled_duck--pgf-af5e4607-f000004_png_terminal_preview.png
[1787303117049 #00550] artifact: coverage 64x64 /Volumes/HadesGodBlue/CodeSook/codesook-glyph/duck/debug/artifacts/00550_10_grid_tiles_assembled_bordered_duck--pgf-af5e4607-f000004_png.png
[1787303117049 #00551] artifact: coverage-terminal 64x64 cell=1x2 /Volumes/HadesGodBlue/CodeSook/codesook-glyph/duck/debug/artifacts/00551_10_grid_tiles_assembled_bordered_duck--pgf-af5e4607-f000004_png_terminal_preview.png
[1787303117049 #00552] grid.assembled: source=duck--pgf-af5e4607-f000004.png logical=1x1 emitted=1x2 size=64x64
[1787303117049 #00553] source.done: source=duck--pgf-af5e4607-f000004.png mode=compose
[1787303117050 #00554] source.begin: source=duck--pgf-af5e4607-f000005.png path=/Volumes/HadesGodBlue/CodeSook/codesook-glyph/duck/images/duck--pgf-af5e4607-f000005.png
[1787303117050 #00555] source.compose: source=duck--pgf-af5e4607-f000005.png rows=1 cols=1
[1787303117050 #00556] grid.start: source=duck--pgf-af5e4607-f000005.png rows=1 cols=2 glyph=32x64 fit=PreserveFrame
[1787303117052 #00557] artifact: rgba 512x512 /Volumes/HadesGodBlue/CodeSook/codesook-glyph/duck/debug/artifacts/00557_01_grid_input_rgba_duck--pgf-af5e4607-f000005_png.png
[1787303117054 #00558] artifact: coverage 512x512 /Volumes/HadesGodBlue/CodeSook/codesook-glyph/duck/debug/artifacts/00558_02_grid_input_coverage_duck--pgf-af5e4607-f000005_png.png
[1787303117054 #00559] artifact: coverage-terminal 512x512 cell=1x2 /Volumes/HadesGodBlue/CodeSook/codesook-glyph/duck/debug/artifacts/00559_02_grid_input_coverage_duck--pgf-af5e4607-f000005_png_terminal_preview.png
[1787303117054 #00560] grid.frame: source=duck--pgf-af5e4607-f000005.png preserving full frame 512x512 target=64x64
[1787303117055 #00561] artifact: coverage 512x512 /Volumes/HadesGodBlue/CodeSook/codesook-glyph/duck/debug/artifacts/00561_03_grid_fit_source_coverage_duck--pgf-af5e4607-f000005_png.png
[1787303117056 #00562] artifact: coverage-terminal 512x512 cell=1x2 /Volumes/HadesGodBlue/CodeSook/codesook-glyph/duck/debug/artifacts/00562_03_grid_fit_source_coverage_duck--pgf-af5e4607-f000005_png_terminal_preview.png
[1787303117057 #00563] artifact: coverage 64x64 /Volumes/HadesGodBlue/CodeSook/codesook-glyph/duck/debug/artifacts/00563_04_grid_resized_coverage_duck--pgf-af5e4607-f000005_png.png
[1787303117058 #00564] artifact: coverage-terminal 64x64 cell=1x2 /Volumes/HadesGodBlue/CodeSook/codesook-glyph/duck/debug/artifacts/00564_04_grid_resized_coverage_duck--pgf-af5e4607-f000005_png_terminal_preview.png
[1787303117058 #00565] grid.placement: source=duck--pgf-af5e4607-f000005.png resized=64x64 offset=(0, 0)
[1787303117058 #00566] artifact: coverage 64x64 /Volumes/HadesGodBlue/CodeSook/codesook-glyph/duck/debug/artifacts/00566_05_grid_centered_coverage_duck--pgf-af5e4607-f000005_png.png
[1787303117058 #00567] artifact: coverage-terminal 64x64 cell=1x2 /Volumes/HadesGodBlue/CodeSook/codesook-glyph/duck/debug/artifacts/00567_05_grid_centered_coverage_duck--pgf-af5e4607-f000005_png_terminal_preview.png
[1787303117058 #00568] artifact: coverage 64x64 /Volumes/HadesGodBlue/CodeSook/codesook-glyph/duck/debug/artifacts/00568_06_grid_fitted_full_coverage_duck--pgf-af5e4607-f000005_png.png
[1787303117059 #00569] artifact: coverage-terminal 64x64 cell=1x2 /Volumes/HadesGodBlue/CodeSook/codesook-glyph/duck/debug/artifacts/00569_06_grid_fitted_full_coverage_duck--pgf-af5e4607-f000005_png_terminal_preview.png
[1787303117059 #00570] grid.done: source=duck--pgf-af5e4607-f000005.png target=64x64
[1787303117059 #00571] artifact: coverage 32x64 /Volumes/HadesGodBlue/CodeSook/codesook-glyph/duck/debug/artifacts/00571_08_grid_tile_coverage_duck--pgf-af5e4607-f000005_png_r1_c1_l.png
[1787303117059 #00572] artifact: coverage-terminal 32x64 cell=1x2 /Volumes/HadesGodBlue/CodeSook/codesook-glyph/duck/debug/artifacts/00572_08_grid_tile_coverage_duck--pgf-af5e4607-f000005_png_r1_c1_l_terminal_preview.png
[1787303117059 #00573] grid.tile: source=duck--pgf-af5e4607-f000005.png tile=(0,0) logical_col=0 half=l offset=(0, 0) size=32x64
[1787303117059 #00574] artifact: coverage 32x64 /Volumes/HadesGodBlue/CodeSook/codesook-glyph/duck/debug/artifacts/00574_08_grid_tile_coverage_duck--pgf-af5e4607-f000005_png_r1_c1_r.png
[1787303117060 #00575] artifact: coverage-terminal 32x64 cell=1x2 /Volumes/HadesGodBlue/CodeSook/codesook-glyph/duck/debug/artifacts/00575_08_grid_tile_coverage_duck--pgf-af5e4607-f000005_png_r1_c1_r_terminal_preview.png
[1787303117060 #00576] grid.tile: source=duck--pgf-af5e4607-f000005.png tile=(0,1) logical_col=0 half=r offset=(32, 0) size=32x64
[1787303117060 #00577] artifact: coverage 64x64 /Volumes/HadesGodBlue/CodeSook/codesook-glyph/duck/debug/artifacts/00577_09_grid_tiles_assembled_duck--pgf-af5e4607-f000005_png.png
[1787303117060 #00578] artifact: coverage-terminal 64x64 cell=1x2 /Volumes/HadesGodBlue/CodeSook/codesook-glyph/duck/debug/artifacts/00578_09_grid_tiles_assembled_duck--pgf-af5e4607-f000005_png_terminal_preview.png
[1787303117060 #00579] artifact: coverage 64x64 /Volumes/HadesGodBlue/CodeSook/codesook-glyph/duck/debug/artifacts/00579_10_grid_tiles_assembled_bordered_duck--pgf-af5e4607-f000005_png.png
[1787303117061 #00580] artifact: coverage-terminal 64x64 cell=1x2 /Volumes/HadesGodBlue/CodeSook/codesook-glyph/duck/debug/artifacts/00580_10_grid_tiles_assembled_bordered_duck--pgf-af5e4607-f000005_png_terminal_preview.png
[1787303117061 #00581] grid.assembled: source=duck--pgf-af5e4607-f000005.png logical=1x1 emitted=1x2 size=64x64
[1787303117061 #00582] source.done: source=duck--pgf-af5e4607-f000005.png mode=compose
[1787303117061 #00583] source.begin: source=duck--pgf-af5e4607-f000006.png path=/Volumes/HadesGodBlue/CodeSook/codesook-glyph/duck/images/duck--pgf-af5e4607-f000006.png
[1787303117061 #00584] source.compose: source=duck--pgf-af5e4607-f000006.png rows=1 cols=1
[1787303117062 #00585] grid.start: source=duck--pgf-af5e4607-f000006.png rows=1 cols=2 glyph=32x64 fit=PreserveFrame
[1787303117065 #00586] artifact: rgba 512x512 /Volumes/HadesGodBlue/CodeSook/codesook-glyph/duck/debug/artifacts/00586_01_grid_input_rgba_duck--pgf-af5e4607-f000006_png.png
[1787303117066 #00587] artifact: coverage 512x512 /Volumes/HadesGodBlue/CodeSook/codesook-glyph/duck/debug/artifacts/00587_02_grid_input_coverage_duck--pgf-af5e4607-f000006_png.png
[1787303117067 #00588] artifact: coverage-terminal 512x512 cell=1x2 /Volumes/HadesGodBlue/CodeSook/codesook-glyph/duck/debug/artifacts/00588_02_grid_input_coverage_duck--pgf-af5e4607-f000006_png_terminal_preview.png
[1787303117067 #00589] grid.frame: source=duck--pgf-af5e4607-f000006.png preserving full frame 512x512 target=64x64
[1787303117068 #00590] artifact: coverage 512x512 /Volumes/HadesGodBlue/CodeSook/codesook-glyph/duck/debug/artifacts/00590_03_grid_fit_source_coverage_duck--pgf-af5e4607-f000006_png.png
[1787303117069 #00591] artifact: coverage-terminal 512x512 cell=1x2 /Volumes/HadesGodBlue/CodeSook/codesook-glyph/duck/debug/artifacts/00591_03_grid_fit_source_coverage_duck--pgf-af5e4607-f000006_png_terminal_preview.png
[1787303117071 #00592] artifact: coverage 64x64 /Volumes/HadesGodBlue/CodeSook/codesook-glyph/duck/debug/artifacts/00592_04_grid_resized_coverage_duck--pgf-af5e4607-f000006_png.png
[1787303117071 #00593] artifact: coverage-terminal 64x64 cell=1x2 /Volumes/HadesGodBlue/CodeSook/codesook-glyph/duck/debug/artifacts/00593_04_grid_resized_coverage_duck--pgf-af5e4607-f000006_png_terminal_preview.png
[1787303117071 #00594] grid.placement: source=duck--pgf-af5e4607-f000006.png resized=64x64 offset=(0, 0)
[1787303117071 #00595] artifact: coverage 64x64 /Volumes/HadesGodBlue/CodeSook/codesook-glyph/duck/debug/artifacts/00595_05_grid_centered_coverage_duck--pgf-af5e4607-f000006_png.png
[1787303117072 #00596] artifact: coverage-terminal 64x64 cell=1x2 /Volumes/HadesGodBlue/CodeSook/codesook-glyph/duck/debug/artifacts/00596_05_grid_centered_coverage_duck--pgf-af5e4607-f000006_png_terminal_preview.png
[1787303117072 #00597] artifact: coverage 64x64 /Volumes/HadesGodBlue/CodeSook/codesook-glyph/duck/debug/artifacts/00597_06_grid_fitted_full_coverage_duck--pgf-af5e4607-f000006_png.png
[1787303117072 #00598] artifact: coverage-terminal 64x64 cell=1x2 /Volumes/HadesGodBlue/CodeSook/codesook-glyph/duck/debug/artifacts/00598_06_grid_fitted_full_coverage_duck--pgf-af5e4607-f000006_png_terminal_preview.png
[1787303117072 #00599] grid.done: source=duck--pgf-af5e4607-f000006.png target=64x64
[1787303117072 #00600] artifact: coverage 32x64 /Volumes/HadesGodBlue/CodeSook/codesook-glyph/duck/debug/artifacts/00600_08_grid_tile_coverage_duck--pgf-af5e4607-f000006_png_r1_c1_l.png
[1787303117073 #00601] artifact: coverage-terminal 32x64 cell=1x2 /Volumes/HadesGodBlue/CodeSook/codesook-glyph/duck/debug/artifacts/00601_08_grid_tile_coverage_duck--pgf-af5e4607-f000006_png_r1_c1_l_terminal_preview.png
[1787303117073 #00602] grid.tile: source=duck--pgf-af5e4607-f000006.png tile=(0,0) logical_col=0 half=l offset=(0, 0) size=32x64
[1787303117073 #00603] artifact: coverage 32x64 /Volumes/HadesGodBlue/CodeSook/codesook-glyph/duck/debug/artifacts/00603_08_grid_tile_coverage_duck--pgf-af5e4607-f000006_png_r1_c1_r.png
[1787303117073 #00604] artifact: coverage-terminal 32x64 cell=1x2 /Volumes/HadesGodBlue/CodeSook/codesook-glyph/duck/debug/artifacts/00604_08_grid_tile_coverage_duck--pgf-af5e4607-f000006_png_r1_c1_r_terminal_preview.png
[1787303117073 #00605] grid.tile: source=duck--pgf-af5e4607-f000006.png tile=(0,1) logical_col=0 half=r offset=(32, 0) size=32x64
[1787303117074 #00606] artifact: coverage 64x64 /Volumes/HadesGodBlue/CodeSook/codesook-glyph/duck/debug/artifacts/00606_09_grid_tiles_assembled_duck--pgf-af5e4607-f000006_png.png
[1787303117074 #00607] artifact: coverage-terminal 64x64 cell=1x2 /Volumes/HadesGodBlue/CodeSook/codesook-glyph/duck/debug/artifacts/00607_09_grid_tiles_assembled_duck--pgf-af5e4607-f000006_png_terminal_preview.png
[1787303117074 #00608] artifact: coverage 64x64 /Volumes/HadesGodBlue/CodeSook/codesook-glyph/duck/debug/artifacts/00608_10_grid_tiles_assembled_bordered_duck--pgf-af5e4607-f000006_png.png
[1787303117074 #00609] artifact: coverage-terminal 64x64 cell=1x2 /Volumes/HadesGodBlue/CodeSook/codesook-glyph/duck/debug/artifacts/00609_10_grid_tiles_assembled_bordered_duck--pgf-af5e4607-f000006_png_terminal_preview.png
[1787303117074 #00610] grid.assembled: source=duck--pgf-af5e4607-f000006.png logical=1x1 emitted=1x2 size=64x64
[1787303117074 #00611] source.done: source=duck--pgf-af5e4607-f000006.png mode=compose
[1787303117074 #00612] source.begin: source=duck--pgf-af5e4607-f000007.png path=/Volumes/HadesGodBlue/CodeSook/codesook-glyph/duck/images/duck--pgf-af5e4607-f000007.png
[1787303117075 #00613] source.compose: source=duck--pgf-af5e4607-f000007.png rows=1 cols=1
[1787303117075 #00614] grid.start: source=duck--pgf-af5e4607-f000007.png rows=1 cols=2 glyph=32x64 fit=PreserveFrame
[1787303117079 #00615] artifact: rgba 512x512 /Volumes/HadesGodBlue/CodeSook/codesook-glyph/duck/debug/artifacts/00615_01_grid_input_rgba_duck--pgf-af5e4607-f000007_png.png
[1787303117080 #00616] artifact: coverage 512x512 /Volumes/HadesGodBlue/CodeSook/codesook-glyph/duck/debug/artifacts/00616_02_grid_input_coverage_duck--pgf-af5e4607-f000007_png.png
[1787303117081 #00617] artifact: coverage-terminal 512x512 cell=1x2 /Volumes/HadesGodBlue/CodeSook/codesook-glyph/duck/debug/artifacts/00617_02_grid_input_coverage_duck--pgf-af5e4607-f000007_png_terminal_preview.png
[1787303117082 #00618] grid.frame: source=duck--pgf-af5e4607-f000007.png preserving full frame 512x512 target=64x64
[1787303117083 #00619] artifact: coverage 512x512 /Volumes/HadesGodBlue/CodeSook/codesook-glyph/duck/debug/artifacts/00619_03_grid_fit_source_coverage_duck--pgf-af5e4607-f000007_png.png
[1787303117084 #00620] artifact: coverage-terminal 512x512 cell=1x2 /Volumes/HadesGodBlue/CodeSook/codesook-glyph/duck/debug/artifacts/00620_03_grid_fit_source_coverage_duck--pgf-af5e4607-f000007_png_terminal_preview.png
[1787303117086 #00621] artifact: coverage 64x64 /Volumes/HadesGodBlue/CodeSook/codesook-glyph/duck/debug/artifacts/00621_04_grid_resized_coverage_duck--pgf-af5e4607-f000007_png.png
[1787303117086 #00622] artifact: coverage-terminal 64x64 cell=1x2 /Volumes/HadesGodBlue/CodeSook/codesook-glyph/duck/debug/artifacts/00622_04_grid_resized_coverage_duck--pgf-af5e4607-f000007_png_terminal_preview.png
[1787303117086 #00623] grid.placement: source=duck--pgf-af5e4607-f000007.png resized=64x64 offset=(0, 0)
[1787303117086 #00624] artifact: coverage 64x64 /Volumes/HadesGodBlue/CodeSook/codesook-glyph/duck/debug/artifacts/00624_05_grid_centered_coverage_duck--pgf-af5e4607-f000007_png.png
[1787303117086 #00625] artifact: coverage-terminal 64x64 cell=1x2 /Volumes/HadesGodBlue/CodeSook/codesook-glyph/duck/debug/artifacts/00625_05_grid_centered_coverage_duck--pgf-af5e4607-f000007_png_terminal_preview.png
[1787303117087 #00626] artifact: coverage 64x64 /Volumes/HadesGodBlue/CodeSook/codesook-glyph/duck/debug/artifacts/00626_06_grid_fitted_full_coverage_duck--pgf-af5e4607-f000007_png.png
[1787303117087 #00627] artifact: coverage-terminal 64x64 cell=1x2 /Volumes/HadesGodBlue/CodeSook/codesook-glyph/duck/debug/artifacts/00627_06_grid_fitted_full_coverage_duck--pgf-af5e4607-f000007_png_terminal_preview.png
[1787303117087 #00628] grid.done: source=duck--pgf-af5e4607-f000007.png target=64x64
[1787303117087 #00629] artifact: coverage 32x64 /Volumes/HadesGodBlue/CodeSook/codesook-glyph/duck/debug/artifacts/00629_08_grid_tile_coverage_duck--pgf-af5e4607-f000007_png_r1_c1_l.png
[1787303117087 #00630] artifact: coverage-terminal 32x64 cell=1x2 /Volumes/HadesGodBlue/CodeSook/codesook-glyph/duck/debug/artifacts/00630_08_grid_tile_coverage_duck--pgf-af5e4607-f000007_png_r1_c1_l_terminal_preview.png
[1787303117087 #00631] grid.tile: source=duck--pgf-af5e4607-f000007.png tile=(0,0) logical_col=0 half=l offset=(0, 0) size=32x64
[1787303117088 #00632] artifact: coverage 32x64 /Volumes/HadesGodBlue/CodeSook/codesook-glyph/duck/debug/artifacts/00632_08_grid_tile_coverage_duck--pgf-af5e4607-f000007_png_r1_c1_r.png
[1787303117088 #00633] artifact: coverage-terminal 32x64 cell=1x2 /Volumes/HadesGodBlue/CodeSook/codesook-glyph/duck/debug/artifacts/00633_08_grid_tile_coverage_duck--pgf-af5e4607-f000007_png_r1_c1_r_terminal_preview.png
[1787303117088 #00634] grid.tile: source=duck--pgf-af5e4607-f000007.png tile=(0,1) logical_col=0 half=r offset=(32, 0) size=32x64
[1787303117088 #00635] artifact: coverage 64x64 /Volumes/HadesGodBlue/CodeSook/codesook-glyph/duck/debug/artifacts/00635_09_grid_tiles_assembled_duck--pgf-af5e4607-f000007_png.png
[1787303117088 #00636] artifact: coverage-terminal 64x64 cell=1x2 /Volumes/HadesGodBlue/CodeSook/codesook-glyph/duck/debug/artifacts/00636_09_grid_tiles_assembled_duck--pgf-af5e4607-f000007_png_terminal_preview.png
[1787303117089 #00637] artifact: coverage 64x64 /Volumes/HadesGodBlue/CodeSook/codesook-glyph/duck/debug/artifacts/00637_10_grid_tiles_assembled_bordered_duck--pgf-af5e4607-f000007_png.png
[1787303117089 #00638] artifact: coverage-terminal 64x64 cell=1x2 /Volumes/HadesGodBlue/CodeSook/codesook-glyph/duck/debug/artifacts/00638_10_grid_tiles_assembled_bordered_duck--pgf-af5e4607-f000007_png_terminal_preview.png
[1787303117089 #00639] grid.assembled: source=duck--pgf-af5e4607-f000007.png logical=1x1 emitted=1x2 size=64x64
[1787303117089 #00640] source.done: source=duck--pgf-af5e4607-f000007.png mode=compose
[1787303117089 #00641] source.begin: source=duck--pgf-af5e4607-f000008.png path=/Volumes/HadesGodBlue/CodeSook/codesook-glyph/duck/images/duck--pgf-af5e4607-f000008.png
[1787303117089 #00642] source.compose: source=duck--pgf-af5e4607-f000008.png rows=1 cols=1
[1787303117090 #00643] grid.start: source=duck--pgf-af5e4607-f000008.png rows=1 cols=2 glyph=32x64 fit=PreserveFrame
[1787303117093 #00644] artifact: rgba 512x512 /Volumes/HadesGodBlue/CodeSook/codesook-glyph/duck/debug/artifacts/00644_01_grid_input_rgba_duck--pgf-af5e4607-f000008_png.png
[1787303117095 #00645] artifact: coverage 512x512 /Volumes/HadesGodBlue/CodeSook/codesook-glyph/duck/debug/artifacts/00645_02_grid_input_coverage_duck--pgf-af5e4607-f000008_png.png
[1787303117096 #00646] artifact: coverage-terminal 512x512 cell=1x2 /Volumes/HadesGodBlue/CodeSook/codesook-glyph/duck/debug/artifacts/00646_02_grid_input_coverage_duck--pgf-af5e4607-f000008_png_terminal_preview.png
[1787303117096 #00647] grid.frame: source=duck--pgf-af5e4607-f000008.png preserving full frame 512x512 target=64x64
[1787303117097 #00648] artifact: coverage 512x512 /Volumes/HadesGodBlue/CodeSook/codesook-glyph/duck/debug/artifacts/00648_03_grid_fit_source_coverage_duck--pgf-af5e4607-f000008_png.png
[1787303117098 #00649] artifact: coverage-terminal 512x512 cell=1x2 /Volumes/HadesGodBlue/CodeSook/codesook-glyph/duck/debug/artifacts/00649_03_grid_fit_source_coverage_duck--pgf-af5e4607-f000008_png_terminal_preview.png
[1787303117100 #00650] artifact: coverage 64x64 /Volumes/HadesGodBlue/CodeSook/codesook-glyph/duck/debug/artifacts/00650_04_grid_resized_coverage_duck--pgf-af5e4607-f000008_png.png
[1787303117100 #00651] artifact: coverage-terminal 64x64 cell=1x2 /Volumes/HadesGodBlue/CodeSook/codesook-glyph/duck/debug/artifacts/00651_04_grid_resized_coverage_duck--pgf-af5e4607-f000008_png_terminal_preview.png
[1787303117100 #00652] grid.placement: source=duck--pgf-af5e4607-f000008.png resized=64x64 offset=(0, 0)
[1787303117100 #00653] artifact: coverage 64x64 /Volumes/HadesGodBlue/CodeSook/codesook-glyph/duck/debug/artifacts/00653_05_grid_centered_coverage_duck--pgf-af5e4607-f000008_png.png
[1787303117100 #00654] artifact: coverage-terminal 64x64 cell=1x2 /Volumes/HadesGodBlue/CodeSook/codesook-glyph/duck/debug/artifacts/00654_05_grid_centered_coverage_duck--pgf-af5e4607-f000008_png_terminal_preview.png
[1787303117101 #00655] artifact: coverage 64x64 /Volumes/HadesGodBlue/CodeSook/codesook-glyph/duck/debug/artifacts/00655_06_grid_fitted_full_coverage_duck--pgf-af5e4607-f000008_png.png
[1787303117101 #00656] artifact: coverage-terminal 64x64 cell=1x2 /Volumes/HadesGodBlue/CodeSook/codesook-glyph/duck/debug/artifacts/00656_06_grid_fitted_full_coverage_duck--pgf-af5e4607-f000008_png_terminal_preview.png
[1787303117101 #00657] grid.done: source=duck--pgf-af5e4607-f000008.png target=64x64
[1787303117101 #00658] artifact: coverage 32x64 /Volumes/HadesGodBlue/CodeSook/codesook-glyph/duck/debug/artifacts/00658_08_grid_tile_coverage_duck--pgf-af5e4607-f000008_png_r1_c1_l.png
[1787303117101 #00659] artifact: coverage-terminal 32x64 cell=1x2 /Volumes/HadesGodBlue/CodeSook/codesook-glyph/duck/debug/artifacts/00659_08_grid_tile_coverage_duck--pgf-af5e4607-f000008_png_r1_c1_l_terminal_preview.png
[1787303117101 #00660] grid.tile: source=duck--pgf-af5e4607-f000008.png tile=(0,0) logical_col=0 half=l offset=(0, 0) size=32x64
[1787303117102 #00661] artifact: coverage 32x64 /Volumes/HadesGodBlue/CodeSook/codesook-glyph/duck/debug/artifacts/00661_08_grid_tile_coverage_duck--pgf-af5e4607-f000008_png_r1_c1_r.png
[1787303117102 #00662] artifact: coverage-terminal 32x64 cell=1x2 /Volumes/HadesGodBlue/CodeSook/codesook-glyph/duck/debug/artifacts/00662_08_grid_tile_coverage_duck--pgf-af5e4607-f000008_png_r1_c1_r_terminal_preview.png
[1787303117102 #00663] grid.tile: source=duck--pgf-af5e4607-f000008.png tile=(0,1) logical_col=0 half=r offset=(32, 0) size=32x64
[1787303117102 #00664] artifact: coverage 64x64 /Volumes/HadesGodBlue/CodeSook/codesook-glyph/duck/debug/artifacts/00664_09_grid_tiles_assembled_duck--pgf-af5e4607-f000008_png.png
[1787303117102 #00665] artifact: coverage-terminal 64x64 cell=1x2 /Volumes/HadesGodBlue/CodeSook/codesook-glyph/duck/debug/artifacts/00665_09_grid_tiles_assembled_duck--pgf-af5e4607-f000008_png_terminal_preview.png
[1787303117103 #00666] artifact: coverage 64x64 /Volumes/HadesGodBlue/CodeSook/codesook-glyph/duck/debug/artifacts/00666_10_grid_tiles_assembled_bordered_duck--pgf-af5e4607-f000008_png.png
[1787303117103 #00667] artifact: coverage-terminal 64x64 cell=1x2 /Volumes/HadesGodBlue/CodeSook/codesook-glyph/duck/debug/artifacts/00667_10_grid_tiles_assembled_bordered_duck--pgf-af5e4607-f000008_png_terminal_preview.png
[1787303117103 #00668] grid.assembled: source=duck--pgf-af5e4607-f000008.png logical=1x1 emitted=1x2 size=64x64
[1787303117103 #00669] source.done: source=duck--pgf-af5e4607-f000008.png mode=compose
[1787303117103 #00670] source.begin: source=duck--pgf-af5e4607-f000009.png path=/Volumes/HadesGodBlue/CodeSook/codesook-glyph/duck/images/duck--pgf-af5e4607-f000009.png
[1787303117103 #00671] source.compose: source=duck--pgf-af5e4607-f000009.png rows=1 cols=1
[1787303117104 #00672] grid.start: source=duck--pgf-af5e4607-f000009.png rows=1 cols=2 glyph=32x64 fit=PreserveFrame
[1787303117107 #00673] artifact: rgba 512x512 /Volumes/HadesGodBlue/CodeSook/codesook-glyph/duck/debug/artifacts/00673_01_grid_input_rgba_duck--pgf-af5e4607-f000009_png.png
[1787303117109 #00674] artifact: coverage 512x512 /Volumes/HadesGodBlue/CodeSook/codesook-glyph/duck/debug/artifacts/00674_02_grid_input_coverage_duck--pgf-af5e4607-f000009_png.png
[1787303117110 #00675] artifact: coverage-terminal 512x512 cell=1x2 /Volumes/HadesGodBlue/CodeSook/codesook-glyph/duck/debug/artifacts/00675_02_grid_input_coverage_duck--pgf-af5e4607-f000009_png_terminal_preview.png
[1787303117110 #00676] grid.frame: source=duck--pgf-af5e4607-f000009.png preserving full frame 512x512 target=64x64
[1787303117111 #00677] artifact: coverage 512x512 /Volumes/HadesGodBlue/CodeSook/codesook-glyph/duck/debug/artifacts/00677_03_grid_fit_source_coverage_duck--pgf-af5e4607-f000009_png.png
[1787303117112 #00678] artifact: coverage-terminal 512x512 cell=1x2 /Volumes/HadesGodBlue/CodeSook/codesook-glyph/duck/debug/artifacts/00678_03_grid_fit_source_coverage_duck--pgf-af5e4607-f000009_png_terminal_preview.png
[1787303117114 #00679] artifact: coverage 64x64 /Volumes/HadesGodBlue/CodeSook/codesook-glyph/duck/debug/artifacts/00679_04_grid_resized_coverage_duck--pgf-af5e4607-f000009_png.png
[1787303117114 #00680] artifact: coverage-terminal 64x64 cell=1x2 /Volumes/HadesGodBlue/CodeSook/codesook-glyph/duck/debug/artifacts/00680_04_grid_resized_coverage_duck--pgf-af5e4607-f000009_png_terminal_preview.png
[1787303117114 #00681] grid.placement: source=duck--pgf-af5e4607-f000009.png resized=64x64 offset=(0, 0)
[1787303117114 #00682] artifact: coverage 64x64 /Volumes/HadesGodBlue/CodeSook/codesook-glyph/duck/debug/artifacts/00682_05_grid_centered_coverage_duck--pgf-af5e4607-f000009_png.png
[1787303117115 #00683] artifact: coverage-terminal 64x64 cell=1x2 /Volumes/HadesGodBlue/CodeSook/codesook-glyph/duck/debug/artifacts/00683_05_grid_centered_coverage_duck--pgf-af5e4607-f000009_png_terminal_preview.png
[1787303117115 #00684] artifact: coverage 64x64 /Volumes/HadesGodBlue/CodeSook/codesook-glyph/duck/debug/artifacts/00684_06_grid_fitted_full_coverage_duck--pgf-af5e4607-f000009_png.png
[1787303117115 #00685] artifact: coverage-terminal 64x64 cell=1x2 /Volumes/HadesGodBlue/CodeSook/codesook-glyph/duck/debug/artifacts/00685_06_grid_fitted_full_coverage_duck--pgf-af5e4607-f000009_png_terminal_preview.png
[1787303117115 #00686] grid.done: source=duck--pgf-af5e4607-f000009.png target=64x64
[1787303117115 #00687] artifact: coverage 32x64 /Volumes/HadesGodBlue/CodeSook/codesook-glyph/duck/debug/artifacts/00687_08_grid_tile_coverage_duck--pgf-af5e4607-f000009_png_r1_c1_l.png
[1787303117116 #00688] artifact: coverage-terminal 32x64 cell=1x2 /Volumes/HadesGodBlue/CodeSook/codesook-glyph/duck/debug/artifacts/00688_08_grid_tile_coverage_duck--pgf-af5e4607-f000009_png_r1_c1_l_terminal_preview.png
[1787303117116 #00689] grid.tile: source=duck--pgf-af5e4607-f000009.png tile=(0,0) logical_col=0 half=l offset=(0, 0) size=32x64
[1787303117116 #00690] artifact: coverage 32x64 /Volumes/HadesGodBlue/CodeSook/codesook-glyph/duck/debug/artifacts/00690_08_grid_tile_coverage_duck--pgf-af5e4607-f000009_png_r1_c1_r.png
[1787303117116 #00691] artifact: coverage-terminal 32x64 cell=1x2 /Volumes/HadesGodBlue/CodeSook/codesook-glyph/duck/debug/artifacts/00691_08_grid_tile_coverage_duck--pgf-af5e4607-f000009_png_r1_c1_r_terminal_preview.png
[1787303117116 #00692] grid.tile: source=duck--pgf-af5e4607-f000009.png tile=(0,1) logical_col=0 half=r offset=(32, 0) size=32x64
[1787303117116 #00693] artifact: coverage 64x64 /Volumes/HadesGodBlue/CodeSook/codesook-glyph/duck/debug/artifacts/00693_09_grid_tiles_assembled_duck--pgf-af5e4607-f000009_png.png
[1787303117117 #00694] artifact: coverage-terminal 64x64 cell=1x2 /Volumes/HadesGodBlue/CodeSook/codesook-glyph/duck/debug/artifacts/00694_09_grid_tiles_assembled_duck--pgf-af5e4607-f000009_png_terminal_preview.png
[1787303117117 #00695] artifact: coverage 64x64 /Volumes/HadesGodBlue/CodeSook/codesook-glyph/duck/debug/artifacts/00695_10_grid_tiles_assembled_bordered_duck--pgf-af5e4607-f000009_png.png
[1787303117117 #00696] artifact: coverage-terminal 64x64 cell=1x2 /Volumes/HadesGodBlue/CodeSook/codesook-glyph/duck/debug/artifacts/00696_10_grid_tiles_assembled_bordered_duck--pgf-af5e4607-f000009_png_terminal_preview.png
[1787303117117 #00697] grid.assembled: source=duck--pgf-af5e4607-f000009.png logical=1x1 emitted=1x2 size=64x64
[1787303117117 #00698] source.done: source=duck--pgf-af5e4607-f000009.png mode=compose
[1787303117117 #00699] source.begin: source=duck--pgf-af5e4607-f000010.png path=/Volumes/HadesGodBlue/CodeSook/codesook-glyph/duck/images/duck--pgf-af5e4607-f000010.png
[1787303117118 #00700] source.compose: source=duck--pgf-af5e4607-f000010.png rows=1 cols=1
[1787303117118 #00701] grid.start: source=duck--pgf-af5e4607-f000010.png rows=1 cols=2 glyph=32x64 fit=PreserveFrame
[1787303117122 #00702] artifact: rgba 512x512 /Volumes/HadesGodBlue/CodeSook/codesook-glyph/duck/debug/artifacts/00702_01_grid_input_rgba_duck--pgf-af5e4607-f000010_png.png
[1787303117123 #00703] artifact: coverage 512x512 /Volumes/HadesGodBlue/CodeSook/codesook-glyph/duck/debug/artifacts/00703_02_grid_input_coverage_duck--pgf-af5e4607-f000010_png.png
[1787303117124 #00704] artifact: coverage-terminal 512x512 cell=1x2 /Volumes/HadesGodBlue/CodeSook/codesook-glyph/duck/debug/artifacts/00704_02_grid_input_coverage_duck--pgf-af5e4607-f000010_png_terminal_preview.png
[1787303117124 #00705] grid.frame: source=duck--pgf-af5e4607-f000010.png preserving full frame 512x512 target=64x64
[1787303117125 #00706] artifact: coverage 512x512 /Volumes/HadesGodBlue/CodeSook/codesook-glyph/duck/debug/artifacts/00706_03_grid_fit_source_coverage_duck--pgf-af5e4607-f000010_png.png
[1787303117126 #00707] artifact: coverage-terminal 512x512 cell=1x2 /Volumes/HadesGodBlue/CodeSook/codesook-glyph/duck/debug/artifacts/00707_03_grid_fit_source_coverage_duck--pgf-af5e4607-f000010_png_terminal_preview.png
[1787303117128 #00708] artifact: coverage 64x64 /Volumes/HadesGodBlue/CodeSook/codesook-glyph/duck/debug/artifacts/00708_04_grid_resized_coverage_duck--pgf-af5e4607-f000010_png.png
[1787303117128 #00709] artifact: coverage-terminal 64x64 cell=1x2 /Volumes/HadesGodBlue/CodeSook/codesook-glyph/duck/debug/artifacts/00709_04_grid_resized_coverage_duck--pgf-af5e4607-f000010_png_terminal_preview.png
[1787303117128 #00710] grid.placement: source=duck--pgf-af5e4607-f000010.png resized=64x64 offset=(0, 0)
[1787303117129 #00711] artifact: coverage 64x64 /Volumes/HadesGodBlue/CodeSook/codesook-glyph/duck/debug/artifacts/00711_05_grid_centered_coverage_duck--pgf-af5e4607-f000010_png.png
[1787303117129 #00712] artifact: coverage-terminal 64x64 cell=1x2 /Volumes/HadesGodBlue/CodeSook/codesook-glyph/duck/debug/artifacts/00712_05_grid_centered_coverage_duck--pgf-af5e4607-f000010_png_terminal_preview.png
[1787303117129 #00713] artifact: coverage 64x64 /Volumes/HadesGodBlue/CodeSook/codesook-glyph/duck/debug/artifacts/00713_06_grid_fitted_full_coverage_duck--pgf-af5e4607-f000010_png.png
[1787303117129 #00714] artifact: coverage-terminal 64x64 cell=1x2 /Volumes/HadesGodBlue/CodeSook/codesook-glyph/duck/debug/artifacts/00714_06_grid_fitted_full_coverage_duck--pgf-af5e4607-f000010_png_terminal_preview.png
[1787303117129 #00715] grid.done: source=duck--pgf-af5e4607-f000010.png target=64x64
[1787303117130 #00716] artifact: coverage 32x64 /Volumes/HadesGodBlue/CodeSook/codesook-glyph/duck/debug/artifacts/00716_08_grid_tile_coverage_duck--pgf-af5e4607-f000010_png_r1_c1_l.png
[1787303117130 #00717] artifact: coverage-terminal 32x64 cell=1x2 /Volumes/HadesGodBlue/CodeSook/codesook-glyph/duck/debug/artifacts/00717_08_grid_tile_coverage_duck--pgf-af5e4607-f000010_png_r1_c1_l_terminal_preview.png
[1787303117130 #00718] grid.tile: source=duck--pgf-af5e4607-f000010.png tile=(0,0) logical_col=0 half=l offset=(0, 0) size=32x64
[1787303117130 #00719] artifact: coverage 32x64 /Volumes/HadesGodBlue/CodeSook/codesook-glyph/duck/debug/artifacts/00719_08_grid_tile_coverage_duck--pgf-af5e4607-f000010_png_r1_c1_r.png
[1787303117130 #00720] artifact: coverage-terminal 32x64 cell=1x2 /Volumes/HadesGodBlue/CodeSook/codesook-glyph/duck/debug/artifacts/00720_08_grid_tile_coverage_duck--pgf-af5e4607-f000010_png_r1_c1_r_terminal_preview.png
[1787303117130 #00721] grid.tile: source=duck--pgf-af5e4607-f000010.png tile=(0,1) logical_col=0 half=r offset=(32, 0) size=32x64
[1787303117131 #00722] artifact: coverage 64x64 /Volumes/HadesGodBlue/CodeSook/codesook-glyph/duck/debug/artifacts/00722_09_grid_tiles_assembled_duck--pgf-af5e4607-f000010_png.png
[1787303117131 #00723] artifact: coverage-terminal 64x64 cell=1x2 /Volumes/HadesGodBlue/CodeSook/codesook-glyph/duck/debug/artifacts/00723_09_grid_tiles_assembled_duck--pgf-af5e4607-f000010_png_terminal_preview.png
[1787303117131 #00724] artifact: coverage 64x64 /Volumes/HadesGodBlue/CodeSook/codesook-glyph/duck/debug/artifacts/00724_10_grid_tiles_assembled_bordered_duck--pgf-af5e4607-f000010_png.png
[1787303117131 #00725] artifact: coverage-terminal 64x64 cell=1x2 /Volumes/HadesGodBlue/CodeSook/codesook-glyph/duck/debug/artifacts/00725_10_grid_tiles_assembled_bordered_duck--pgf-af5e4607-f000010_png_terminal_preview.png
[1787303117131 #00726] grid.assembled: source=duck--pgf-af5e4607-f000010.png logical=1x1 emitted=1x2 size=64x64
[1787303117131 #00727] source.done: source=duck--pgf-af5e4607-f000010.png mode=compose
[1787303117132 #00728] source.begin: source=duck--pgf-af5e4607-f000011.png path=/Volumes/HadesGodBlue/CodeSook/codesook-glyph/duck/images/duck--pgf-af5e4607-f000011.png
[1787303117132 #00729] source.compose: source=duck--pgf-af5e4607-f000011.png rows=1 cols=1
[1787303117132 #00730] grid.start: source=duck--pgf-af5e4607-f000011.png rows=1 cols=2 glyph=32x64 fit=PreserveFrame
[1787303117135 #00731] artifact: rgba 512x512 /Volumes/HadesGodBlue/CodeSook/codesook-glyph/duck/debug/artifacts/00731_01_grid_input_rgba_duck--pgf-af5e4607-f000011_png.png
[1787303117136 #00732] artifact: coverage 512x512 /Volumes/HadesGodBlue/CodeSook/codesook-glyph/duck/debug/artifacts/00732_02_grid_input_coverage_duck--pgf-af5e4607-f000011_png.png
[1787303117137 #00733] artifact: coverage-terminal 512x512 cell=1x2 /Volumes/HadesGodBlue/CodeSook/codesook-glyph/duck/debug/artifacts/00733_02_grid_input_coverage_duck--pgf-af5e4607-f000011_png_terminal_preview.png
[1787303117137 #00734] grid.frame: source=duck--pgf-af5e4607-f000011.png preserving full frame 512x512 target=64x64
[1787303117138 #00735] artifact: coverage 512x512 /Volumes/HadesGodBlue/CodeSook/codesook-glyph/duck/debug/artifacts/00735_03_grid_fit_source_coverage_duck--pgf-af5e4607-f000011_png.png
[1787303117138 #00736] artifact: coverage-terminal 512x512 cell=1x2 /Volumes/HadesGodBlue/CodeSook/codesook-glyph/duck/debug/artifacts/00736_03_grid_fit_source_coverage_duck--pgf-af5e4607-f000011_png_terminal_preview.png
[1787303117140 #00737] artifact: coverage 64x64 /Volumes/HadesGodBlue/CodeSook/codesook-glyph/duck/debug/artifacts/00737_04_grid_resized_coverage_duck--pgf-af5e4607-f000011_png.png
[1787303117140 #00738] artifact: coverage-terminal 64x64 cell=1x2 /Volumes/HadesGodBlue/CodeSook/codesook-glyph/duck/debug/artifacts/00738_04_grid_resized_coverage_duck--pgf-af5e4607-f000011_png_terminal_preview.png
[1787303117140 #00739] grid.placement: source=duck--pgf-af5e4607-f000011.png resized=64x64 offset=(0, 0)
[1787303117141 #00740] artifact: coverage 64x64 /Volumes/HadesGodBlue/CodeSook/codesook-glyph/duck/debug/artifacts/00740_05_grid_centered_coverage_duck--pgf-af5e4607-f000011_png.png
[1787303117141 #00741] artifact: coverage-terminal 64x64 cell=1x2 /Volumes/HadesGodBlue/CodeSook/codesook-glyph/duck/debug/artifacts/00741_05_grid_centered_coverage_duck--pgf-af5e4607-f000011_png_terminal_preview.png
[1787303117141 #00742] artifact: coverage 64x64 /Volumes/HadesGodBlue/CodeSook/codesook-glyph/duck/debug/artifacts/00742_06_grid_fitted_full_coverage_duck--pgf-af5e4607-f000011_png.png
[1787303117141 #00743] artifact: coverage-terminal 64x64 cell=1x2 /Volumes/HadesGodBlue/CodeSook/codesook-glyph/duck/debug/artifacts/00743_06_grid_fitted_full_coverage_duck--pgf-af5e4607-f000011_png_terminal_preview.png
[1787303117141 #00744] grid.done: source=duck--pgf-af5e4607-f000011.png target=64x64
[1787303117142 #00745] artifact: coverage 32x64 /Volumes/HadesGodBlue/CodeSook/codesook-glyph/duck/debug/artifacts/00745_08_grid_tile_coverage_duck--pgf-af5e4607-f000011_png_r1_c1_l.png
[1787303117142 #00746] artifact: coverage-terminal 32x64 cell=1x2 /Volumes/HadesGodBlue/CodeSook/codesook-glyph/duck/debug/artifacts/00746_08_grid_tile_coverage_duck--pgf-af5e4607-f000011_png_r1_c1_l_terminal_preview.png
[1787303117142 #00747] grid.tile: source=duck--pgf-af5e4607-f000011.png tile=(0,0) logical_col=0 half=l offset=(0, 0) size=32x64
[1787303117142 #00748] artifact: coverage 32x64 /Volumes/HadesGodBlue/CodeSook/codesook-glyph/duck/debug/artifacts/00748_08_grid_tile_coverage_duck--pgf-af5e4607-f000011_png_r1_c1_r.png
[1787303117142 #00749] artifact: coverage-terminal 32x64 cell=1x2 /Volumes/HadesGodBlue/CodeSook/codesook-glyph/duck/debug/artifacts/00749_08_grid_tile_coverage_duck--pgf-af5e4607-f000011_png_r1_c1_r_terminal_preview.png
[1787303117143 #00750] grid.tile: source=duck--pgf-af5e4607-f000011.png tile=(0,1) logical_col=0 half=r offset=(32, 0) size=32x64
[1787303117143 #00751] artifact: coverage 64x64 /Volumes/HadesGodBlue/CodeSook/codesook-glyph/duck/debug/artifacts/00751_09_grid_tiles_assembled_duck--pgf-af5e4607-f000011_png.png
[1787303117143 #00752] artifact: coverage-terminal 64x64 cell=1x2 /Volumes/HadesGodBlue/CodeSook/codesook-glyph/duck/debug/artifacts/00752_09_grid_tiles_assembled_duck--pgf-af5e4607-f000011_png_terminal_preview.png
[1787303117143 #00753] artifact: coverage 64x64 /Volumes/HadesGodBlue/CodeSook/codesook-glyph/duck/debug/artifacts/00753_10_grid_tiles_assembled_bordered_duck--pgf-af5e4607-f000011_png.png
[1787303117143 #00754] artifact: coverage-terminal 64x64 cell=1x2 /Volumes/HadesGodBlue/CodeSook/codesook-glyph/duck/debug/artifacts/00754_10_grid_tiles_assembled_bordered_duck--pgf-af5e4607-f000011_png_terminal_preview.png
[1787303117144 #00755] grid.assembled: source=duck--pgf-af5e4607-f000011.png logical=1x1 emitted=1x2 size=64x64
[1787303117144 #00756] source.done: source=duck--pgf-af5e4607-f000011.png mode=compose
[1787303117144 #00757] source.begin: source=duck--pgf-af5e4607-f000012.png path=/Volumes/HadesGodBlue/CodeSook/codesook-glyph/duck/images/duck--pgf-af5e4607-f000012.png
[1787303117144 #00758] source.compose: source=duck--pgf-af5e4607-f000012.png rows=1 cols=1
[1787303117144 #00759] grid.start: source=duck--pgf-af5e4607-f000012.png rows=1 cols=2 glyph=32x64 fit=PreserveFrame
[1787303117147 #00760] artifact: rgba 512x512 /Volumes/HadesGodBlue/CodeSook/codesook-glyph/duck/debug/artifacts/00760_01_grid_input_rgba_duck--pgf-af5e4607-f000012_png.png
[1787303117148 #00761] artifact: coverage 512x512 /Volumes/HadesGodBlue/CodeSook/codesook-glyph/duck/debug/artifacts/00761_02_grid_input_coverage_duck--pgf-af5e4607-f000012_png.png
[1787303117149 #00762] artifact: coverage-terminal 512x512 cell=1x2 /Volumes/HadesGodBlue/CodeSook/codesook-glyph/duck/debug/artifacts/00762_02_grid_input_coverage_duck--pgf-af5e4607-f000012_png_terminal_preview.png
[1787303117149 #00763] grid.frame: source=duck--pgf-af5e4607-f000012.png preserving full frame 512x512 target=64x64
[1787303117150 #00764] artifact: coverage 512x512 /Volumes/HadesGodBlue/CodeSook/codesook-glyph/duck/debug/artifacts/00764_03_grid_fit_source_coverage_duck--pgf-af5e4607-f000012_png.png
[1787303117151 #00765] artifact: coverage-terminal 512x512 cell=1x2 /Volumes/HadesGodBlue/CodeSook/codesook-glyph/duck/debug/artifacts/00765_03_grid_fit_source_coverage_duck--pgf-af5e4607-f000012_png_terminal_preview.png
[1787303117152 #00766] artifact: coverage 64x64 /Volumes/HadesGodBlue/CodeSook/codesook-glyph/duck/debug/artifacts/00766_04_grid_resized_coverage_duck--pgf-af5e4607-f000012_png.png
[1787303117152 #00767] artifact: coverage-terminal 64x64 cell=1x2 /Volumes/HadesGodBlue/CodeSook/codesook-glyph/duck/debug/artifacts/00767_04_grid_resized_coverage_duck--pgf-af5e4607-f000012_png_terminal_preview.png
[1787303117152 #00768] grid.placement: source=duck--pgf-af5e4607-f000012.png resized=64x64 offset=(0, 0)
[1787303117153 #00769] artifact: coverage 64x64 /Volumes/HadesGodBlue/CodeSook/codesook-glyph/duck/debug/artifacts/00769_05_grid_centered_coverage_duck--pgf-af5e4607-f000012_png.png
[1787303117153 #00770] artifact: coverage-terminal 64x64 cell=1x2 /Volumes/HadesGodBlue/CodeSook/codesook-glyph/duck/debug/artifacts/00770_05_grid_centered_coverage_duck--pgf-af5e4607-f000012_png_terminal_preview.png
[1787303117153 #00771] artifact: coverage 64x64 /Volumes/HadesGodBlue/CodeSook/codesook-glyph/duck/debug/artifacts/00771_06_grid_fitted_full_coverage_duck--pgf-af5e4607-f000012_png.png
[1787303117153 #00772] artifact: coverage-terminal 64x64 cell=1x2 /Volumes/HadesGodBlue/CodeSook/codesook-glyph/duck/debug/artifacts/00772_06_grid_fitted_full_coverage_duck--pgf-af5e4607-f000012_png_terminal_preview.png
[1787303117153 #00773] grid.done: source=duck--pgf-af5e4607-f000012.png target=64x64
[1787303117154 #00774] artifact: coverage 32x64 /Volumes/HadesGodBlue/CodeSook/codesook-glyph/duck/debug/artifacts/00774_08_grid_tile_coverage_duck--pgf-af5e4607-f000012_png_r1_c1_l.png
[1787303117154 #00775] artifact: coverage-terminal 32x64 cell=1x2 /Volumes/HadesGodBlue/CodeSook/codesook-glyph/duck/debug/artifacts/00775_08_grid_tile_coverage_duck--pgf-af5e4607-f000012_png_r1_c1_l_terminal_preview.png
[1787303117154 #00776] grid.tile: source=duck--pgf-af5e4607-f000012.png tile=(0,0) logical_col=0 half=l offset=(0, 0) size=32x64
[1787303117154 #00777] artifact: coverage 32x64 /Volumes/HadesGodBlue/CodeSook/codesook-glyph/duck/debug/artifacts/00777_08_grid_tile_coverage_duck--pgf-af5e4607-f000012_png_r1_c1_r.png
[1787303117154 #00778] artifact: coverage-terminal 32x64 cell=1x2 /Volumes/HadesGodBlue/CodeSook/codesook-glyph/duck/debug/artifacts/00778_08_grid_tile_coverage_duck--pgf-af5e4607-f000012_png_r1_c1_r_terminal_preview.png
[1787303117154 #00779] grid.tile: source=duck--pgf-af5e4607-f000012.png tile=(0,1) logical_col=0 half=r offset=(32, 0) size=32x64
[1787303117155 #00780] artifact: coverage 64x64 /Volumes/HadesGodBlue/CodeSook/codesook-glyph/duck/debug/artifacts/00780_09_grid_tiles_assembled_duck--pgf-af5e4607-f000012_png.png
[1787303117155 #00781] artifact: coverage-terminal 64x64 cell=1x2 /Volumes/HadesGodBlue/CodeSook/codesook-glyph/duck/debug/artifacts/00781_09_grid_tiles_assembled_duck--pgf-af5e4607-f000012_png_terminal_preview.png
[1787303117155 #00782] artifact: coverage 64x64 /Volumes/HadesGodBlue/CodeSook/codesook-glyph/duck/debug/artifacts/00782_10_grid_tiles_assembled_bordered_duck--pgf-af5e4607-f000012_png.png
[1787303117155 #00783] artifact: coverage-terminal 64x64 cell=1x2 /Volumes/HadesGodBlue/CodeSook/codesook-glyph/duck/debug/artifacts/00783_10_grid_tiles_assembled_bordered_duck--pgf-af5e4607-f000012_png_terminal_preview.png
[1787303117155 #00784] grid.assembled: source=duck--pgf-af5e4607-f000012.png logical=1x1 emitted=1x2 size=64x64
[1787303117155 #00785] source.done: source=duck--pgf-af5e4607-f000012.png mode=compose
[1787303117155 #00786] source.begin: source=duck--pgf-af5e4607-f000013.png path=/Volumes/HadesGodBlue/CodeSook/codesook-glyph/duck/images/duck--pgf-af5e4607-f000013.png
[1787303117156 #00787] source.compose: source=duck--pgf-af5e4607-f000013.png rows=1 cols=1
[1787303117156 #00788] grid.start: source=duck--pgf-af5e4607-f000013.png rows=1 cols=2 glyph=32x64 fit=PreserveFrame
[1787303117158 #00789] artifact: rgba 512x512 /Volumes/HadesGodBlue/CodeSook/codesook-glyph/duck/debug/artifacts/00789_01_grid_input_rgba_duck--pgf-af5e4607-f000013_png.png
[1787303117160 #00790] artifact: coverage 512x512 /Volumes/HadesGodBlue/CodeSook/codesook-glyph/duck/debug/artifacts/00790_02_grid_input_coverage_duck--pgf-af5e4607-f000013_png.png
[1787303117161 #00791] artifact: coverage-terminal 512x512 cell=1x2 /Volumes/HadesGodBlue/CodeSook/codesook-glyph/duck/debug/artifacts/00791_02_grid_input_coverage_duck--pgf-af5e4607-f000013_png_terminal_preview.png
[1787303117161 #00792] grid.frame: source=duck--pgf-af5e4607-f000013.png preserving full frame 512x512 target=64x64
[1787303117162 #00793] artifact: coverage 512x512 /Volumes/HadesGodBlue/CodeSook/codesook-glyph/duck/debug/artifacts/00793_03_grid_fit_source_coverage_duck--pgf-af5e4607-f000013_png.png
[1787303117162 #00794] artifact: coverage-terminal 512x512 cell=1x2 /Volumes/HadesGodBlue/CodeSook/codesook-glyph/duck/debug/artifacts/00794_03_grid_fit_source_coverage_duck--pgf-af5e4607-f000013_png_terminal_preview.png
[1787303117164 #00795] artifact: coverage 64x64 /Volumes/HadesGodBlue/CodeSook/codesook-glyph/duck/debug/artifacts/00795_04_grid_resized_coverage_duck--pgf-af5e4607-f000013_png.png
[1787303117164 #00796] artifact: coverage-terminal 64x64 cell=1x2 /Volumes/HadesGodBlue/CodeSook/codesook-glyph/duck/debug/artifacts/00796_04_grid_resized_coverage_duck--pgf-af5e4607-f000013_png_terminal_preview.png
[1787303117164 #00797] grid.placement: source=duck--pgf-af5e4607-f000013.png resized=64x64 offset=(0, 0)
[1787303117165 #00798] artifact: coverage 64x64 /Volumes/HadesGodBlue/CodeSook/codesook-glyph/duck/debug/artifacts/00798_05_grid_centered_coverage_duck--pgf-af5e4607-f000013_png.png
[1787303117165 #00799] artifact: coverage-terminal 64x64 cell=1x2 /Volumes/HadesGodBlue/CodeSook/codesook-glyph/duck/debug/artifacts/00799_05_grid_centered_coverage_duck--pgf-af5e4607-f000013_png_terminal_preview.png
[1787303117165 #00800] artifact: coverage 64x64 /Volumes/HadesGodBlue/CodeSook/codesook-glyph/duck/debug/artifacts/00800_06_grid_fitted_full_coverage_duck--pgf-af5e4607-f000013_png.png
[1787303117165 #00801] artifact: coverage-terminal 64x64 cell=1x2 /Volumes/HadesGodBlue/CodeSook/codesook-glyph/duck/debug/artifacts/00801_06_grid_fitted_full_coverage_duck--pgf-af5e4607-f000013_png_terminal_preview.png
[1787303117165 #00802] grid.done: source=duck--pgf-af5e4607-f000013.png target=64x64
[1787303117165 #00803] artifact: coverage 32x64 /Volumes/HadesGodBlue/CodeSook/codesook-glyph/duck/debug/artifacts/00803_08_grid_tile_coverage_duck--pgf-af5e4607-f000013_png_r1_c1_l.png
[1787303117166 #00804] artifact: coverage-terminal 32x64 cell=1x2 /Volumes/HadesGodBlue/CodeSook/codesook-glyph/duck/debug/artifacts/00804_08_grid_tile_coverage_duck--pgf-af5e4607-f000013_png_r1_c1_l_terminal_preview.png
[1787303117166 #00805] grid.tile: source=duck--pgf-af5e4607-f000013.png tile=(0,0) logical_col=0 half=l offset=(0, 0) size=32x64
[1787303117166 #00806] artifact: coverage 32x64 /Volumes/HadesGodBlue/CodeSook/codesook-glyph/duck/debug/artifacts/00806_08_grid_tile_coverage_duck--pgf-af5e4607-f000013_png_r1_c1_r.png
[1787303117166 #00807] artifact: coverage-terminal 32x64 cell=1x2 /Volumes/HadesGodBlue/CodeSook/codesook-glyph/duck/debug/artifacts/00807_08_grid_tile_coverage_duck--pgf-af5e4607-f000013_png_r1_c1_r_terminal_preview.png
[1787303117166 #00808] grid.tile: source=duck--pgf-af5e4607-f000013.png tile=(0,1) logical_col=0 half=r offset=(32, 0) size=32x64
[1787303117167 #00809] artifact: coverage 64x64 /Volumes/HadesGodBlue/CodeSook/codesook-glyph/duck/debug/artifacts/00809_09_grid_tiles_assembled_duck--pgf-af5e4607-f000013_png.png
[1787303117167 #00810] artifact: coverage-terminal 64x64 cell=1x2 /Volumes/HadesGodBlue/CodeSook/codesook-glyph/duck/debug/artifacts/00810_09_grid_tiles_assembled_duck--pgf-af5e4607-f000013_png_terminal_preview.png
[1787303117167 #00811] artifact: coverage 64x64 /Volumes/HadesGodBlue/CodeSook/codesook-glyph/duck/debug/artifacts/00811_10_grid_tiles_assembled_bordered_duck--pgf-af5e4607-f000013_png.png
[1787303117167 #00812] artifact: coverage-terminal 64x64 cell=1x2 /Volumes/HadesGodBlue/CodeSook/codesook-glyph/duck/debug/artifacts/00812_10_grid_tiles_assembled_bordered_duck--pgf-af5e4607-f000013_png_terminal_preview.png
[1787303117167 #00813] grid.assembled: source=duck--pgf-af5e4607-f000013.png logical=1x1 emitted=1x2 size=64x64
[1787303117167 #00814] source.done: source=duck--pgf-af5e4607-f000013.png mode=compose
[1787303117168 #00815] source.begin: source=duck--pgf-af5e4607-f000014.png path=/Volumes/HadesGodBlue/CodeSook/codesook-glyph/duck/images/duck--pgf-af5e4607-f000014.png
[1787303117168 #00816] source.compose: source=duck--pgf-af5e4607-f000014.png rows=1 cols=1
[1787303117168 #00817] grid.start: source=duck--pgf-af5e4607-f000014.png rows=1 cols=2 glyph=32x64 fit=PreserveFrame
[1787303117170 #00818] artifact: rgba 512x512 /Volumes/HadesGodBlue/CodeSook/codesook-glyph/duck/debug/artifacts/00818_01_grid_input_rgba_duck--pgf-af5e4607-f000014_png.png
[1787303117171 #00819] artifact: coverage 512x512 /Volumes/HadesGodBlue/CodeSook/codesook-glyph/duck/debug/artifacts/00819_02_grid_input_coverage_duck--pgf-af5e4607-f000014_png.png
[1787303117172 #00820] artifact: coverage-terminal 512x512 cell=1x2 /Volumes/HadesGodBlue/CodeSook/codesook-glyph/duck/debug/artifacts/00820_02_grid_input_coverage_duck--pgf-af5e4607-f000014_png_terminal_preview.png
[1787303117172 #00821] grid.frame: source=duck--pgf-af5e4607-f000014.png preserving full frame 512x512 target=64x64
[1787303117173 #00822] artifact: coverage 512x512 /Volumes/HadesGodBlue/CodeSook/codesook-glyph/duck/debug/artifacts/00822_03_grid_fit_source_coverage_duck--pgf-af5e4607-f000014_png.png
[1787303117173 #00823] artifact: coverage-terminal 512x512 cell=1x2 /Volumes/HadesGodBlue/CodeSook/codesook-glyph/duck/debug/artifacts/00823_03_grid_fit_source_coverage_duck--pgf-af5e4607-f000014_png_terminal_preview.png
[1787303117175 #00824] artifact: coverage 64x64 /Volumes/HadesGodBlue/CodeSook/codesook-glyph/duck/debug/artifacts/00824_04_grid_resized_coverage_duck--pgf-af5e4607-f000014_png.png
[1787303117175 #00825] artifact: coverage-terminal 64x64 cell=1x2 /Volumes/HadesGodBlue/CodeSook/codesook-glyph/duck/debug/artifacts/00825_04_grid_resized_coverage_duck--pgf-af5e4607-f000014_png_terminal_preview.png
[1787303117175 #00826] grid.placement: source=duck--pgf-af5e4607-f000014.png resized=64x64 offset=(0, 0)
[1787303117176 #00827] artifact: coverage 64x64 /Volumes/HadesGodBlue/CodeSook/codesook-glyph/duck/debug/artifacts/00827_05_grid_centered_coverage_duck--pgf-af5e4607-f000014_png.png
[1787303117176 #00828] artifact: coverage-terminal 64x64 cell=1x2 /Volumes/HadesGodBlue/CodeSook/codesook-glyph/duck/debug/artifacts/00828_05_grid_centered_coverage_duck--pgf-af5e4607-f000014_png_terminal_preview.png
[1787303117176 #00829] artifact: coverage 64x64 /Volumes/HadesGodBlue/CodeSook/codesook-glyph/duck/debug/artifacts/00829_06_grid_fitted_full_coverage_duck--pgf-af5e4607-f000014_png.png
[1787303117176 #00830] artifact: coverage-terminal 64x64 cell=1x2 /Volumes/HadesGodBlue/CodeSook/codesook-glyph/duck/debug/artifacts/00830_06_grid_fitted_full_coverage_duck--pgf-af5e4607-f000014_png_terminal_preview.png
[1787303117176 #00831] grid.done: source=duck--pgf-af5e4607-f000014.png target=64x64
[1787303117177 #00832] artifact: coverage 32x64 /Volumes/HadesGodBlue/CodeSook/codesook-glyph/duck/debug/artifacts/00832_08_grid_tile_coverage_duck--pgf-af5e4607-f000014_png_r1_c1_l.png
[1787303117177 #00833] artifact: coverage-terminal 32x64 cell=1x2 /Volumes/HadesGodBlue/CodeSook/codesook-glyph/duck/debug/artifacts/00833_08_grid_tile_coverage_duck--pgf-af5e4607-f000014_png_r1_c1_l_terminal_preview.png
[1787303117177 #00834] grid.tile: source=duck--pgf-af5e4607-f000014.png tile=(0,0) logical_col=0 half=l offset=(0, 0) size=32x64
[1787303117177 #00835] artifact: coverage 32x64 /Volumes/HadesGodBlue/CodeSook/codesook-glyph/duck/debug/artifacts/00835_08_grid_tile_coverage_duck--pgf-af5e4607-f000014_png_r1_c1_r.png
[1787303117177 #00836] artifact: coverage-terminal 32x64 cell=1x2 /Volumes/HadesGodBlue/CodeSook/codesook-glyph/duck/debug/artifacts/00836_08_grid_tile_coverage_duck--pgf-af5e4607-f000014_png_r1_c1_r_terminal_preview.png
[1787303117177 #00837] grid.tile: source=duck--pgf-af5e4607-f000014.png tile=(0,1) logical_col=0 half=r offset=(32, 0) size=32x64
[1787303117178 #00838] artifact: coverage 64x64 /Volumes/HadesGodBlue/CodeSook/codesook-glyph/duck/debug/artifacts/00838_09_grid_tiles_assembled_duck--pgf-af5e4607-f000014_png.png
[1787303117178 #00839] artifact: coverage-terminal 64x64 cell=1x2 /Volumes/HadesGodBlue/CodeSook/codesook-glyph/duck/debug/artifacts/00839_09_grid_tiles_assembled_duck--pgf-af5e4607-f000014_png_terminal_preview.png
[1787303117178 #00840] artifact: coverage 64x64 /Volumes/HadesGodBlue/CodeSook/codesook-glyph/duck/debug/artifacts/00840_10_grid_tiles_assembled_bordered_duck--pgf-af5e4607-f000014_png.png
[1787303117178 #00841] artifact: coverage-terminal 64x64 cell=1x2 /Volumes/HadesGodBlue/CodeSook/codesook-glyph/duck/debug/artifacts/00841_10_grid_tiles_assembled_bordered_duck--pgf-af5e4607-f000014_png_terminal_preview.png
[1787303117179 #00842] grid.assembled: source=duck--pgf-af5e4607-f000014.png logical=1x1 emitted=1x2 size=64x64
[1787303117179 #00843] source.done: source=duck--pgf-af5e4607-f000014.png mode=compose
[1787303117179 #00844] source.begin: source=duck--pgf-af5e4607-f000015.png path=/Volumes/HadesGodBlue/CodeSook/codesook-glyph/duck/images/duck--pgf-af5e4607-f000015.png
[1787303117179 #00845] source.compose: source=duck--pgf-af5e4607-f000015.png rows=1 cols=1
[1787303117179 #00846] grid.start: source=duck--pgf-af5e4607-f000015.png rows=1 cols=2 glyph=32x64 fit=PreserveFrame
[1787303117182 #00847] artifact: rgba 512x512 /Volumes/HadesGodBlue/CodeSook/codesook-glyph/duck/debug/artifacts/00847_01_grid_input_rgba_duck--pgf-af5e4607-f000015_png.png
[1787303117183 #00848] artifact: coverage 512x512 /Volumes/HadesGodBlue/CodeSook/codesook-glyph/duck/debug/artifacts/00848_02_grid_input_coverage_duck--pgf-af5e4607-f000015_png.png
[1787303117184 #00849] artifact: coverage-terminal 512x512 cell=1x2 /Volumes/HadesGodBlue/CodeSook/codesook-glyph/duck/debug/artifacts/00849_02_grid_input_coverage_duck--pgf-af5e4607-f000015_png_terminal_preview.png
[1787303117184 #00850] grid.frame: source=duck--pgf-af5e4607-f000015.png preserving full frame 512x512 target=64x64
[1787303117185 #00851] artifact: coverage 512x512 /Volumes/HadesGodBlue/CodeSook/codesook-glyph/duck/debug/artifacts/00851_03_grid_fit_source_coverage_duck--pgf-af5e4607-f000015_png.png
[1787303117185 #00852] artifact: coverage-terminal 512x512 cell=1x2 /Volumes/HadesGodBlue/CodeSook/codesook-glyph/duck/debug/artifacts/00852_03_grid_fit_source_coverage_duck--pgf-af5e4607-f000015_png_terminal_preview.png
[1787303117187 #00853] artifact: coverage 64x64 /Volumes/HadesGodBlue/CodeSook/codesook-glyph/duck/debug/artifacts/00853_04_grid_resized_coverage_duck--pgf-af5e4607-f000015_png.png
[1787303117187 #00854] artifact: coverage-terminal 64x64 cell=1x2 /Volumes/HadesGodBlue/CodeSook/codesook-glyph/duck/debug/artifacts/00854_04_grid_resized_coverage_duck--pgf-af5e4607-f000015_png_terminal_preview.png
[1787303117188 #00855] grid.placement: source=duck--pgf-af5e4607-f000015.png resized=64x64 offset=(0, 0)
[1787303117188 #00856] artifact: coverage 64x64 /Volumes/HadesGodBlue/CodeSook/codesook-glyph/duck/debug/artifacts/00856_05_grid_centered_coverage_duck--pgf-af5e4607-f000015_png.png
[1787303117188 #00857] artifact: coverage-terminal 64x64 cell=1x2 /Volumes/HadesGodBlue/CodeSook/codesook-glyph/duck/debug/artifacts/00857_05_grid_centered_coverage_duck--pgf-af5e4607-f000015_png_terminal_preview.png
[1787303117188 #00858] artifact: coverage 64x64 /Volumes/HadesGodBlue/CodeSook/codesook-glyph/duck/debug/artifacts/00858_06_grid_fitted_full_coverage_duck--pgf-af5e4607-f000015_png.png
[1787303117188 #00859] artifact: coverage-terminal 64x64 cell=1x2 /Volumes/HadesGodBlue/CodeSook/codesook-glyph/duck/debug/artifacts/00859_06_grid_fitted_full_coverage_duck--pgf-af5e4607-f000015_png_terminal_preview.png
[1787303117188 #00860] grid.done: source=duck--pgf-af5e4607-f000015.png target=64x64
[1787303117189 #00861] artifact: coverage 32x64 /Volumes/HadesGodBlue/CodeSook/codesook-glyph/duck/debug/artifacts/00861_08_grid_tile_coverage_duck--pgf-af5e4607-f000015_png_r1_c1_l.png
[1787303117189 #00862] artifact: coverage-terminal 32x64 cell=1x2 /Volumes/HadesGodBlue/CodeSook/codesook-glyph/duck/debug/artifacts/00862_08_grid_tile_coverage_duck--pgf-af5e4607-f000015_png_r1_c1_l_terminal_preview.png
[1787303117189 #00863] grid.tile: source=duck--pgf-af5e4607-f000015.png tile=(0,0) logical_col=0 half=l offset=(0, 0) size=32x64
[1787303117189 #00864] artifact: coverage 32x64 /Volumes/HadesGodBlue/CodeSook/codesook-glyph/duck/debug/artifacts/00864_08_grid_tile_coverage_duck--pgf-af5e4607-f000015_png_r1_c1_r.png
[1787303117189 #00865] artifact: coverage-terminal 32x64 cell=1x2 /Volumes/HadesGodBlue/CodeSook/codesook-glyph/duck/debug/artifacts/00865_08_grid_tile_coverage_duck--pgf-af5e4607-f000015_png_r1_c1_r_terminal_preview.png
[1787303117190 #00866] grid.tile: source=duck--pgf-af5e4607-f000015.png tile=(0,1) logical_col=0 half=r offset=(32, 0) size=32x64
[1787303117190 #00867] artifact: coverage 64x64 /Volumes/HadesGodBlue/CodeSook/codesook-glyph/duck/debug/artifacts/00867_09_grid_tiles_assembled_duck--pgf-af5e4607-f000015_png.png
[1787303117190 #00868] artifact: coverage-terminal 64x64 cell=1x2 /Volumes/HadesGodBlue/CodeSook/codesook-glyph/duck/debug/artifacts/00868_09_grid_tiles_assembled_duck--pgf-af5e4607-f000015_png_terminal_preview.png
[1787303117190 #00869] artifact: coverage 64x64 /Volumes/HadesGodBlue/CodeSook/codesook-glyph/duck/debug/artifacts/00869_10_grid_tiles_assembled_bordered_duck--pgf-af5e4607-f000015_png.png
[1787303117190 #00870] artifact: coverage-terminal 64x64 cell=1x2 /Volumes/HadesGodBlue/CodeSook/codesook-glyph/duck/debug/artifacts/00870_10_grid_tiles_assembled_bordered_duck--pgf-af5e4607-f000015_png_terminal_preview.png
[1787303117190 #00871] grid.assembled: source=duck--pgf-af5e4607-f000015.png logical=1x1 emitted=1x2 size=64x64
[1787303117191 #00872] source.done: source=duck--pgf-af5e4607-f000015.png mode=compose
[1787303117191 #00873] source.begin: source=duck--pgf-af5e4607-f000016.png path=/Volumes/HadesGodBlue/CodeSook/codesook-glyph/duck/images/duck--pgf-af5e4607-f000016.png
[1787303117191 #00874] source.compose: source=duck--pgf-af5e4607-f000016.png rows=1 cols=1
[1787303117191 #00875] grid.start: source=duck--pgf-af5e4607-f000016.png rows=1 cols=2 glyph=32x64 fit=PreserveFrame
[1787303117195 #00876] artifact: rgba 512x512 /Volumes/HadesGodBlue/CodeSook/codesook-glyph/duck/debug/artifacts/00876_01_grid_input_rgba_duck--pgf-af5e4607-f000016_png.png
[1787303117197 #00877] artifact: coverage 512x512 /Volumes/HadesGodBlue/CodeSook/codesook-glyph/duck/debug/artifacts/00877_02_grid_input_coverage_duck--pgf-af5e4607-f000016_png.png
[1787303117197 #00878] artifact: coverage-terminal 512x512 cell=1x2 /Volumes/HadesGodBlue/CodeSook/codesook-glyph/duck/debug/artifacts/00878_02_grid_input_coverage_duck--pgf-af5e4607-f000016_png_terminal_preview.png
[1787303117197 #00879] grid.frame: source=duck--pgf-af5e4607-f000016.png preserving full frame 512x512 target=64x64
[1787303117198 #00880] artifact: coverage 512x512 /Volumes/HadesGodBlue/CodeSook/codesook-glyph/duck/debug/artifacts/00880_03_grid_fit_source_coverage_duck--pgf-af5e4607-f000016_png.png
[1787303117199 #00881] artifact: coverage-terminal 512x512 cell=1x2 /Volumes/HadesGodBlue/CodeSook/codesook-glyph/duck/debug/artifacts/00881_03_grid_fit_source_coverage_duck--pgf-af5e4607-f000016_png_terminal_preview.png
[1787303117201 #00882] artifact: coverage 64x64 /Volumes/HadesGodBlue/CodeSook/codesook-glyph/duck/debug/artifacts/00882_04_grid_resized_coverage_duck--pgf-af5e4607-f000016_png.png
[1787303117201 #00883] artifact: coverage-terminal 64x64 cell=1x2 /Volumes/HadesGodBlue/CodeSook/codesook-glyph/duck/debug/artifacts/00883_04_grid_resized_coverage_duck--pgf-af5e4607-f000016_png_terminal_preview.png
[1787303117201 #00884] grid.placement: source=duck--pgf-af5e4607-f000016.png resized=64x64 offset=(0, 0)
[1787303117201 #00885] artifact: coverage 64x64 /Volumes/HadesGodBlue/CodeSook/codesook-glyph/duck/debug/artifacts/00885_05_grid_centered_coverage_duck--pgf-af5e4607-f000016_png.png
[1787303117201 #00886] artifact: coverage-terminal 64x64 cell=1x2 /Volumes/HadesGodBlue/CodeSook/codesook-glyph/duck/debug/artifacts/00886_05_grid_centered_coverage_duck--pgf-af5e4607-f000016_png_terminal_preview.png
[1787303117202 #00887] artifact: coverage 64x64 /Volumes/HadesGodBlue/CodeSook/codesook-glyph/duck/debug/artifacts/00887_06_grid_fitted_full_coverage_duck--pgf-af5e4607-f000016_png.png
[1787303117202 #00888] artifact: coverage-terminal 64x64 cell=1x2 /Volumes/HadesGodBlue/CodeSook/codesook-glyph/duck/debug/artifacts/00888_06_grid_fitted_full_coverage_duck--pgf-af5e4607-f000016_png_terminal_preview.png
[1787303117202 #00889] grid.done: source=duck--pgf-af5e4607-f000016.png target=64x64
[1787303117202 #00890] artifact: coverage 32x64 /Volumes/HadesGodBlue/CodeSook/codesook-glyph/duck/debug/artifacts/00890_08_grid_tile_coverage_duck--pgf-af5e4607-f000016_png_r1_c1_l.png
[1787303117202 #00891] artifact: coverage-terminal 32x64 cell=1x2 /Volumes/HadesGodBlue/CodeSook/codesook-glyph/duck/debug/artifacts/00891_08_grid_tile_coverage_duck--pgf-af5e4607-f000016_png_r1_c1_l_terminal_preview.png
[1787303117202 #00892] grid.tile: source=duck--pgf-af5e4607-f000016.png tile=(0,0) logical_col=0 half=l offset=(0, 0) size=32x64
[1787303117203 #00893] artifact: coverage 32x64 /Volumes/HadesGodBlue/CodeSook/codesook-glyph/duck/debug/artifacts/00893_08_grid_tile_coverage_duck--pgf-af5e4607-f000016_png_r1_c1_r.png
[1787303117203 #00894] artifact: coverage-terminal 32x64 cell=1x2 /Volumes/HadesGodBlue/CodeSook/codesook-glyph/duck/debug/artifacts/00894_08_grid_tile_coverage_duck--pgf-af5e4607-f000016_png_r1_c1_r_terminal_preview.png
[1787303117203 #00895] grid.tile: source=duck--pgf-af5e4607-f000016.png tile=(0,1) logical_col=0 half=r offset=(32, 0) size=32x64
[1787303117203 #00896] artifact: coverage 64x64 /Volumes/HadesGodBlue/CodeSook/codesook-glyph/duck/debug/artifacts/00896_09_grid_tiles_assembled_duck--pgf-af5e4607-f000016_png.png
[1787303117203 #00897] artifact: coverage-terminal 64x64 cell=1x2 /Volumes/HadesGodBlue/CodeSook/codesook-glyph/duck/debug/artifacts/00897_09_grid_tiles_assembled_duck--pgf-af5e4607-f000016_png_terminal_preview.png
[1787303117204 #00898] artifact: coverage 64x64 /Volumes/HadesGodBlue/CodeSook/codesook-glyph/duck/debug/artifacts/00898_10_grid_tiles_assembled_bordered_duck--pgf-af5e4607-f000016_png.png
[1787303117204 #00899] artifact: coverage-terminal 64x64 cell=1x2 /Volumes/HadesGodBlue/CodeSook/codesook-glyph/duck/debug/artifacts/00899_10_grid_tiles_assembled_bordered_duck--pgf-af5e4607-f000016_png_terminal_preview.png
[1787303117204 #00900] grid.assembled: source=duck--pgf-af5e4607-f000016.png logical=1x1 emitted=1x2 size=64x64
[1787303117204 #00901] source.done: source=duck--pgf-af5e4607-f000016.png mode=compose
[1787303117204 #00902] source.begin: source=duck--pgf-af5e4607-f000017.png path=/Volumes/HadesGodBlue/CodeSook/codesook-glyph/duck/images/duck--pgf-af5e4607-f000017.png
[1787303117204 #00903] source.compose: source=duck--pgf-af5e4607-f000017.png rows=1 cols=1
[1787303117205 #00904] grid.start: source=duck--pgf-af5e4607-f000017.png rows=1 cols=2 glyph=32x64 fit=PreserveFrame
[1787303117208 #00905] artifact: rgba 512x512 /Volumes/HadesGodBlue/CodeSook/codesook-glyph/duck/debug/artifacts/00905_01_grid_input_rgba_duck--pgf-af5e4607-f000017_png.png
[1787303117210 #00906] artifact: coverage 512x512 /Volumes/HadesGodBlue/CodeSook/codesook-glyph/duck/debug/artifacts/00906_02_grid_input_coverage_duck--pgf-af5e4607-f000017_png.png
[1787303117211 #00907] artifact: coverage-terminal 512x512 cell=1x2 /Volumes/HadesGodBlue/CodeSook/codesook-glyph/duck/debug/artifacts/00907_02_grid_input_coverage_duck--pgf-af5e4607-f000017_png_terminal_preview.png
[1787303117211 #00908] grid.frame: source=duck--pgf-af5e4607-f000017.png preserving full frame 512x512 target=64x64
[1787303117212 #00909] artifact: coverage 512x512 /Volumes/HadesGodBlue/CodeSook/codesook-glyph/duck/debug/artifacts/00909_03_grid_fit_source_coverage_duck--pgf-af5e4607-f000017_png.png
[1787303117213 #00910] artifact: coverage-terminal 512x512 cell=1x2 /Volumes/HadesGodBlue/CodeSook/codesook-glyph/duck/debug/artifacts/00910_03_grid_fit_source_coverage_duck--pgf-af5e4607-f000017_png_terminal_preview.png
[1787303117214 #00911] artifact: coverage 64x64 /Volumes/HadesGodBlue/CodeSook/codesook-glyph/duck/debug/artifacts/00911_04_grid_resized_coverage_duck--pgf-af5e4607-f000017_png.png
[1787303117215 #00912] artifact: coverage-terminal 64x64 cell=1x2 /Volumes/HadesGodBlue/CodeSook/codesook-glyph/duck/debug/artifacts/00912_04_grid_resized_coverage_duck--pgf-af5e4607-f000017_png_terminal_preview.png
[1787303117215 #00913] grid.placement: source=duck--pgf-af5e4607-f000017.png resized=64x64 offset=(0, 0)
[1787303117215 #00914] artifact: coverage 64x64 /Volumes/HadesGodBlue/CodeSook/codesook-glyph/duck/debug/artifacts/00914_05_grid_centered_coverage_duck--pgf-af5e4607-f000017_png.png
[1787303117215 #00915] artifact: coverage-terminal 64x64 cell=1x2 /Volumes/HadesGodBlue/CodeSook/codesook-glyph/duck/debug/artifacts/00915_05_grid_centered_coverage_duck--pgf-af5e4607-f000017_png_terminal_preview.png
[1787303117215 #00916] artifact: coverage 64x64 /Volumes/HadesGodBlue/CodeSook/codesook-glyph/duck/debug/artifacts/00916_06_grid_fitted_full_coverage_duck--pgf-af5e4607-f000017_png.png
[1787303117216 #00917] artifact: coverage-terminal 64x64 cell=1x2 /Volumes/HadesGodBlue/CodeSook/codesook-glyph/duck/debug/artifacts/00917_06_grid_fitted_full_coverage_duck--pgf-af5e4607-f000017_png_terminal_preview.png
[1787303117216 #00918] grid.done: source=duck--pgf-af5e4607-f000017.png target=64x64
[1787303117216 #00919] artifact: coverage 32x64 /Volumes/HadesGodBlue/CodeSook/codesook-glyph/duck/debug/artifacts/00919_08_grid_tile_coverage_duck--pgf-af5e4607-f000017_png_r1_c1_l.png
[1787303117216 #00920] artifact: coverage-terminal 32x64 cell=1x2 /Volumes/HadesGodBlue/CodeSook/codesook-glyph/duck/debug/artifacts/00920_08_grid_tile_coverage_duck--pgf-af5e4607-f000017_png_r1_c1_l_terminal_preview.png
[1787303117216 #00921] grid.tile: source=duck--pgf-af5e4607-f000017.png tile=(0,0) logical_col=0 half=l offset=(0, 0) size=32x64
[1787303117216 #00922] artifact: coverage 32x64 /Volumes/HadesGodBlue/CodeSook/codesook-glyph/duck/debug/artifacts/00922_08_grid_tile_coverage_duck--pgf-af5e4607-f000017_png_r1_c1_r.png
[1787303117216 #00923] artifact: coverage-terminal 32x64 cell=1x2 /Volumes/HadesGodBlue/CodeSook/codesook-glyph/duck/debug/artifacts/00923_08_grid_tile_coverage_duck--pgf-af5e4607-f000017_png_r1_c1_r_terminal_preview.png
[1787303117216 #00924] grid.tile: source=duck--pgf-af5e4607-f000017.png tile=(0,1) logical_col=0 half=r offset=(32, 0) size=32x64
[1787303117217 #00925] artifact: coverage 64x64 /Volumes/HadesGodBlue/CodeSook/codesook-glyph/duck/debug/artifacts/00925_09_grid_tiles_assembled_duck--pgf-af5e4607-f000017_png.png
[1787303117217 #00926] artifact: coverage-terminal 64x64 cell=1x2 /Volumes/HadesGodBlue/CodeSook/codesook-glyph/duck/debug/artifacts/00926_09_grid_tiles_assembled_duck--pgf-af5e4607-f000017_png_terminal_preview.png
[1787303117217 #00927] artifact: coverage 64x64 /Volumes/HadesGodBlue/CodeSook/codesook-glyph/duck/debug/artifacts/00927_10_grid_tiles_assembled_bordered_duck--pgf-af5e4607-f000017_png.png
[1787303117217 #00928] artifact: coverage-terminal 64x64 cell=1x2 /Volumes/HadesGodBlue/CodeSook/codesook-glyph/duck/debug/artifacts/00928_10_grid_tiles_assembled_bordered_duck--pgf-af5e4607-f000017_png_terminal_preview.png
[1787303117217 #00929] grid.assembled: source=duck--pgf-af5e4607-f000017.png logical=1x1 emitted=1x2 size=64x64
[1787303117217 #00930] source.done: source=duck--pgf-af5e4607-f000017.png mode=compose
[1787303117217 #00931] source.begin: source=duck--pgf-af5e4607-f000018.png path=/Volumes/HadesGodBlue/CodeSook/codesook-glyph/duck/images/duck--pgf-af5e4607-f000018.png
[1787303117218 #00932] source.compose: source=duck--pgf-af5e4607-f000018.png rows=1 cols=1
[1787303117218 #00933] grid.start: source=duck--pgf-af5e4607-f000018.png rows=1 cols=2 glyph=32x64 fit=PreserveFrame
[1787303117222 #00934] artifact: rgba 512x512 /Volumes/HadesGodBlue/CodeSook/codesook-glyph/duck/debug/artifacts/00934_01_grid_input_rgba_duck--pgf-af5e4607-f000018_png.png
[1787303117223 #00935] artifact: coverage 512x512 /Volumes/HadesGodBlue/CodeSook/codesook-glyph/duck/debug/artifacts/00935_02_grid_input_coverage_duck--pgf-af5e4607-f000018_png.png
[1787303117224 #00936] artifact: coverage-terminal 512x512 cell=1x2 /Volumes/HadesGodBlue/CodeSook/codesook-glyph/duck/debug/artifacts/00936_02_grid_input_coverage_duck--pgf-af5e4607-f000018_png_terminal_preview.png
[1787303117224 #00937] grid.frame: source=duck--pgf-af5e4607-f000018.png preserving full frame 512x512 target=64x64
[1787303117225 #00938] artifact: coverage 512x512 /Volumes/HadesGodBlue/CodeSook/codesook-glyph/duck/debug/artifacts/00938_03_grid_fit_source_coverage_duck--pgf-af5e4607-f000018_png.png
[1787303117226 #00939] artifact: coverage-terminal 512x512 cell=1x2 /Volumes/HadesGodBlue/CodeSook/codesook-glyph/duck/debug/artifacts/00939_03_grid_fit_source_coverage_duck--pgf-af5e4607-f000018_png_terminal_preview.png
[1787303117228 #00940] artifact: coverage 64x64 /Volumes/HadesGodBlue/CodeSook/codesook-glyph/duck/debug/artifacts/00940_04_grid_resized_coverage_duck--pgf-af5e4607-f000018_png.png
[1787303117228 #00941] artifact: coverage-terminal 64x64 cell=1x2 /Volumes/HadesGodBlue/CodeSook/codesook-glyph/duck/debug/artifacts/00941_04_grid_resized_coverage_duck--pgf-af5e4607-f000018_png_terminal_preview.png
[1787303117228 #00942] grid.placement: source=duck--pgf-af5e4607-f000018.png resized=64x64 offset=(0, 0)
[1787303117228 #00943] artifact: coverage 64x64 /Volumes/HadesGodBlue/CodeSook/codesook-glyph/duck/debug/artifacts/00943_05_grid_centered_coverage_duck--pgf-af5e4607-f000018_png.png
[1787303117228 #00944] artifact: coverage-terminal 64x64 cell=1x2 /Volumes/HadesGodBlue/CodeSook/codesook-glyph/duck/debug/artifacts/00944_05_grid_centered_coverage_duck--pgf-af5e4607-f000018_png_terminal_preview.png
[1787303117228 #00945] artifact: coverage 64x64 /Volumes/HadesGodBlue/CodeSook/codesook-glyph/duck/debug/artifacts/00945_06_grid_fitted_full_coverage_duck--pgf-af5e4607-f000018_png.png
[1787303117229 #00946] artifact: coverage-terminal 64x64 cell=1x2 /Volumes/HadesGodBlue/CodeSook/codesook-glyph/duck/debug/artifacts/00946_06_grid_fitted_full_coverage_duck--pgf-af5e4607-f000018_png_terminal_preview.png
[1787303117229 #00947] grid.done: source=duck--pgf-af5e4607-f000018.png target=64x64
[1787303117229 #00948] artifact: coverage 32x64 /Volumes/HadesGodBlue/CodeSook/codesook-glyph/duck/debug/artifacts/00948_08_grid_tile_coverage_duck--pgf-af5e4607-f000018_png_r1_c1_l.png
[1787303117229 #00949] artifact: coverage-terminal 32x64 cell=1x2 /Volumes/HadesGodBlue/CodeSook/codesook-glyph/duck/debug/artifacts/00949_08_grid_tile_coverage_duck--pgf-af5e4607-f000018_png_r1_c1_l_terminal_preview.png
[1787303117229 #00950] grid.tile: source=duck--pgf-af5e4607-f000018.png tile=(0,0) logical_col=0 half=l offset=(0, 0) size=32x64
[1787303117229 #00951] artifact: coverage 32x64 /Volumes/HadesGodBlue/CodeSook/codesook-glyph/duck/debug/artifacts/00951_08_grid_tile_coverage_duck--pgf-af5e4607-f000018_png_r1_c1_r.png
[1787303117230 #00952] artifact: coverage-terminal 32x64 cell=1x2 /Volumes/HadesGodBlue/CodeSook/codesook-glyph/duck/debug/artifacts/00952_08_grid_tile_coverage_duck--pgf-af5e4607-f000018_png_r1_c1_r_terminal_preview.png
[1787303117230 #00953] grid.tile: source=duck--pgf-af5e4607-f000018.png tile=(0,1) logical_col=0 half=r offset=(32, 0) size=32x64
[1787303117230 #00954] artifact: coverage 64x64 /Volumes/HadesGodBlue/CodeSook/codesook-glyph/duck/debug/artifacts/00954_09_grid_tiles_assembled_duck--pgf-af5e4607-f000018_png.png
[1787303117230 #00955] artifact: coverage-terminal 64x64 cell=1x2 /Volumes/HadesGodBlue/CodeSook/codesook-glyph/duck/debug/artifacts/00955_09_grid_tiles_assembled_duck--pgf-af5e4607-f000018_png_terminal_preview.png
[1787303117230 #00956] artifact: coverage 64x64 /Volumes/HadesGodBlue/CodeSook/codesook-glyph/duck/debug/artifacts/00956_10_grid_tiles_assembled_bordered_duck--pgf-af5e4607-f000018_png.png
[1787303117230 #00957] artifact: coverage-terminal 64x64 cell=1x2 /Volumes/HadesGodBlue/CodeSook/codesook-glyph/duck/debug/artifacts/00957_10_grid_tiles_assembled_bordered_duck--pgf-af5e4607-f000018_png_terminal_preview.png
[1787303117230 #00958] grid.assembled: source=duck--pgf-af5e4607-f000018.png logical=1x1 emitted=1x2 size=64x64
[1787303117231 #00959] source.done: source=duck--pgf-af5e4607-f000018.png mode=compose
[1787303117231 #00960] source.begin: source=duck--pgf-af5e4607-f000019.png path=/Volumes/HadesGodBlue/CodeSook/codesook-glyph/duck/images/duck--pgf-af5e4607-f000019.png
[1787303117231 #00961] source.compose: source=duck--pgf-af5e4607-f000019.png rows=1 cols=1
[1787303117231 #00962] grid.start: source=duck--pgf-af5e4607-f000019.png rows=1 cols=2 glyph=32x64 fit=PreserveFrame
[1787303117235 #00963] artifact: rgba 512x512 /Volumes/HadesGodBlue/CodeSook/codesook-glyph/duck/debug/artifacts/00963_01_grid_input_rgba_duck--pgf-af5e4607-f000019_png.png
[1787303117236 #00964] artifact: coverage 512x512 /Volumes/HadesGodBlue/CodeSook/codesook-glyph/duck/debug/artifacts/00964_02_grid_input_coverage_duck--pgf-af5e4607-f000019_png.png
[1787303117237 #00965] artifact: coverage-terminal 512x512 cell=1x2 /Volumes/HadesGodBlue/CodeSook/codesook-glyph/duck/debug/artifacts/00965_02_grid_input_coverage_duck--pgf-af5e4607-f000019_png_terminal_preview.png
[1787303117237 #00966] grid.frame: source=duck--pgf-af5e4607-f000019.png preserving full frame 512x512 target=64x64
[1787303117238 #00967] artifact: coverage 512x512 /Volumes/HadesGodBlue/CodeSook/codesook-glyph/duck/debug/artifacts/00967_03_grid_fit_source_coverage_duck--pgf-af5e4607-f000019_png.png
[1787303117239 #00968] artifact: coverage-terminal 512x512 cell=1x2 /Volumes/HadesGodBlue/CodeSook/codesook-glyph/duck/debug/artifacts/00968_03_grid_fit_source_coverage_duck--pgf-af5e4607-f000019_png_terminal_preview.png
[1787303117241 #00969] artifact: coverage 64x64 /Volumes/HadesGodBlue/CodeSook/codesook-glyph/duck/debug/artifacts/00969_04_grid_resized_coverage_duck--pgf-af5e4607-f000019_png.png
[1787303117241 #00970] artifact: coverage-terminal 64x64 cell=1x2 /Volumes/HadesGodBlue/CodeSook/codesook-glyph/duck/debug/artifacts/00970_04_grid_resized_coverage_duck--pgf-af5e4607-f000019_png_terminal_preview.png
[1787303117241 #00971] grid.placement: source=duck--pgf-af5e4607-f000019.png resized=64x64 offset=(0, 0)
[1787303117241 #00972] artifact: coverage 64x64 /Volumes/HadesGodBlue/CodeSook/codesook-glyph/duck/debug/artifacts/00972_05_grid_centered_coverage_duck--pgf-af5e4607-f000019_png.png
[1787303117242 #00973] artifact: coverage-terminal 64x64 cell=1x2 /Volumes/HadesGodBlue/CodeSook/codesook-glyph/duck/debug/artifacts/00973_05_grid_centered_coverage_duck--pgf-af5e4607-f000019_png_terminal_preview.png
[1787303117242 #00974] artifact: coverage 64x64 /Volumes/HadesGodBlue/CodeSook/codesook-glyph/duck/debug/artifacts/00974_06_grid_fitted_full_coverage_duck--pgf-af5e4607-f000019_png.png
[1787303117242 #00975] artifact: coverage-terminal 64x64 cell=1x2 /Volumes/HadesGodBlue/CodeSook/codesook-glyph/duck/debug/artifacts/00975_06_grid_fitted_full_coverage_duck--pgf-af5e4607-f000019_png_terminal_preview.png
[1787303117242 #00976] grid.done: source=duck--pgf-af5e4607-f000019.png target=64x64
[1787303117242 #00977] artifact: coverage 32x64 /Volumes/HadesGodBlue/CodeSook/codesook-glyph/duck/debug/artifacts/00977_08_grid_tile_coverage_duck--pgf-af5e4607-f000019_png_r1_c1_l.png
[1787303117243 #00978] artifact: coverage-terminal 32x64 cell=1x2 /Volumes/HadesGodBlue/CodeSook/codesook-glyph/duck/debug/artifacts/00978_08_grid_tile_coverage_duck--pgf-af5e4607-f000019_png_r1_c1_l_terminal_preview.png
[1787303117243 #00979] grid.tile: source=duck--pgf-af5e4607-f000019.png tile=(0,0) logical_col=0 half=l offset=(0, 0) size=32x64
[1787303117243 #00980] artifact: coverage 32x64 /Volumes/HadesGodBlue/CodeSook/codesook-glyph/duck/debug/artifacts/00980_08_grid_tile_coverage_duck--pgf-af5e4607-f000019_png_r1_c1_r.png
[1787303117243 #00981] artifact: coverage-terminal 32x64 cell=1x2 /Volumes/HadesGodBlue/CodeSook/codesook-glyph/duck/debug/artifacts/00981_08_grid_tile_coverage_duck--pgf-af5e4607-f000019_png_r1_c1_r_terminal_preview.png
[1787303117243 #00982] grid.tile: source=duck--pgf-af5e4607-f000019.png tile=(0,1) logical_col=0 half=r offset=(32, 0) size=32x64
[1787303117244 #00983] artifact: coverage 64x64 /Volumes/HadesGodBlue/CodeSook/codesook-glyph/duck/debug/artifacts/00983_09_grid_tiles_assembled_duck--pgf-af5e4607-f000019_png.png
[1787303117244 #00984] artifact: coverage-terminal 64x64 cell=1x2 /Volumes/HadesGodBlue/CodeSook/codesook-glyph/duck/debug/artifacts/00984_09_grid_tiles_assembled_duck--pgf-af5e4607-f000019_png_terminal_preview.png
[1787303117244 #00985] artifact: coverage 64x64 /Volumes/HadesGodBlue/CodeSook/codesook-glyph/duck/debug/artifacts/00985_10_grid_tiles_assembled_bordered_duck--pgf-af5e4607-f000019_png.png
[1787303117244 #00986] artifact: coverage-terminal 64x64 cell=1x2 /Volumes/HadesGodBlue/CodeSook/codesook-glyph/duck/debug/artifacts/00986_10_grid_tiles_assembled_bordered_duck--pgf-af5e4607-f000019_png_terminal_preview.png
[1787303117244 #00987] grid.assembled: source=duck--pgf-af5e4607-f000019.png logical=1x1 emitted=1x2 size=64x64
[1787303117244 #00988] source.done: source=duck--pgf-af5e4607-f000019.png mode=compose
[1787303117245 #00989] source.begin: source=duck--pgf-af5e4607-f000020.png path=/Volumes/HadesGodBlue/CodeSook/codesook-glyph/duck/images/duck--pgf-af5e4607-f000020.png
[1787303117245 #00990] source.compose: source=duck--pgf-af5e4607-f000020.png rows=1 cols=1
[1787303117245 #00991] grid.start: source=duck--pgf-af5e4607-f000020.png rows=1 cols=2 glyph=32x64 fit=PreserveFrame
[1787303117249 #00992] artifact: rgba 512x512 /Volumes/HadesGodBlue/CodeSook/codesook-glyph/duck/debug/artifacts/00992_01_grid_input_rgba_duck--pgf-af5e4607-f000020_png.png
[1787303117251 #00993] artifact: coverage 512x512 /Volumes/HadesGodBlue/CodeSook/codesook-glyph/duck/debug/artifacts/00993_02_grid_input_coverage_duck--pgf-af5e4607-f000020_png.png
[1787303117252 #00994] artifact: coverage-terminal 512x512 cell=1x2 /Volumes/HadesGodBlue/CodeSook/codesook-glyph/duck/debug/artifacts/00994_02_grid_input_coverage_duck--pgf-af5e4607-f000020_png_terminal_preview.png
[1787303117252 #00995] grid.frame: source=duck--pgf-af5e4607-f000020.png preserving full frame 512x512 target=64x64
[1787303117253 #00996] artifact: coverage 512x512 /Volumes/HadesGodBlue/CodeSook/codesook-glyph/duck/debug/artifacts/00996_03_grid_fit_source_coverage_duck--pgf-af5e4607-f000020_png.png
[1787303117253 #00997] artifact: coverage-terminal 512x512 cell=1x2 /Volumes/HadesGodBlue/CodeSook/codesook-glyph/duck/debug/artifacts/00997_03_grid_fit_source_coverage_duck--pgf-af5e4607-f000020_png_terminal_preview.png
[1787303117255 #00998] artifact: coverage 64x64 /Volumes/HadesGodBlue/CodeSook/codesook-glyph/duck/debug/artifacts/00998_04_grid_resized_coverage_duck--pgf-af5e4607-f000020_png.png
[1787303117255 #00999] artifact: coverage-terminal 64x64 cell=1x2 /Volumes/HadesGodBlue/CodeSook/codesook-glyph/duck/debug/artifacts/00999_04_grid_resized_coverage_duck--pgf-af5e4607-f000020_png_terminal_preview.png
[1787303117255 #01000] grid.placement: source=duck--pgf-af5e4607-f000020.png resized=64x64 offset=(0, 0)
[1787303117256 #01001] artifact: coverage 64x64 /Volumes/HadesGodBlue/CodeSook/codesook-glyph/duck/debug/artifacts/01001_05_grid_centered_coverage_duck--pgf-af5e4607-f000020_png.png
[1787303117256 #01002] artifact: coverage-terminal 64x64 cell=1x2 /Volumes/HadesGodBlue/CodeSook/codesook-glyph/duck/debug/artifacts/01002_05_grid_centered_coverage_duck--pgf-af5e4607-f000020_png_terminal_preview.png
[1787303117256 #01003] artifact: coverage 64x64 /Volumes/HadesGodBlue/CodeSook/codesook-glyph/duck/debug/artifacts/01003_06_grid_fitted_full_coverage_duck--pgf-af5e4607-f000020_png.png
[1787303117256 #01004] artifact: coverage-terminal 64x64 cell=1x2 /Volumes/HadesGodBlue/CodeSook/codesook-glyph/duck/debug/artifacts/01004_06_grid_fitted_full_coverage_duck--pgf-af5e4607-f000020_png_terminal_preview.png
[1787303117256 #01005] grid.done: source=duck--pgf-af5e4607-f000020.png target=64x64
[1787303117257 #01006] artifact: coverage 32x64 /Volumes/HadesGodBlue/CodeSook/codesook-glyph/duck/debug/artifacts/01006_08_grid_tile_coverage_duck--pgf-af5e4607-f000020_png_r1_c1_l.png
[1787303117257 #01007] artifact: coverage-terminal 32x64 cell=1x2 /Volumes/HadesGodBlue/CodeSook/codesook-glyph/duck/debug/artifacts/01007_08_grid_tile_coverage_duck--pgf-af5e4607-f000020_png_r1_c1_l_terminal_preview.png
[1787303117257 #01008] grid.tile: source=duck--pgf-af5e4607-f000020.png tile=(0,0) logical_col=0 half=l offset=(0, 0) size=32x64
[1787303117257 #01009] artifact: coverage 32x64 /Volumes/HadesGodBlue/CodeSook/codesook-glyph/duck/debug/artifacts/01009_08_grid_tile_coverage_duck--pgf-af5e4607-f000020_png_r1_c1_r.png
[1787303117257 #01010] artifact: coverage-terminal 32x64 cell=1x2 /Volumes/HadesGodBlue/CodeSook/codesook-glyph/duck/debug/artifacts/01010_08_grid_tile_coverage_duck--pgf-af5e4607-f000020_png_r1_c1_r_terminal_preview.png
[1787303117257 #01011] grid.tile: source=duck--pgf-af5e4607-f000020.png tile=(0,1) logical_col=0 half=r offset=(32, 0) size=32x64
[1787303117258 #01012] artifact: coverage 64x64 /Volumes/HadesGodBlue/CodeSook/codesook-glyph/duck/debug/artifacts/01012_09_grid_tiles_assembled_duck--pgf-af5e4607-f000020_png.png
[1787303117258 #01013] artifact: coverage-terminal 64x64 cell=1x2 /Volumes/HadesGodBlue/CodeSook/codesook-glyph/duck/debug/artifacts/01013_09_grid_tiles_assembled_duck--pgf-af5e4607-f000020_png_terminal_preview.png
[1787303117258 #01014] artifact: coverage 64x64 /Volumes/HadesGodBlue/CodeSook/codesook-glyph/duck/debug/artifacts/01014_10_grid_tiles_assembled_bordered_duck--pgf-af5e4607-f000020_png.png
[1787303117258 #01015] artifact: coverage-terminal 64x64 cell=1x2 /Volumes/HadesGodBlue/CodeSook/codesook-glyph/duck/debug/artifacts/01015_10_grid_tiles_assembled_bordered_duck--pgf-af5e4607-f000020_png_terminal_preview.png
[1787303117258 #01016] grid.assembled: source=duck--pgf-af5e4607-f000020.png logical=1x1 emitted=1x2 size=64x64
[1787303117258 #01017] source.done: source=duck--pgf-af5e4607-f000020.png mode=compose
[1787303117259 #01018] source.begin: source=off--pgf-5d0fdbf6-f000001.png path=/Volumes/HadesGodBlue/CodeSook/codesook-glyph/duck/images/off--pgf-5d0fdbf6-f000001.png
[1787303117259 #01019] source.compose: source=off--pgf-5d0fdbf6-f000001.png rows=1 cols=1
[1787303117259 #01020] grid.start: source=off--pgf-5d0fdbf6-f000001.png rows=1 cols=2 glyph=32x64 fit=PreserveFrame
[1787303117261 #01021] artifact: rgba 480x480 /Volumes/HadesGodBlue/CodeSook/codesook-glyph/duck/debug/artifacts/01021_01_grid_input_rgba_off--pgf-5d0fdbf6-f000001_png.png
[1787303117263 #01022] artifact: coverage 480x480 /Volumes/HadesGodBlue/CodeSook/codesook-glyph/duck/debug/artifacts/01022_02_grid_input_coverage_off--pgf-5d0fdbf6-f000001_png.png
[1787303117263 #01023] artifact: coverage-terminal 480x480 cell=1x2 /Volumes/HadesGodBlue/CodeSook/codesook-glyph/duck/debug/artifacts/01023_02_grid_input_coverage_off--pgf-5d0fdbf6-f000001_png_terminal_preview.png
[1787303117263 #01024] grid.frame: source=off--pgf-5d0fdbf6-f000001.png preserving full frame 480x480 target=64x64
[1787303117264 #01025] artifact: coverage 480x480 /Volumes/HadesGodBlue/CodeSook/codesook-glyph/duck/debug/artifacts/01025_03_grid_fit_source_coverage_off--pgf-5d0fdbf6-f000001_png.png
[1787303117265 #01026] artifact: coverage-terminal 480x480 cell=1x2 /Volumes/HadesGodBlue/CodeSook/codesook-glyph/duck/debug/artifacts/01026_03_grid_fit_source_coverage_off--pgf-5d0fdbf6-f000001_png_terminal_preview.png
[1787303117266 #01027] artifact: coverage 64x64 /Volumes/HadesGodBlue/CodeSook/codesook-glyph/duck/debug/artifacts/01027_04_grid_resized_coverage_off--pgf-5d0fdbf6-f000001_png.png
[1787303117267 #01028] artifact: coverage-terminal 64x64 cell=1x2 /Volumes/HadesGodBlue/CodeSook/codesook-glyph/duck/debug/artifacts/01028_04_grid_resized_coverage_off--pgf-5d0fdbf6-f000001_png_terminal_preview.png
[1787303117267 #01029] grid.placement: source=off--pgf-5d0fdbf6-f000001.png resized=64x64 offset=(0, 0)
[1787303117267 #01030] artifact: coverage 64x64 /Volumes/HadesGodBlue/CodeSook/codesook-glyph/duck/debug/artifacts/01030_05_grid_centered_coverage_off--pgf-5d0fdbf6-f000001_png.png
[1787303117267 #01031] artifact: coverage-terminal 64x64 cell=1x2 /Volumes/HadesGodBlue/CodeSook/codesook-glyph/duck/debug/artifacts/01031_05_grid_centered_coverage_off--pgf-5d0fdbf6-f000001_png_terminal_preview.png
[1787303117267 #01032] artifact: coverage 64x64 /Volumes/HadesGodBlue/CodeSook/codesook-glyph/duck/debug/artifacts/01032_06_grid_fitted_full_coverage_off--pgf-5d0fdbf6-f000001_png.png
[1787303117267 #01033] artifact: coverage-terminal 64x64 cell=1x2 /Volumes/HadesGodBlue/CodeSook/codesook-glyph/duck/debug/artifacts/01033_06_grid_fitted_full_coverage_off--pgf-5d0fdbf6-f000001_png_terminal_preview.png
[1787303117268 #01034] grid.done: source=off--pgf-5d0fdbf6-f000001.png target=64x64
[1787303117268 #01035] artifact: coverage 32x64 /Volumes/HadesGodBlue/CodeSook/codesook-glyph/duck/debug/artifacts/01035_08_grid_tile_coverage_off--pgf-5d0fdbf6-f000001_png_r1_c1_l.png
[1787303117268 #01036] artifact: coverage-terminal 32x64 cell=1x2 /Volumes/HadesGodBlue/CodeSook/codesook-glyph/duck/debug/artifacts/01036_08_grid_tile_coverage_off--pgf-5d0fdbf6-f000001_png_r1_c1_l_terminal_preview.png
[1787303117268 #01037] grid.tile: source=off--pgf-5d0fdbf6-f000001.png tile=(0,0) logical_col=0 half=l offset=(0, 0) size=32x64
[1787303117268 #01038] artifact: coverage 32x64 /Volumes/HadesGodBlue/CodeSook/codesook-glyph/duck/debug/artifacts/01038_08_grid_tile_coverage_off--pgf-5d0fdbf6-f000001_png_r1_c1_r.png
[1787303117269 #01039] artifact: coverage-terminal 32x64 cell=1x2 /Volumes/HadesGodBlue/CodeSook/codesook-glyph/duck/debug/artifacts/01039_08_grid_tile_coverage_off--pgf-5d0fdbf6-f000001_png_r1_c1_r_terminal_preview.png
[1787303117269 #01040] grid.tile: source=off--pgf-5d0fdbf6-f000001.png tile=(0,1) logical_col=0 half=r offset=(32, 0) size=32x64
[1787303117269 #01041] artifact: coverage 64x64 /Volumes/HadesGodBlue/CodeSook/codesook-glyph/duck/debug/artifacts/01041_09_grid_tiles_assembled_off--pgf-5d0fdbf6-f000001_png.png
[1787303117269 #01042] artifact: coverage-terminal 64x64 cell=1x2 /Volumes/HadesGodBlue/CodeSook/codesook-glyph/duck/debug/artifacts/01042_09_grid_tiles_assembled_off--pgf-5d0fdbf6-f000001_png_terminal_preview.png
[1787303117269 #01043] artifact: coverage 64x64 /Volumes/HadesGodBlue/CodeSook/codesook-glyph/duck/debug/artifacts/01043_10_grid_tiles_assembled_bordered_off--pgf-5d0fdbf6-f000001_png.png
[1787303117269 #01044] artifact: coverage-terminal 64x64 cell=1x2 /Volumes/HadesGodBlue/CodeSook/codesook-glyph/duck/debug/artifacts/01044_10_grid_tiles_assembled_bordered_off--pgf-5d0fdbf6-f000001_png_terminal_preview.png
[1787303117270 #01045] grid.assembled: source=off--pgf-5d0fdbf6-f000001.png logical=1x1 emitted=1x2 size=64x64
[1787303117270 #01046] source.done: source=off--pgf-5d0fdbf6-f000001.png mode=compose
[1787303117270 #01047] source.begin: source=off--pgf-5d0fdbf6-f000002.png path=/Volumes/HadesGodBlue/CodeSook/codesook-glyph/duck/images/off--pgf-5d0fdbf6-f000002.png
[1787303117270 #01048] source.compose: source=off--pgf-5d0fdbf6-f000002.png rows=1 cols=1
[1787303117270 #01049] grid.start: source=off--pgf-5d0fdbf6-f000002.png rows=1 cols=2 glyph=32x64 fit=PreserveFrame
[1787303117272 #01050] artifact: rgba 480x480 /Volumes/HadesGodBlue/CodeSook/codesook-glyph/duck/debug/artifacts/01050_01_grid_input_rgba_off--pgf-5d0fdbf6-f000002_png.png
[1787303117274 #01051] artifact: coverage 480x480 /Volumes/HadesGodBlue/CodeSook/codesook-glyph/duck/debug/artifacts/01051_02_grid_input_coverage_off--pgf-5d0fdbf6-f000002_png.png
[1787303117274 #01052] artifact: coverage-terminal 480x480 cell=1x2 /Volumes/HadesGodBlue/CodeSook/codesook-glyph/duck/debug/artifacts/01052_02_grid_input_coverage_off--pgf-5d0fdbf6-f000002_png_terminal_preview.png
[1787303117274 #01053] grid.frame: source=off--pgf-5d0fdbf6-f000002.png preserving full frame 480x480 target=64x64
[1787303117275 #01054] artifact: coverage 480x480 /Volumes/HadesGodBlue/CodeSook/codesook-glyph/duck/debug/artifacts/01054_03_grid_fit_source_coverage_off--pgf-5d0fdbf6-f000002_png.png
[1787303117275 #01055] artifact: coverage-terminal 480x480 cell=1x2 /Volumes/HadesGodBlue/CodeSook/codesook-glyph/duck/debug/artifacts/01055_03_grid_fit_source_coverage_off--pgf-5d0fdbf6-f000002_png_terminal_preview.png
[1787303117277 #01056] artifact: coverage 64x64 /Volumes/HadesGodBlue/CodeSook/codesook-glyph/duck/debug/artifacts/01056_04_grid_resized_coverage_off--pgf-5d0fdbf6-f000002_png.png
[1787303117277 #01057] artifact: coverage-terminal 64x64 cell=1x2 /Volumes/HadesGodBlue/CodeSook/codesook-glyph/duck/debug/artifacts/01057_04_grid_resized_coverage_off--pgf-5d0fdbf6-f000002_png_terminal_preview.png
[1787303117277 #01058] grid.placement: source=off--pgf-5d0fdbf6-f000002.png resized=64x64 offset=(0, 0)
[1787303117278 #01059] artifact: coverage 64x64 /Volumes/HadesGodBlue/CodeSook/codesook-glyph/duck/debug/artifacts/01059_05_grid_centered_coverage_off--pgf-5d0fdbf6-f000002_png.png
[1787303117278 #01060] artifact: coverage-terminal 64x64 cell=1x2 /Volumes/HadesGodBlue/CodeSook/codesook-glyph/duck/debug/artifacts/01060_05_grid_centered_coverage_off--pgf-5d0fdbf6-f000002_png_terminal_preview.png
[1787303117278 #01061] artifact: coverage 64x64 /Volumes/HadesGodBlue/CodeSook/codesook-glyph/duck/debug/artifacts/01061_06_grid_fitted_full_coverage_off--pgf-5d0fdbf6-f000002_png.png
[1787303117278 #01062] artifact: coverage-terminal 64x64 cell=1x2 /Volumes/HadesGodBlue/CodeSook/codesook-glyph/duck/debug/artifacts/01062_06_grid_fitted_full_coverage_off--pgf-5d0fdbf6-f000002_png_terminal_preview.png
[1787303117278 #01063] grid.done: source=off--pgf-5d0fdbf6-f000002.png target=64x64
[1787303117279 #01064] artifact: coverage 32x64 /Volumes/HadesGodBlue/CodeSook/codesook-glyph/duck/debug/artifacts/01064_08_grid_tile_coverage_off--pgf-5d0fdbf6-f000002_png_r1_c1_l.png
[1787303117279 #01065] artifact: coverage-terminal 32x64 cell=1x2 /Volumes/HadesGodBlue/CodeSook/codesook-glyph/duck/debug/artifacts/01065_08_grid_tile_coverage_off--pgf-5d0fdbf6-f000002_png_r1_c1_l_terminal_preview.png
[1787303117279 #01066] grid.tile: source=off--pgf-5d0fdbf6-f000002.png tile=(0,0) logical_col=0 half=l offset=(0, 0) size=32x64
[1787303117279 #01067] artifact: coverage 32x64 /Volumes/HadesGodBlue/CodeSook/codesook-glyph/duck/debug/artifacts/01067_08_grid_tile_coverage_off--pgf-5d0fdbf6-f000002_png_r1_c1_r.png
[1787303117279 #01068] artifact: coverage-terminal 32x64 cell=1x2 /Volumes/HadesGodBlue/CodeSook/codesook-glyph/duck/debug/artifacts/01068_08_grid_tile_coverage_off--pgf-5d0fdbf6-f000002_png_r1_c1_r_terminal_preview.png
[1787303117279 #01069] grid.tile: source=off--pgf-5d0fdbf6-f000002.png tile=(0,1) logical_col=0 half=r offset=(32, 0) size=32x64
[1787303117280 #01070] artifact: coverage 64x64 /Volumes/HadesGodBlue/CodeSook/codesook-glyph/duck/debug/artifacts/01070_09_grid_tiles_assembled_off--pgf-5d0fdbf6-f000002_png.png
[1787303117280 #01071] artifact: coverage-terminal 64x64 cell=1x2 /Volumes/HadesGodBlue/CodeSook/codesook-glyph/duck/debug/artifacts/01071_09_grid_tiles_assembled_off--pgf-5d0fdbf6-f000002_png_terminal_preview.png
[1787303117280 #01072] artifact: coverage 64x64 /Volumes/HadesGodBlue/CodeSook/codesook-glyph/duck/debug/artifacts/01072_10_grid_tiles_assembled_bordered_off--pgf-5d0fdbf6-f000002_png.png
[1787303117280 #01073] artifact: coverage-terminal 64x64 cell=1x2 /Volumes/HadesGodBlue/CodeSook/codesook-glyph/duck/debug/artifacts/01073_10_grid_tiles_assembled_bordered_off--pgf-5d0fdbf6-f000002_png_terminal_preview.png
[1787303117280 #01074] grid.assembled: source=off--pgf-5d0fdbf6-f000002.png logical=1x1 emitted=1x2 size=64x64
[1787303117280 #01075] source.done: source=off--pgf-5d0fdbf6-f000002.png mode=compose
[1787303117281 #01076] source.begin: source=off--pgf-5d0fdbf6-f000003.png path=/Volumes/HadesGodBlue/CodeSook/codesook-glyph/duck/images/off--pgf-5d0fdbf6-f000003.png
[1787303117281 #01077] source.compose: source=off--pgf-5d0fdbf6-f000003.png rows=1 cols=1
[1787303117281 #01078] grid.start: source=off--pgf-5d0fdbf6-f000003.png rows=1 cols=2 glyph=32x64 fit=PreserveFrame
[1787303117283 #01079] artifact: rgba 480x480 /Volumes/HadesGodBlue/CodeSook/codesook-glyph/duck/debug/artifacts/01079_01_grid_input_rgba_off--pgf-5d0fdbf6-f000003_png.png
[1787303117284 #01080] artifact: coverage 480x480 /Volumes/HadesGodBlue/CodeSook/codesook-glyph/duck/debug/artifacts/01080_02_grid_input_coverage_off--pgf-5d0fdbf6-f000003_png.png
[1787303117285 #01081] artifact: coverage-terminal 480x480 cell=1x2 /Volumes/HadesGodBlue/CodeSook/codesook-glyph/duck/debug/artifacts/01081_02_grid_input_coverage_off--pgf-5d0fdbf6-f000003_png_terminal_preview.png
[1787303117285 #01082] grid.frame: source=off--pgf-5d0fdbf6-f000003.png preserving full frame 480x480 target=64x64
[1787303117286 #01083] artifact: coverage 480x480 /Volumes/HadesGodBlue/CodeSook/codesook-glyph/duck/debug/artifacts/01083_03_grid_fit_source_coverage_off--pgf-5d0fdbf6-f000003_png.png
[1787303117286 #01084] artifact: coverage-terminal 480x480 cell=1x2 /Volumes/HadesGodBlue/CodeSook/codesook-glyph/duck/debug/artifacts/01084_03_grid_fit_source_coverage_off--pgf-5d0fdbf6-f000003_png_terminal_preview.png
[1787303117288 #01085] artifact: coverage 64x64 /Volumes/HadesGodBlue/CodeSook/codesook-glyph/duck/debug/artifacts/01085_04_grid_resized_coverage_off--pgf-5d0fdbf6-f000003_png.png
[1787303117288 #01086] artifact: coverage-terminal 64x64 cell=1x2 /Volumes/HadesGodBlue/CodeSook/codesook-glyph/duck/debug/artifacts/01086_04_grid_resized_coverage_off--pgf-5d0fdbf6-f000003_png_terminal_preview.png
[1787303117288 #01087] grid.placement: source=off--pgf-5d0fdbf6-f000003.png resized=64x64 offset=(0, 0)
[1787303117288 #01088] artifact: coverage 64x64 /Volumes/HadesGodBlue/CodeSook/codesook-glyph/duck/debug/artifacts/01088_05_grid_centered_coverage_off--pgf-5d0fdbf6-f000003_png.png
[1787303117288 #01089] artifact: coverage-terminal 64x64 cell=1x2 /Volumes/HadesGodBlue/CodeSook/codesook-glyph/duck/debug/artifacts/01089_05_grid_centered_coverage_off--pgf-5d0fdbf6-f000003_png_terminal_preview.png
[1787303117289 #01090] artifact: coverage 64x64 /Volumes/HadesGodBlue/CodeSook/codesook-glyph/duck/debug/artifacts/01090_06_grid_fitted_full_coverage_off--pgf-5d0fdbf6-f000003_png.png
[1787303117289 #01091] artifact: coverage-terminal 64x64 cell=1x2 /Volumes/HadesGodBlue/CodeSook/codesook-glyph/duck/debug/artifacts/01091_06_grid_fitted_full_coverage_off--pgf-5d0fdbf6-f000003_png_terminal_preview.png
[1787303117289 #01092] grid.done: source=off--pgf-5d0fdbf6-f000003.png target=64x64
[1787303117289 #01093] artifact: coverage 32x64 /Volumes/HadesGodBlue/CodeSook/codesook-glyph/duck/debug/artifacts/01093_08_grid_tile_coverage_off--pgf-5d0fdbf6-f000003_png_r1_c1_l.png
[1787303117289 #01094] artifact: coverage-terminal 32x64 cell=1x2 /Volumes/HadesGodBlue/CodeSook/codesook-glyph/duck/debug/artifacts/01094_08_grid_tile_coverage_off--pgf-5d0fdbf6-f000003_png_r1_c1_l_terminal_preview.png
[1787303117289 #01095] grid.tile: source=off--pgf-5d0fdbf6-f000003.png tile=(0,0) logical_col=0 half=l offset=(0, 0) size=32x64
[1787303117290 #01096] artifact: coverage 32x64 /Volumes/HadesGodBlue/CodeSook/codesook-glyph/duck/debug/artifacts/01096_08_grid_tile_coverage_off--pgf-5d0fdbf6-f000003_png_r1_c1_r.png
[1787303117290 #01097] artifact: coverage-terminal 32x64 cell=1x2 /Volumes/HadesGodBlue/CodeSook/codesook-glyph/duck/debug/artifacts/01097_08_grid_tile_coverage_off--pgf-5d0fdbf6-f000003_png_r1_c1_r_terminal_preview.png
[1787303117290 #01098] grid.tile: source=off--pgf-5d0fdbf6-f000003.png tile=(0,1) logical_col=0 half=r offset=(32, 0) size=32x64
[1787303117290 #01099] artifact: coverage 64x64 /Volumes/HadesGodBlue/CodeSook/codesook-glyph/duck/debug/artifacts/01099_09_grid_tiles_assembled_off--pgf-5d0fdbf6-f000003_png.png
[1787303117290 #01100] artifact: coverage-terminal 64x64 cell=1x2 /Volumes/HadesGodBlue/CodeSook/codesook-glyph/duck/debug/artifacts/01100_09_grid_tiles_assembled_off--pgf-5d0fdbf6-f000003_png_terminal_preview.png
[1787303117291 #01101] artifact: coverage 64x64 /Volumes/HadesGodBlue/CodeSook/codesook-glyph/duck/debug/artifacts/01101_10_grid_tiles_assembled_bordered_off--pgf-5d0fdbf6-f000003_png.png
[1787303117291 #01102] artifact: coverage-terminal 64x64 cell=1x2 /Volumes/HadesGodBlue/CodeSook/codesook-glyph/duck/debug/artifacts/01102_10_grid_tiles_assembled_bordered_off--pgf-5d0fdbf6-f000003_png_terminal_preview.png
[1787303117291 #01103] grid.assembled: source=off--pgf-5d0fdbf6-f000003.png logical=1x1 emitted=1x2 size=64x64
[1787303117291 #01104] source.done: source=off--pgf-5d0fdbf6-f000003.png mode=compose
[1787303117291 #01105] source.begin: source=off--pgf-5d0fdbf6-f000004.png path=/Volumes/HadesGodBlue/CodeSook/codesook-glyph/duck/images/off--pgf-5d0fdbf6-f000004.png
[1787303117291 #01106] source.compose: source=off--pgf-5d0fdbf6-f000004.png rows=1 cols=1
[1787303117292 #01107] grid.start: source=off--pgf-5d0fdbf6-f000004.png rows=1 cols=2 glyph=32x64 fit=PreserveFrame
[1787303117294 #01108] artifact: rgba 480x480 /Volumes/HadesGodBlue/CodeSook/codesook-glyph/duck/debug/artifacts/01108_01_grid_input_rgba_off--pgf-5d0fdbf6-f000004_png.png
[1787303117295 #01109] artifact: coverage 480x480 /Volumes/HadesGodBlue/CodeSook/codesook-glyph/duck/debug/artifacts/01109_02_grid_input_coverage_off--pgf-5d0fdbf6-f000004_png.png
[1787303117296 #01110] artifact: coverage-terminal 480x480 cell=1x2 /Volumes/HadesGodBlue/CodeSook/codesook-glyph/duck/debug/artifacts/01110_02_grid_input_coverage_off--pgf-5d0fdbf6-f000004_png_terminal_preview.png
[1787303117296 #01111] grid.frame: source=off--pgf-5d0fdbf6-f000004.png preserving full frame 480x480 target=64x64
[1787303117297 #01112] artifact: coverage 480x480 /Volumes/HadesGodBlue/CodeSook/codesook-glyph/duck/debug/artifacts/01112_03_grid_fit_source_coverage_off--pgf-5d0fdbf6-f000004_png.png
[1787303117297 #01113] artifact: coverage-terminal 480x480 cell=1x2 /Volumes/HadesGodBlue/CodeSook/codesook-glyph/duck/debug/artifacts/01113_03_grid_fit_source_coverage_off--pgf-5d0fdbf6-f000004_png_terminal_preview.png
[1787303117299 #01114] artifact: coverage 64x64 /Volumes/HadesGodBlue/CodeSook/codesook-glyph/duck/debug/artifacts/01114_04_grid_resized_coverage_off--pgf-5d0fdbf6-f000004_png.png
[1787303117299 #01115] artifact: coverage-terminal 64x64 cell=1x2 /Volumes/HadesGodBlue/CodeSook/codesook-glyph/duck/debug/artifacts/01115_04_grid_resized_coverage_off--pgf-5d0fdbf6-f000004_png_terminal_preview.png
[1787303117299 #01116] grid.placement: source=off--pgf-5d0fdbf6-f000004.png resized=64x64 offset=(0, 0)
[1787303117299 #01117] artifact: coverage 64x64 /Volumes/HadesGodBlue/CodeSook/codesook-glyph/duck/debug/artifacts/01117_05_grid_centered_coverage_off--pgf-5d0fdbf6-f000004_png.png
[1787303117300 #01118] artifact: coverage-terminal 64x64 cell=1x2 /Volumes/HadesGodBlue/CodeSook/codesook-glyph/duck/debug/artifacts/01118_05_grid_centered_coverage_off--pgf-5d0fdbf6-f000004_png_terminal_preview.png
[1787303117300 #01119] artifact: coverage 64x64 /Volumes/HadesGodBlue/CodeSook/codesook-glyph/duck/debug/artifacts/01119_06_grid_fitted_full_coverage_off--pgf-5d0fdbf6-f000004_png.png
[1787303117300 #01120] artifact: coverage-terminal 64x64 cell=1x2 /Volumes/HadesGodBlue/CodeSook/codesook-glyph/duck/debug/artifacts/01120_06_grid_fitted_full_coverage_off--pgf-5d0fdbf6-f000004_png_terminal_preview.png
[1787303117300 #01121] grid.done: source=off--pgf-5d0fdbf6-f000004.png target=64x64
[1787303117300 #01122] artifact: coverage 32x64 /Volumes/HadesGodBlue/CodeSook/codesook-glyph/duck/debug/artifacts/01122_08_grid_tile_coverage_off--pgf-5d0fdbf6-f000004_png_r1_c1_l.png
[1787303117300 #01123] artifact: coverage-terminal 32x64 cell=1x2 /Volumes/HadesGodBlue/CodeSook/codesook-glyph/duck/debug/artifacts/01123_08_grid_tile_coverage_off--pgf-5d0fdbf6-f000004_png_r1_c1_l_terminal_preview.png
[1787303117301 #01124] grid.tile: source=off--pgf-5d0fdbf6-f000004.png tile=(0,0) logical_col=0 half=l offset=(0, 0) size=32x64
[1787303117301 #01125] artifact: coverage 32x64 /Volumes/HadesGodBlue/CodeSook/codesook-glyph/duck/debug/artifacts/01125_08_grid_tile_coverage_off--pgf-5d0fdbf6-f000004_png_r1_c1_r.png
[1787303117301 #01126] artifact: coverage-terminal 32x64 cell=1x2 /Volumes/HadesGodBlue/CodeSook/codesook-glyph/duck/debug/artifacts/01126_08_grid_tile_coverage_off--pgf-5d0fdbf6-f000004_png_r1_c1_r_terminal_preview.png
[1787303117301 #01127] grid.tile: source=off--pgf-5d0fdbf6-f000004.png tile=(0,1) logical_col=0 half=r offset=(32, 0) size=32x64
[1787303117301 #01128] artifact: coverage 64x64 /Volumes/HadesGodBlue/CodeSook/codesook-glyph/duck/debug/artifacts/01128_09_grid_tiles_assembled_off--pgf-5d0fdbf6-f000004_png.png
[1787303117302 #01129] artifact: coverage-terminal 64x64 cell=1x2 /Volumes/HadesGodBlue/CodeSook/codesook-glyph/duck/debug/artifacts/01129_09_grid_tiles_assembled_off--pgf-5d0fdbf6-f000004_png_terminal_preview.png
[1787303117302 #01130] artifact: coverage 64x64 /Volumes/HadesGodBlue/CodeSook/codesook-glyph/duck/debug/artifacts/01130_10_grid_tiles_assembled_bordered_off--pgf-5d0fdbf6-f000004_png.png
[1787303117302 #01131] artifact: coverage-terminal 64x64 cell=1x2 /Volumes/HadesGodBlue/CodeSook/codesook-glyph/duck/debug/artifacts/01131_10_grid_tiles_assembled_bordered_off--pgf-5d0fdbf6-f000004_png_terminal_preview.png
[1787303117302 #01132] grid.assembled: source=off--pgf-5d0fdbf6-f000004.png logical=1x1 emitted=1x2 size=64x64
[1787303117302 #01133] source.done: source=off--pgf-5d0fdbf6-f000004.png mode=compose
[1787303117302 #01134] source.begin: source=off--pgf-5d0fdbf6-f000005.png path=/Volumes/HadesGodBlue/CodeSook/codesook-glyph/duck/images/off--pgf-5d0fdbf6-f000005.png
[1787303117302 #01135] source.compose: source=off--pgf-5d0fdbf6-f000005.png rows=1 cols=1
[1787303117303 #01136] grid.start: source=off--pgf-5d0fdbf6-f000005.png rows=1 cols=2 glyph=32x64 fit=PreserveFrame
[1787303117305 #01137] artifact: rgba 480x480 /Volumes/HadesGodBlue/CodeSook/codesook-glyph/duck/debug/artifacts/01137_01_grid_input_rgba_off--pgf-5d0fdbf6-f000005_png.png
[1787303117306 #01138] artifact: coverage 480x480 /Volumes/HadesGodBlue/CodeSook/codesook-glyph/duck/debug/artifacts/01138_02_grid_input_coverage_off--pgf-5d0fdbf6-f000005_png.png
[1787303117307 #01139] artifact: coverage-terminal 480x480 cell=1x2 /Volumes/HadesGodBlue/CodeSook/codesook-glyph/duck/debug/artifacts/01139_02_grid_input_coverage_off--pgf-5d0fdbf6-f000005_png_terminal_preview.png
[1787303117307 #01140] grid.frame: source=off--pgf-5d0fdbf6-f000005.png preserving full frame 480x480 target=64x64
[1787303117307 #01141] artifact: coverage 480x480 /Volumes/HadesGodBlue/CodeSook/codesook-glyph/duck/debug/artifacts/01141_03_grid_fit_source_coverage_off--pgf-5d0fdbf6-f000005_png.png
[1787303117308 #01142] artifact: coverage-terminal 480x480 cell=1x2 /Volumes/HadesGodBlue/CodeSook/codesook-glyph/duck/debug/artifacts/01142_03_grid_fit_source_coverage_off--pgf-5d0fdbf6-f000005_png_terminal_preview.png
[1787303117310 #01143] artifact: coverage 64x64 /Volumes/HadesGodBlue/CodeSook/codesook-glyph/duck/debug/artifacts/01143_04_grid_resized_coverage_off--pgf-5d0fdbf6-f000005_png.png
[1787303117310 #01144] artifact: coverage-terminal 64x64 cell=1x2 /Volumes/HadesGodBlue/CodeSook/codesook-glyph/duck/debug/artifacts/01144_04_grid_resized_coverage_off--pgf-5d0fdbf6-f000005_png_terminal_preview.png
[1787303117310 #01145] grid.placement: source=off--pgf-5d0fdbf6-f000005.png resized=64x64 offset=(0, 0)
[1787303117310 #01146] artifact: coverage 64x64 /Volumes/HadesGodBlue/CodeSook/codesook-glyph/duck/debug/artifacts/01146_05_grid_centered_coverage_off--pgf-5d0fdbf6-f000005_png.png
[1787303117310 #01147] artifact: coverage-terminal 64x64 cell=1x2 /Volumes/HadesGodBlue/CodeSook/codesook-glyph/duck/debug/artifacts/01147_05_grid_centered_coverage_off--pgf-5d0fdbf6-f000005_png_terminal_preview.png
[1787303117311 #01148] artifact: coverage 64x64 /Volumes/HadesGodBlue/CodeSook/codesook-glyph/duck/debug/artifacts/01148_06_grid_fitted_full_coverage_off--pgf-5d0fdbf6-f000005_png.png
[1787303117311 #01149] artifact: coverage-terminal 64x64 cell=1x2 /Volumes/HadesGodBlue/CodeSook/codesook-glyph/duck/debug/artifacts/01149_06_grid_fitted_full_coverage_off--pgf-5d0fdbf6-f000005_png_terminal_preview.png
[1787303117311 #01150] grid.done: source=off--pgf-5d0fdbf6-f000005.png target=64x64
[1787303117311 #01151] artifact: coverage 32x64 /Volumes/HadesGodBlue/CodeSook/codesook-glyph/duck/debug/artifacts/01151_08_grid_tile_coverage_off--pgf-5d0fdbf6-f000005_png_r1_c1_l.png
[1787303117311 #01152] artifact: coverage-terminal 32x64 cell=1x2 /Volumes/HadesGodBlue/CodeSook/codesook-glyph/duck/debug/artifacts/01152_08_grid_tile_coverage_off--pgf-5d0fdbf6-f000005_png_r1_c1_l_terminal_preview.png
[1787303117311 #01153] grid.tile: source=off--pgf-5d0fdbf6-f000005.png tile=(0,0) logical_col=0 half=l offset=(0, 0) size=32x64
[1787303117312 #01154] artifact: coverage 32x64 /Volumes/HadesGodBlue/CodeSook/codesook-glyph/duck/debug/artifacts/01154_08_grid_tile_coverage_off--pgf-5d0fdbf6-f000005_png_r1_c1_r.png
[1787303117312 #01155] artifact: coverage-terminal 32x64 cell=1x2 /Volumes/HadesGodBlue/CodeSook/codesook-glyph/duck/debug/artifacts/01155_08_grid_tile_coverage_off--pgf-5d0fdbf6-f000005_png_r1_c1_r_terminal_preview.png
[1787303117312 #01156] grid.tile: source=off--pgf-5d0fdbf6-f000005.png tile=(0,1) logical_col=0 half=r offset=(32, 0) size=32x64
[1787303117312 #01157] artifact: coverage 64x64 /Volumes/HadesGodBlue/CodeSook/codesook-glyph/duck/debug/artifacts/01157_09_grid_tiles_assembled_off--pgf-5d0fdbf6-f000005_png.png
[1787303117312 #01158] artifact: coverage-terminal 64x64 cell=1x2 /Volumes/HadesGodBlue/CodeSook/codesook-glyph/duck/debug/artifacts/01158_09_grid_tiles_assembled_off--pgf-5d0fdbf6-f000005_png_terminal_preview.png
[1787303117312 #01159] artifact: coverage 64x64 /Volumes/HadesGodBlue/CodeSook/codesook-glyph/duck/debug/artifacts/01159_10_grid_tiles_assembled_bordered_off--pgf-5d0fdbf6-f000005_png.png
[1787303117313 #01160] artifact: coverage-terminal 64x64 cell=1x2 /Volumes/HadesGodBlue/CodeSook/codesook-glyph/duck/debug/artifacts/01160_10_grid_tiles_assembled_bordered_off--pgf-5d0fdbf6-f000005_png_terminal_preview.png
[1787303117313 #01161] grid.assembled: source=off--pgf-5d0fdbf6-f000005.png logical=1x1 emitted=1x2 size=64x64
[1787303117313 #01162] source.done: source=off--pgf-5d0fdbf6-f000005.png mode=compose
[1787303117313 #01163] source.begin: source=off--pgf-5d0fdbf6-f000006.png path=/Volumes/HadesGodBlue/CodeSook/codesook-glyph/duck/images/off--pgf-5d0fdbf6-f000006.png
[1787303117313 #01164] source.compose: source=off--pgf-5d0fdbf6-f000006.png rows=1 cols=1
[1787303117313 #01165] grid.start: source=off--pgf-5d0fdbf6-f000006.png rows=1 cols=2 glyph=32x64 fit=PreserveFrame
[1787303117315 #01166] artifact: rgba 480x480 /Volumes/HadesGodBlue/CodeSook/codesook-glyph/duck/debug/artifacts/01166_01_grid_input_rgba_off--pgf-5d0fdbf6-f000006_png.png
[1787303117317 #01167] artifact: coverage 480x480 /Volumes/HadesGodBlue/CodeSook/codesook-glyph/duck/debug/artifacts/01167_02_grid_input_coverage_off--pgf-5d0fdbf6-f000006_png.png
[1787303117317 #01168] artifact: coverage-terminal 480x480 cell=1x2 /Volumes/HadesGodBlue/CodeSook/codesook-glyph/duck/debug/artifacts/01168_02_grid_input_coverage_off--pgf-5d0fdbf6-f000006_png_terminal_preview.png
[1787303117317 #01169] grid.frame: source=off--pgf-5d0fdbf6-f000006.png preserving full frame 480x480 target=64x64
[1787303117318 #01170] artifact: coverage 480x480 /Volumes/HadesGodBlue/CodeSook/codesook-glyph/duck/debug/artifacts/01170_03_grid_fit_source_coverage_off--pgf-5d0fdbf6-f000006_png.png
[1787303117319 #01171] artifact: coverage-terminal 480x480 cell=1x2 /Volumes/HadesGodBlue/CodeSook/codesook-glyph/duck/debug/artifacts/01171_03_grid_fit_source_coverage_off--pgf-5d0fdbf6-f000006_png_terminal_preview.png
[1787303117320 #01172] artifact: coverage 64x64 /Volumes/HadesGodBlue/CodeSook/codesook-glyph/duck/debug/artifacts/01172_04_grid_resized_coverage_off--pgf-5d0fdbf6-f000006_png.png
[1787303117320 #01173] artifact: coverage-terminal 64x64 cell=1x2 /Volumes/HadesGodBlue/CodeSook/codesook-glyph/duck/debug/artifacts/01173_04_grid_resized_coverage_off--pgf-5d0fdbf6-f000006_png_terminal_preview.png
[1787303117321 #01174] grid.placement: source=off--pgf-5d0fdbf6-f000006.png resized=64x64 offset=(0, 0)
[1787303117321 #01175] artifact: coverage 64x64 /Volumes/HadesGodBlue/CodeSook/codesook-glyph/duck/debug/artifacts/01175_05_grid_centered_coverage_off--pgf-5d0fdbf6-f000006_png.png
[1787303117321 #01176] artifact: coverage-terminal 64x64 cell=1x2 /Volumes/HadesGodBlue/CodeSook/codesook-glyph/duck/debug/artifacts/01176_05_grid_centered_coverage_off--pgf-5d0fdbf6-f000006_png_terminal_preview.png
[1787303117321 #01177] artifact: coverage 64x64 /Volumes/HadesGodBlue/CodeSook/codesook-glyph/duck/debug/artifacts/01177_06_grid_fitted_full_coverage_off--pgf-5d0fdbf6-f000006_png.png
[1787303117321 #01178] artifact: coverage-terminal 64x64 cell=1x2 /Volumes/HadesGodBlue/CodeSook/codesook-glyph/duck/debug/artifacts/01178_06_grid_fitted_full_coverage_off--pgf-5d0fdbf6-f000006_png_terminal_preview.png
[1787303117322 #01179] grid.done: source=off--pgf-5d0fdbf6-f000006.png target=64x64
[1787303117322 #01180] artifact: coverage 32x64 /Volumes/HadesGodBlue/CodeSook/codesook-glyph/duck/debug/artifacts/01180_08_grid_tile_coverage_off--pgf-5d0fdbf6-f000006_png_r1_c1_l.png
[1787303117322 #01181] artifact: coverage-terminal 32x64 cell=1x2 /Volumes/HadesGodBlue/CodeSook/codesook-glyph/duck/debug/artifacts/01181_08_grid_tile_coverage_off--pgf-5d0fdbf6-f000006_png_r1_c1_l_terminal_preview.png
[1787303117322 #01182] grid.tile: source=off--pgf-5d0fdbf6-f000006.png tile=(0,0) logical_col=0 half=l offset=(0, 0) size=32x64
[1787303117322 #01183] artifact: coverage 32x64 /Volumes/HadesGodBlue/CodeSook/codesook-glyph/duck/debug/artifacts/01183_08_grid_tile_coverage_off--pgf-5d0fdbf6-f000006_png_r1_c1_r.png
[1787303117323 #01184] artifact: coverage-terminal 32x64 cell=1x2 /Volumes/HadesGodBlue/CodeSook/codesook-glyph/duck/debug/artifacts/01184_08_grid_tile_coverage_off--pgf-5d0fdbf6-f000006_png_r1_c1_r_terminal_preview.png
[1787303117323 #01185] grid.tile: source=off--pgf-5d0fdbf6-f000006.png tile=(0,1) logical_col=0 half=r offset=(32, 0) size=32x64
[1787303117323 #01186] artifact: coverage 64x64 /Volumes/HadesGodBlue/CodeSook/codesook-glyph/duck/debug/artifacts/01186_09_grid_tiles_assembled_off--pgf-5d0fdbf6-f000006_png.png
[1787303117323 #01187] artifact: coverage-terminal 64x64 cell=1x2 /Volumes/HadesGodBlue/CodeSook/codesook-glyph/duck/debug/artifacts/01187_09_grid_tiles_assembled_off--pgf-5d0fdbf6-f000006_png_terminal_preview.png
[1787303117323 #01188] artifact: coverage 64x64 /Volumes/HadesGodBlue/CodeSook/codesook-glyph/duck/debug/artifacts/01188_10_grid_tiles_assembled_bordered_off--pgf-5d0fdbf6-f000006_png.png
[1787303117323 #01189] artifact: coverage-terminal 64x64 cell=1x2 /Volumes/HadesGodBlue/CodeSook/codesook-glyph/duck/debug/artifacts/01189_10_grid_tiles_assembled_bordered_off--pgf-5d0fdbf6-f000006_png_terminal_preview.png
[1787303117324 #01190] grid.assembled: source=off--pgf-5d0fdbf6-f000006.png logical=1x1 emitted=1x2 size=64x64
[1787303117324 #01191] source.done: source=off--pgf-5d0fdbf6-f000006.png mode=compose
[1787303117324 #01192] source.begin: source=off--pgf-5d0fdbf6-f000007.png path=/Volumes/HadesGodBlue/CodeSook/codesook-glyph/duck/images/off--pgf-5d0fdbf6-f000007.png
[1787303117324 #01193] source.compose: source=off--pgf-5d0fdbf6-f000007.png rows=1 cols=1
[1787303117324 #01194] grid.start: source=off--pgf-5d0fdbf6-f000007.png rows=1 cols=2 glyph=32x64 fit=PreserveFrame
[1787303117327 #01195] artifact: rgba 480x480 /Volumes/HadesGodBlue/CodeSook/codesook-glyph/duck/debug/artifacts/01195_01_grid_input_rgba_off--pgf-5d0fdbf6-f000007_png.png
[1787303117328 #01196] artifact: coverage 480x480 /Volumes/HadesGodBlue/CodeSook/codesook-glyph/duck/debug/artifacts/01196_02_grid_input_coverage_off--pgf-5d0fdbf6-f000007_png.png
[1787303117329 #01197] artifact: coverage-terminal 480x480 cell=1x2 /Volumes/HadesGodBlue/CodeSook/codesook-glyph/duck/debug/artifacts/01197_02_grid_input_coverage_off--pgf-5d0fdbf6-f000007_png_terminal_preview.png
[1787303117329 #01198] grid.frame: source=off--pgf-5d0fdbf6-f000007.png preserving full frame 480x480 target=64x64
[1787303117329 #01199] artifact: coverage 480x480 /Volumes/HadesGodBlue/CodeSook/codesook-glyph/duck/debug/artifacts/01199_03_grid_fit_source_coverage_off--pgf-5d0fdbf6-f000007_png.png
[1787303117330 #01200] artifact: coverage-terminal 480x480 cell=1x2 /Volumes/HadesGodBlue/CodeSook/codesook-glyph/duck/debug/artifacts/01200_03_grid_fit_source_coverage_off--pgf-5d0fdbf6-f000007_png_terminal_preview.png
[1787303117332 #01201] artifact: coverage 64x64 /Volumes/HadesGodBlue/CodeSook/codesook-glyph/duck/debug/artifacts/01201_04_grid_resized_coverage_off--pgf-5d0fdbf6-f000007_png.png
[1787303117332 #01202] artifact: coverage-terminal 64x64 cell=1x2 /Volumes/HadesGodBlue/CodeSook/codesook-glyph/duck/debug/artifacts/01202_04_grid_resized_coverage_off--pgf-5d0fdbf6-f000007_png_terminal_preview.png
[1787303117332 #01203] grid.placement: source=off--pgf-5d0fdbf6-f000007.png resized=64x64 offset=(0, 0)
[1787303117332 #01204] artifact: coverage 64x64 /Volumes/HadesGodBlue/CodeSook/codesook-glyph/duck/debug/artifacts/01204_05_grid_centered_coverage_off--pgf-5d0fdbf6-f000007_png.png
[1787303117332 #01205] artifact: coverage-terminal 64x64 cell=1x2 /Volumes/HadesGodBlue/CodeSook/codesook-glyph/duck/debug/artifacts/01205_05_grid_centered_coverage_off--pgf-5d0fdbf6-f000007_png_terminal_preview.png
[1787303117333 #01206] artifact: coverage 64x64 /Volumes/HadesGodBlue/CodeSook/codesook-glyph/duck/debug/artifacts/01206_06_grid_fitted_full_coverage_off--pgf-5d0fdbf6-f000007_png.png
[1787303117333 #01207] artifact: coverage-terminal 64x64 cell=1x2 /Volumes/HadesGodBlue/CodeSook/codesook-glyph/duck/debug/artifacts/01207_06_grid_fitted_full_coverage_off--pgf-5d0fdbf6-f000007_png_terminal_preview.png
[1787303117333 #01208] grid.done: source=off--pgf-5d0fdbf6-f000007.png target=64x64
[1787303117333 #01209] artifact: coverage 32x64 /Volumes/HadesGodBlue/CodeSook/codesook-glyph/duck/debug/artifacts/01209_08_grid_tile_coverage_off--pgf-5d0fdbf6-f000007_png_r1_c1_l.png
[1787303117333 #01210] artifact: coverage-terminal 32x64 cell=1x2 /Volumes/HadesGodBlue/CodeSook/codesook-glyph/duck/debug/artifacts/01210_08_grid_tile_coverage_off--pgf-5d0fdbf6-f000007_png_r1_c1_l_terminal_preview.png
[1787303117333 #01211] grid.tile: source=off--pgf-5d0fdbf6-f000007.png tile=(0,0) logical_col=0 half=l offset=(0, 0) size=32x64
[1787303117334 #01212] artifact: coverage 32x64 /Volumes/HadesGodBlue/CodeSook/codesook-glyph/duck/debug/artifacts/01212_08_grid_tile_coverage_off--pgf-5d0fdbf6-f000007_png_r1_c1_r.png
[1787303117334 #01213] artifact: coverage-terminal 32x64 cell=1x2 /Volumes/HadesGodBlue/CodeSook/codesook-glyph/duck/debug/artifacts/01213_08_grid_tile_coverage_off--pgf-5d0fdbf6-f000007_png_r1_c1_r_terminal_preview.png
[1787303117334 #01214] grid.tile: source=off--pgf-5d0fdbf6-f000007.png tile=(0,1) logical_col=0 half=r offset=(32, 0) size=32x64
[1787303117334 #01215] artifact: coverage 64x64 /Volumes/HadesGodBlue/CodeSook/codesook-glyph/duck/debug/artifacts/01215_09_grid_tiles_assembled_off--pgf-5d0fdbf6-f000007_png.png
[1787303117334 #01216] artifact: coverage-terminal 64x64 cell=1x2 /Volumes/HadesGodBlue/CodeSook/codesook-glyph/duck/debug/artifacts/01216_09_grid_tiles_assembled_off--pgf-5d0fdbf6-f000007_png_terminal_preview.png
[1787303117335 #01217] artifact: coverage 64x64 /Volumes/HadesGodBlue/CodeSook/codesook-glyph/duck/debug/artifacts/01217_10_grid_tiles_assembled_bordered_off--pgf-5d0fdbf6-f000007_png.png
[1787303117335 #01218] artifact: coverage-terminal 64x64 cell=1x2 /Volumes/HadesGodBlue/CodeSook/codesook-glyph/duck/debug/artifacts/01218_10_grid_tiles_assembled_bordered_off--pgf-5d0fdbf6-f000007_png_terminal_preview.png
[1787303117335 #01219] grid.assembled: source=off--pgf-5d0fdbf6-f000007.png logical=1x1 emitted=1x2 size=64x64
[1787303117335 #01220] source.done: source=off--pgf-5d0fdbf6-f000007.png mode=compose
[1787303117335 #01221] source.begin: source=off--pgf-5d0fdbf6-f000008.png path=/Volumes/HadesGodBlue/CodeSook/codesook-glyph/duck/images/off--pgf-5d0fdbf6-f000008.png
[1787303117335 #01222] source.compose: source=off--pgf-5d0fdbf6-f000008.png rows=1 cols=1
[1787303117336 #01223] grid.start: source=off--pgf-5d0fdbf6-f000008.png rows=1 cols=2 glyph=32x64 fit=PreserveFrame
[1787303117338 #01224] artifact: rgba 480x480 /Volumes/HadesGodBlue/CodeSook/codesook-glyph/duck/debug/artifacts/01224_01_grid_input_rgba_off--pgf-5d0fdbf6-f000008_png.png
[1787303117339 #01225] artifact: coverage 480x480 /Volumes/HadesGodBlue/CodeSook/codesook-glyph/duck/debug/artifacts/01225_02_grid_input_coverage_off--pgf-5d0fdbf6-f000008_png.png
[1787303117340 #01226] artifact: coverage-terminal 480x480 cell=1x2 /Volumes/HadesGodBlue/CodeSook/codesook-glyph/duck/debug/artifacts/01226_02_grid_input_coverage_off--pgf-5d0fdbf6-f000008_png_terminal_preview.png
[1787303117340 #01227] grid.frame: source=off--pgf-5d0fdbf6-f000008.png preserving full frame 480x480 target=64x64
[1787303117341 #01228] artifact: coverage 480x480 /Volumes/HadesGodBlue/CodeSook/codesook-glyph/duck/debug/artifacts/01228_03_grid_fit_source_coverage_off--pgf-5d0fdbf6-f000008_png.png
[1787303117341 #01229] artifact: coverage-terminal 480x480 cell=1x2 /Volumes/HadesGodBlue/CodeSook/codesook-glyph/duck/debug/artifacts/01229_03_grid_fit_source_coverage_off--pgf-5d0fdbf6-f000008_png_terminal_preview.png
[1787303117343 #01230] artifact: coverage 64x64 /Volumes/HadesGodBlue/CodeSook/codesook-glyph/duck/debug/artifacts/01230_04_grid_resized_coverage_off--pgf-5d0fdbf6-f000008_png.png
[1787303117343 #01231] artifact: coverage-terminal 64x64 cell=1x2 /Volumes/HadesGodBlue/CodeSook/codesook-glyph/duck/debug/artifacts/01231_04_grid_resized_coverage_off--pgf-5d0fdbf6-f000008_png_terminal_preview.png
[1787303117343 #01232] grid.placement: source=off--pgf-5d0fdbf6-f000008.png resized=64x64 offset=(0, 0)
[1787303117343 #01233] artifact: coverage 64x64 /Volumes/HadesGodBlue/CodeSook/codesook-glyph/duck/debug/artifacts/01233_05_grid_centered_coverage_off--pgf-5d0fdbf6-f000008_png.png
[1787303117344 #01234] artifact: coverage-terminal 64x64 cell=1x2 /Volumes/HadesGodBlue/CodeSook/codesook-glyph/duck/debug/artifacts/01234_05_grid_centered_coverage_off--pgf-5d0fdbf6-f000008_png_terminal_preview.png
[1787303117344 #01235] artifact: coverage 64x64 /Volumes/HadesGodBlue/CodeSook/codesook-glyph/duck/debug/artifacts/01235_06_grid_fitted_full_coverage_off--pgf-5d0fdbf6-f000008_png.png
[1787303117344 #01236] artifact: coverage-terminal 64x64 cell=1x2 /Volumes/HadesGodBlue/CodeSook/codesook-glyph/duck/debug/artifacts/01236_06_grid_fitted_full_coverage_off--pgf-5d0fdbf6-f000008_png_terminal_preview.png
[1787303117344 #01237] grid.done: source=off--pgf-5d0fdbf6-f000008.png target=64x64
[1787303117344 #01238] artifact: coverage 32x64 /Volumes/HadesGodBlue/CodeSook/codesook-glyph/duck/debug/artifacts/01238_08_grid_tile_coverage_off--pgf-5d0fdbf6-f000008_png_r1_c1_l.png
[1787303117345 #01239] artifact: coverage-terminal 32x64 cell=1x2 /Volumes/HadesGodBlue/CodeSook/codesook-glyph/duck/debug/artifacts/01239_08_grid_tile_coverage_off--pgf-5d0fdbf6-f000008_png_r1_c1_l_terminal_preview.png
[1787303117345 #01240] grid.tile: source=off--pgf-5d0fdbf6-f000008.png tile=(0,0) logical_col=0 half=l offset=(0, 0) size=32x64
[1787303117345 #01241] artifact: coverage 32x64 /Volumes/HadesGodBlue/CodeSook/codesook-glyph/duck/debug/artifacts/01241_08_grid_tile_coverage_off--pgf-5d0fdbf6-f000008_png_r1_c1_r.png
[1787303117345 #01242] artifact: coverage-terminal 32x64 cell=1x2 /Volumes/HadesGodBlue/CodeSook/codesook-glyph/duck/debug/artifacts/01242_08_grid_tile_coverage_off--pgf-5d0fdbf6-f000008_png_r1_c1_r_terminal_preview.png
[1787303117345 #01243] grid.tile: source=off--pgf-5d0fdbf6-f000008.png tile=(0,1) logical_col=0 half=r offset=(32, 0) size=32x64
[1787303117346 #01244] artifact: coverage 64x64 /Volumes/HadesGodBlue/CodeSook/codesook-glyph/duck/debug/artifacts/01244_09_grid_tiles_assembled_off--pgf-5d0fdbf6-f000008_png.png
[1787303117346 #01245] artifact: coverage-terminal 64x64 cell=1x2 /Volumes/HadesGodBlue/CodeSook/codesook-glyph/duck/debug/artifacts/01245_09_grid_tiles_assembled_off--pgf-5d0fdbf6-f000008_png_terminal_preview.png
[1787303117346 #01246] artifact: coverage 64x64 /Volumes/HadesGodBlue/CodeSook/codesook-glyph/duck/debug/artifacts/01246_10_grid_tiles_assembled_bordered_off--pgf-5d0fdbf6-f000008_png.png
[1787303117346 #01247] artifact: coverage-terminal 64x64 cell=1x2 /Volumes/HadesGodBlue/CodeSook/codesook-glyph/duck/debug/artifacts/01247_10_grid_tiles_assembled_bordered_off--pgf-5d0fdbf6-f000008_png_terminal_preview.png
[1787303117346 #01248] grid.assembled: source=off--pgf-5d0fdbf6-f000008.png logical=1x1 emitted=1x2 size=64x64
[1787303117346 #01249] source.done: source=off--pgf-5d0fdbf6-f000008.png mode=compose
[1787303117347 #01250] source.begin: source=off--pgf-5d0fdbf6-f000009.png path=/Volumes/HadesGodBlue/CodeSook/codesook-glyph/duck/images/off--pgf-5d0fdbf6-f000009.png
[1787303117347 #01251] source.compose: source=off--pgf-5d0fdbf6-f000009.png rows=1 cols=1
[1787303117347 #01252] grid.start: source=off--pgf-5d0fdbf6-f000009.png rows=1 cols=2 glyph=32x64 fit=PreserveFrame
[1787303117349 #01253] artifact: rgba 480x480 /Volumes/HadesGodBlue/CodeSook/codesook-glyph/duck/debug/artifacts/01253_01_grid_input_rgba_off--pgf-5d0fdbf6-f000009_png.png
[1787303117350 #01254] artifact: coverage 480x480 /Volumes/HadesGodBlue/CodeSook/codesook-glyph/duck/debug/artifacts/01254_02_grid_input_coverage_off--pgf-5d0fdbf6-f000009_png.png
[1787303117351 #01255] artifact: coverage-terminal 480x480 cell=1x2 /Volumes/HadesGodBlue/CodeSook/codesook-glyph/duck/debug/artifacts/01255_02_grid_input_coverage_off--pgf-5d0fdbf6-f000009_png_terminal_preview.png
[1787303117351 #01256] grid.frame: source=off--pgf-5d0fdbf6-f000009.png preserving full frame 480x480 target=64x64
[1787303117352 #01257] artifact: coverage 480x480 /Volumes/HadesGodBlue/CodeSook/codesook-glyph/duck/debug/artifacts/01257_03_grid_fit_source_coverage_off--pgf-5d0fdbf6-f000009_png.png
[1787303117352 #01258] artifact: coverage-terminal 480x480 cell=1x2 /Volumes/HadesGodBlue/CodeSook/codesook-glyph/duck/debug/artifacts/01258_03_grid_fit_source_coverage_off--pgf-5d0fdbf6-f000009_png_terminal_preview.png
[1787303117354 #01259] artifact: coverage 64x64 /Volumes/HadesGodBlue/CodeSook/codesook-glyph/duck/debug/artifacts/01259_04_grid_resized_coverage_off--pgf-5d0fdbf6-f000009_png.png
[1787303117354 #01260] artifact: coverage-terminal 64x64 cell=1x2 /Volumes/HadesGodBlue/CodeSook/codesook-glyph/duck/debug/artifacts/01260_04_grid_resized_coverage_off--pgf-5d0fdbf6-f000009_png_terminal_preview.png
[1787303117354 #01261] grid.placement: source=off--pgf-5d0fdbf6-f000009.png resized=64x64 offset=(0, 0)
[1787303117354 #01262] artifact: coverage 64x64 /Volumes/HadesGodBlue/CodeSook/codesook-glyph/duck/debug/artifacts/01262_05_grid_centered_coverage_off--pgf-5d0fdbf6-f000009_png.png
[1787303117354 #01263] artifact: coverage-terminal 64x64 cell=1x2 /Volumes/HadesGodBlue/CodeSook/codesook-glyph/duck/debug/artifacts/01263_05_grid_centered_coverage_off--pgf-5d0fdbf6-f000009_png_terminal_preview.png
[1787303117355 #01264] artifact: coverage 64x64 /Volumes/HadesGodBlue/CodeSook/codesook-glyph/duck/debug/artifacts/01264_06_grid_fitted_full_coverage_off--pgf-5d0fdbf6-f000009_png.png
[1787303117355 #01265] artifact: coverage-terminal 64x64 cell=1x2 /Volumes/HadesGodBlue/CodeSook/codesook-glyph/duck/debug/artifacts/01265_06_grid_fitted_full_coverage_off--pgf-5d0fdbf6-f000009_png_terminal_preview.png
[1787303117355 #01266] grid.done: source=off--pgf-5d0fdbf6-f000009.png target=64x64
[1787303117355 #01267] artifact: coverage 32x64 /Volumes/HadesGodBlue/CodeSook/codesook-glyph/duck/debug/artifacts/01267_08_grid_tile_coverage_off--pgf-5d0fdbf6-f000009_png_r1_c1_l.png
[1787303117355 #01268] artifact: coverage-terminal 32x64 cell=1x2 /Volumes/HadesGodBlue/CodeSook/codesook-glyph/duck/debug/artifacts/01268_08_grid_tile_coverage_off--pgf-5d0fdbf6-f000009_png_r1_c1_l_terminal_preview.png
[1787303117356 #01269] grid.tile: source=off--pgf-5d0fdbf6-f000009.png tile=(0,0) logical_col=0 half=l offset=(0, 0) size=32x64
[1787303117356 #01270] artifact: coverage 32x64 /Volumes/HadesGodBlue/CodeSook/codesook-glyph/duck/debug/artifacts/01270_08_grid_tile_coverage_off--pgf-5d0fdbf6-f000009_png_r1_c1_r.png
[1787303117356 #01271] artifact: coverage-terminal 32x64 cell=1x2 /Volumes/HadesGodBlue/CodeSook/codesook-glyph/duck/debug/artifacts/01271_08_grid_tile_coverage_off--pgf-5d0fdbf6-f000009_png_r1_c1_r_terminal_preview.png
[1787303117356 #01272] grid.tile: source=off--pgf-5d0fdbf6-f000009.png tile=(0,1) logical_col=0 half=r offset=(32, 0) size=32x64
[1787303117356 #01273] artifact: coverage 64x64 /Volumes/HadesGodBlue/CodeSook/codesook-glyph/duck/debug/artifacts/01273_09_grid_tiles_assembled_off--pgf-5d0fdbf6-f000009_png.png
[1787303117357 #01274] artifact: coverage-terminal 64x64 cell=1x2 /Volumes/HadesGodBlue/CodeSook/codesook-glyph/duck/debug/artifacts/01274_09_grid_tiles_assembled_off--pgf-5d0fdbf6-f000009_png_terminal_preview.png
[1787303117357 #01275] artifact: coverage 64x64 /Volumes/HadesGodBlue/CodeSook/codesook-glyph/duck/debug/artifacts/01275_10_grid_tiles_assembled_bordered_off--pgf-5d0fdbf6-f000009_png.png
[1787303117357 #01276] artifact: coverage-terminal 64x64 cell=1x2 /Volumes/HadesGodBlue/CodeSook/codesook-glyph/duck/debug/artifacts/01276_10_grid_tiles_assembled_bordered_off--pgf-5d0fdbf6-f000009_png_terminal_preview.png
[1787303117357 #01277] grid.assembled: source=off--pgf-5d0fdbf6-f000009.png logical=1x1 emitted=1x2 size=64x64
[1787303117357 #01278] source.done: source=off--pgf-5d0fdbf6-f000009.png mode=compose
[1787303117357 #01279] source.begin: source=off--pgf-5d0fdbf6-f000010.png path=/Volumes/HadesGodBlue/CodeSook/codesook-glyph/duck/images/off--pgf-5d0fdbf6-f000010.png
[1787303117357 #01280] source.compose: source=off--pgf-5d0fdbf6-f000010.png rows=1 cols=1
[1787303117358 #01281] grid.start: source=off--pgf-5d0fdbf6-f000010.png rows=1 cols=2 glyph=32x64 fit=PreserveFrame
[1787303117360 #01282] artifact: rgba 480x480 /Volumes/HadesGodBlue/CodeSook/codesook-glyph/duck/debug/artifacts/01282_01_grid_input_rgba_off--pgf-5d0fdbf6-f000010_png.png
[1787303117361 #01283] artifact: coverage 480x480 /Volumes/HadesGodBlue/CodeSook/codesook-glyph/duck/debug/artifacts/01283_02_grid_input_coverage_off--pgf-5d0fdbf6-f000010_png.png
[1787303117362 #01284] artifact: coverage-terminal 480x480 cell=1x2 /Volumes/HadesGodBlue/CodeSook/codesook-glyph/duck/debug/artifacts/01284_02_grid_input_coverage_off--pgf-5d0fdbf6-f000010_png_terminal_preview.png
[1787303117362 #01285] grid.frame: source=off--pgf-5d0fdbf6-f000010.png preserving full frame 480x480 target=64x64
[1787303117363 #01286] artifact: coverage 480x480 /Volumes/HadesGodBlue/CodeSook/codesook-glyph/duck/debug/artifacts/01286_03_grid_fit_source_coverage_off--pgf-5d0fdbf6-f000010_png.png
[1787303117364 #01287] artifact: coverage-terminal 480x480 cell=1x2 /Volumes/HadesGodBlue/CodeSook/codesook-glyph/duck/debug/artifacts/01287_03_grid_fit_source_coverage_off--pgf-5d0fdbf6-f000010_png_terminal_preview.png
[1787303117365 #01288] artifact: coverage 64x64 /Volumes/HadesGodBlue/CodeSook/codesook-glyph/duck/debug/artifacts/01288_04_grid_resized_coverage_off--pgf-5d0fdbf6-f000010_png.png
[1787303117365 #01289] artifact: coverage-terminal 64x64 cell=1x2 /Volumes/HadesGodBlue/CodeSook/codesook-glyph/duck/debug/artifacts/01289_04_grid_resized_coverage_off--pgf-5d0fdbf6-f000010_png_terminal_preview.png
[1787303117365 #01290] grid.placement: source=off--pgf-5d0fdbf6-f000010.png resized=64x64 offset=(0, 0)
[1787303117366 #01291] artifact: coverage 64x64 /Volumes/HadesGodBlue/CodeSook/codesook-glyph/duck/debug/artifacts/01291_05_grid_centered_coverage_off--pgf-5d0fdbf6-f000010_png.png
[1787303117366 #01292] artifact: coverage-terminal 64x64 cell=1x2 /Volumes/HadesGodBlue/CodeSook/codesook-glyph/duck/debug/artifacts/01292_05_grid_centered_coverage_off--pgf-5d0fdbf6-f000010_png_terminal_preview.png
[1787303117366 #01293] artifact: coverage 64x64 /Volumes/HadesGodBlue/CodeSook/codesook-glyph/duck/debug/artifacts/01293_06_grid_fitted_full_coverage_off--pgf-5d0fdbf6-f000010_png.png
[1787303117366 #01294] artifact: coverage-terminal 64x64 cell=1x2 /Volumes/HadesGodBlue/CodeSook/codesook-glyph/duck/debug/artifacts/01294_06_grid_fitted_full_coverage_off--pgf-5d0fdbf6-f000010_png_terminal_preview.png
[1787303117366 #01295] grid.done: source=off--pgf-5d0fdbf6-f000010.png target=64x64
[1787303117367 #01296] artifact: coverage 32x64 /Volumes/HadesGodBlue/CodeSook/codesook-glyph/duck/debug/artifacts/01296_08_grid_tile_coverage_off--pgf-5d0fdbf6-f000010_png_r1_c1_l.png
[1787303117367 #01297] artifact: coverage-terminal 32x64 cell=1x2 /Volumes/HadesGodBlue/CodeSook/codesook-glyph/duck/debug/artifacts/01297_08_grid_tile_coverage_off--pgf-5d0fdbf6-f000010_png_r1_c1_l_terminal_preview.png
[1787303117367 #01298] grid.tile: source=off--pgf-5d0fdbf6-f000010.png tile=(0,0) logical_col=0 half=l offset=(0, 0) size=32x64
[1787303117367 #01299] artifact: coverage 32x64 /Volumes/HadesGodBlue/CodeSook/codesook-glyph/duck/debug/artifacts/01299_08_grid_tile_coverage_off--pgf-5d0fdbf6-f000010_png_r1_c1_r.png
[1787303117367 #01300] artifact: coverage-terminal 32x64 cell=1x2 /Volumes/HadesGodBlue/CodeSook/codesook-glyph/duck/debug/artifacts/01300_08_grid_tile_coverage_off--pgf-5d0fdbf6-f000010_png_r1_c1_r_terminal_preview.png
[1787303117367 #01301] grid.tile: source=off--pgf-5d0fdbf6-f000010.png tile=(0,1) logical_col=0 half=r offset=(32, 0) size=32x64
[1787303117368 #01302] artifact: coverage 64x64 /Volumes/HadesGodBlue/CodeSook/codesook-glyph/duck/debug/artifacts/01302_09_grid_tiles_assembled_off--pgf-5d0fdbf6-f000010_png.png
[1787303117368 #01303] artifact: coverage-terminal 64x64 cell=1x2 /Volumes/HadesGodBlue/CodeSook/codesook-glyph/duck/debug/artifacts/01303_09_grid_tiles_assembled_off--pgf-5d0fdbf6-f000010_png_terminal_preview.png
[1787303117368 #01304] artifact: coverage 64x64 /Volumes/HadesGodBlue/CodeSook/codesook-glyph/duck/debug/artifacts/01304_10_grid_tiles_assembled_bordered_off--pgf-5d0fdbf6-f000010_png.png
[1787303117368 #01305] artifact: coverage-terminal 64x64 cell=1x2 /Volumes/HadesGodBlue/CodeSook/codesook-glyph/duck/debug/artifacts/01305_10_grid_tiles_assembled_bordered_off--pgf-5d0fdbf6-f000010_png_terminal_preview.png
[1787303117368 #01306] grid.assembled: source=off--pgf-5d0fdbf6-f000010.png logical=1x1 emitted=1x2 size=64x64
[1787303117368 #01307] source.done: source=off--pgf-5d0fdbf6-f000010.png mode=compose
[1787303117369 #01308] source.begin: source=off--pgf-5d0fdbf6-f000011.png path=/Volumes/HadesGodBlue/CodeSook/codesook-glyph/duck/images/off--pgf-5d0fdbf6-f000011.png
[1787303117369 #01309] source.compose: source=off--pgf-5d0fdbf6-f000011.png rows=1 cols=1
[1787303117369 #01310] grid.start: source=off--pgf-5d0fdbf6-f000011.png rows=1 cols=2 glyph=32x64 fit=PreserveFrame
[1787303117372 #01311] artifact: rgba 480x480 /Volumes/HadesGodBlue/CodeSook/codesook-glyph/duck/debug/artifacts/01311_01_grid_input_rgba_off--pgf-5d0fdbf6-f000011_png.png
[1787303117373 #01312] artifact: coverage 480x480 /Volumes/HadesGodBlue/CodeSook/codesook-glyph/duck/debug/artifacts/01312_02_grid_input_coverage_off--pgf-5d0fdbf6-f000011_png.png
[1787303117374 #01313] artifact: coverage-terminal 480x480 cell=1x2 /Volumes/HadesGodBlue/CodeSook/codesook-glyph/duck/debug/artifacts/01313_02_grid_input_coverage_off--pgf-5d0fdbf6-f000011_png_terminal_preview.png
[1787303117374 #01314] grid.frame: source=off--pgf-5d0fdbf6-f000011.png preserving full frame 480x480 target=64x64
[1787303117374 #01315] artifact: coverage 480x480 /Volumes/HadesGodBlue/CodeSook/codesook-glyph/duck/debug/artifacts/01315_03_grid_fit_source_coverage_off--pgf-5d0fdbf6-f000011_png.png
[1787303117375 #01316] artifact: coverage-terminal 480x480 cell=1x2 /Volumes/HadesGodBlue/CodeSook/codesook-glyph/duck/debug/artifacts/01316_03_grid_fit_source_coverage_off--pgf-5d0fdbf6-f000011_png_terminal_preview.png
[1787303117377 #01317] artifact: coverage 64x64 /Volumes/HadesGodBlue/CodeSook/codesook-glyph/duck/debug/artifacts/01317_04_grid_resized_coverage_off--pgf-5d0fdbf6-f000011_png.png
[1787303117377 #01318] artifact: coverage-terminal 64x64 cell=1x2 /Volumes/HadesGodBlue/CodeSook/codesook-glyph/duck/debug/artifacts/01318_04_grid_resized_coverage_off--pgf-5d0fdbf6-f000011_png_terminal_preview.png
[1787303117377 #01319] grid.placement: source=off--pgf-5d0fdbf6-f000011.png resized=64x64 offset=(0, 0)
[1787303117377 #01320] artifact: coverage 64x64 /Volumes/HadesGodBlue/CodeSook/codesook-glyph/duck/debug/artifacts/01320_05_grid_centered_coverage_off--pgf-5d0fdbf6-f000011_png.png
[1787303117378 #01321] artifact: coverage-terminal 64x64 cell=1x2 /Volumes/HadesGodBlue/CodeSook/codesook-glyph/duck/debug/artifacts/01321_05_grid_centered_coverage_off--pgf-5d0fdbf6-f000011_png_terminal_preview.png
[1787303117378 #01322] artifact: coverage 64x64 /Volumes/HadesGodBlue/CodeSook/codesook-glyph/duck/debug/artifacts/01322_06_grid_fitted_full_coverage_off--pgf-5d0fdbf6-f000011_png.png
[1787303117378 #01323] artifact: coverage-terminal 64x64 cell=1x2 /Volumes/HadesGodBlue/CodeSook/codesook-glyph/duck/debug/artifacts/01323_06_grid_fitted_full_coverage_off--pgf-5d0fdbf6-f000011_png_terminal_preview.png
[1787303117378 #01324] grid.done: source=off--pgf-5d0fdbf6-f000011.png target=64x64
[1787303117378 #01325] artifact: coverage 32x64 /Volumes/HadesGodBlue/CodeSook/codesook-glyph/duck/debug/artifacts/01325_08_grid_tile_coverage_off--pgf-5d0fdbf6-f000011_png_r1_c1_l.png
[1787303117379 #01326] artifact: coverage-terminal 32x64 cell=1x2 /Volumes/HadesGodBlue/CodeSook/codesook-glyph/duck/debug/artifacts/01326_08_grid_tile_coverage_off--pgf-5d0fdbf6-f000011_png_r1_c1_l_terminal_preview.png
[1787303117379 #01327] grid.tile: source=off--pgf-5d0fdbf6-f000011.png tile=(0,0) logical_col=0 half=l offset=(0, 0) size=32x64
[1787303117379 #01328] artifact: coverage 32x64 /Volumes/HadesGodBlue/CodeSook/codesook-glyph/duck/debug/artifacts/01328_08_grid_tile_coverage_off--pgf-5d0fdbf6-f000011_png_r1_c1_r.png
[1787303117379 #01329] artifact: coverage-terminal 32x64 cell=1x2 /Volumes/HadesGodBlue/CodeSook/codesook-glyph/duck/debug/artifacts/01329_08_grid_tile_coverage_off--pgf-5d0fdbf6-f000011_png_r1_c1_r_terminal_preview.png
[1787303117379 #01330] grid.tile: source=off--pgf-5d0fdbf6-f000011.png tile=(0,1) logical_col=0 half=r offset=(32, 0) size=32x64
[1787303117380 #01331] artifact: coverage 64x64 /Volumes/HadesGodBlue/CodeSook/codesook-glyph/duck/debug/artifacts/01331_09_grid_tiles_assembled_off--pgf-5d0fdbf6-f000011_png.png
[1787303117380 #01332] artifact: coverage-terminal 64x64 cell=1x2 /Volumes/HadesGodBlue/CodeSook/codesook-glyph/duck/debug/artifacts/01332_09_grid_tiles_assembled_off--pgf-5d0fdbf6-f000011_png_terminal_preview.png
[1787303117380 #01333] artifact: coverage 64x64 /Volumes/HadesGodBlue/CodeSook/codesook-glyph/duck/debug/artifacts/01333_10_grid_tiles_assembled_bordered_off--pgf-5d0fdbf6-f000011_png.png
[1787303117380 #01334] artifact: coverage-terminal 64x64 cell=1x2 /Volumes/HadesGodBlue/CodeSook/codesook-glyph/duck/debug/artifacts/01334_10_grid_tiles_assembled_bordered_off--pgf-5d0fdbf6-f000011_png_terminal_preview.png
[1787303117380 #01335] grid.assembled: source=off--pgf-5d0fdbf6-f000011.png logical=1x1 emitted=1x2 size=64x64
[1787303117380 #01336] source.done: source=off--pgf-5d0fdbf6-f000011.png mode=compose
[1787303117381 #01337] source.begin: source=off--pgf-5d0fdbf6-f000012.png path=/Volumes/HadesGodBlue/CodeSook/codesook-glyph/duck/images/off--pgf-5d0fdbf6-f000012.png
[1787303117381 #01338] source.compose: source=off--pgf-5d0fdbf6-f000012.png rows=1 cols=1
[1787303117381 #01339] grid.start: source=off--pgf-5d0fdbf6-f000012.png rows=1 cols=2 glyph=32x64 fit=PreserveFrame
[1787303117383 #01340] artifact: rgba 480x480 /Volumes/HadesGodBlue/CodeSook/codesook-glyph/duck/debug/artifacts/01340_01_grid_input_rgba_off--pgf-5d0fdbf6-f000012_png.png
[1787303117384 #01341] artifact: coverage 480x480 /Volumes/HadesGodBlue/CodeSook/codesook-glyph/duck/debug/artifacts/01341_02_grid_input_coverage_off--pgf-5d0fdbf6-f000012_png.png
[1787303117385 #01342] artifact: coverage-terminal 480x480 cell=1x2 /Volumes/HadesGodBlue/CodeSook/codesook-glyph/duck/debug/artifacts/01342_02_grid_input_coverage_off--pgf-5d0fdbf6-f000012_png_terminal_preview.png
[1787303117385 #01343] grid.frame: source=off--pgf-5d0fdbf6-f000012.png preserving full frame 480x480 target=64x64
[1787303117386 #01344] artifact: coverage 480x480 /Volumes/HadesGodBlue/CodeSook/codesook-glyph/duck/debug/artifacts/01344_03_grid_fit_source_coverage_off--pgf-5d0fdbf6-f000012_png.png
[1787303117386 #01345] artifact: coverage-terminal 480x480 cell=1x2 /Volumes/HadesGodBlue/CodeSook/codesook-glyph/duck/debug/artifacts/01345_03_grid_fit_source_coverage_off--pgf-5d0fdbf6-f000012_png_terminal_preview.png
[1787303117388 #01346] artifact: coverage 64x64 /Volumes/HadesGodBlue/CodeSook/codesook-glyph/duck/debug/artifacts/01346_04_grid_resized_coverage_off--pgf-5d0fdbf6-f000012_png.png
[1787303117388 #01347] artifact: coverage-terminal 64x64 cell=1x2 /Volumes/HadesGodBlue/CodeSook/codesook-glyph/duck/debug/artifacts/01347_04_grid_resized_coverage_off--pgf-5d0fdbf6-f000012_png_terminal_preview.png
[1787303117388 #01348] grid.placement: source=off--pgf-5d0fdbf6-f000012.png resized=64x64 offset=(0, 0)
[1787303117388 #01349] artifact: coverage 64x64 /Volumes/HadesGodBlue/CodeSook/codesook-glyph/duck/debug/artifacts/01349_05_grid_centered_coverage_off--pgf-5d0fdbf6-f000012_png.png
[1787303117388 #01350] artifact: coverage-terminal 64x64 cell=1x2 /Volumes/HadesGodBlue/CodeSook/codesook-glyph/duck/debug/artifacts/01350_05_grid_centered_coverage_off--pgf-5d0fdbf6-f000012_png_terminal_preview.png
[1787303117389 #01351] artifact: coverage 64x64 /Volumes/HadesGodBlue/CodeSook/codesook-glyph/duck/debug/artifacts/01351_06_grid_fitted_full_coverage_off--pgf-5d0fdbf6-f000012_png.png
[1787303117389 #01352] artifact: coverage-terminal 64x64 cell=1x2 /Volumes/HadesGodBlue/CodeSook/codesook-glyph/duck/debug/artifacts/01352_06_grid_fitted_full_coverage_off--pgf-5d0fdbf6-f000012_png_terminal_preview.png
[1787303117389 #01353] grid.done: source=off--pgf-5d0fdbf6-f000012.png target=64x64
[1787303117389 #01354] artifact: coverage 32x64 /Volumes/HadesGodBlue/CodeSook/codesook-glyph/duck/debug/artifacts/01354_08_grid_tile_coverage_off--pgf-5d0fdbf6-f000012_png_r1_c1_l.png
[1787303117389 #01355] artifact: coverage-terminal 32x64 cell=1x2 /Volumes/HadesGodBlue/CodeSook/codesook-glyph/duck/debug/artifacts/01355_08_grid_tile_coverage_off--pgf-5d0fdbf6-f000012_png_r1_c1_l_terminal_preview.png
[1787303117389 #01356] grid.tile: source=off--pgf-5d0fdbf6-f000012.png tile=(0,0) logical_col=0 half=l offset=(0, 0) size=32x64
[1787303117390 #01357] artifact: coverage 32x64 /Volumes/HadesGodBlue/CodeSook/codesook-glyph/duck/debug/artifacts/01357_08_grid_tile_coverage_off--pgf-5d0fdbf6-f000012_png_r1_c1_r.png
[1787303117390 #01358] artifact: coverage-terminal 32x64 cell=1x2 /Volumes/HadesGodBlue/CodeSook/codesook-glyph/duck/debug/artifacts/01358_08_grid_tile_coverage_off--pgf-5d0fdbf6-f000012_png_r1_c1_r_terminal_preview.png
[1787303117390 #01359] grid.tile: source=off--pgf-5d0fdbf6-f000012.png tile=(0,1) logical_col=0 half=r offset=(32, 0) size=32x64
[1787303117390 #01360] artifact: coverage 64x64 /Volumes/HadesGodBlue/CodeSook/codesook-glyph/duck/debug/artifacts/01360_09_grid_tiles_assembled_off--pgf-5d0fdbf6-f000012_png.png
[1787303117390 #01361] artifact: coverage-terminal 64x64 cell=1x2 /Volumes/HadesGodBlue/CodeSook/codesook-glyph/duck/debug/artifacts/01361_09_grid_tiles_assembled_off--pgf-5d0fdbf6-f000012_png_terminal_preview.png
[1787303117391 #01362] artifact: coverage 64x64 /Volumes/HadesGodBlue/CodeSook/codesook-glyph/duck/debug/artifacts/01362_10_grid_tiles_assembled_bordered_off--pgf-5d0fdbf6-f000012_png.png
[1787303117391 #01363] artifact: coverage-terminal 64x64 cell=1x2 /Volumes/HadesGodBlue/CodeSook/codesook-glyph/duck/debug/artifacts/01363_10_grid_tiles_assembled_bordered_off--pgf-5d0fdbf6-f000012_png_terminal_preview.png
[1787303117391 #01364] grid.assembled: source=off--pgf-5d0fdbf6-f000012.png logical=1x1 emitted=1x2 size=64x64
[1787303117391 #01365] source.done: source=off--pgf-5d0fdbf6-f000012.png mode=compose
[1787303117391 #01366] source.begin: source=off--pgf-5d0fdbf6-f000013.png path=/Volumes/HadesGodBlue/CodeSook/codesook-glyph/duck/images/off--pgf-5d0fdbf6-f000013.png
[1787303117391 #01367] source.compose: source=off--pgf-5d0fdbf6-f000013.png rows=1 cols=1
[1787303117392 #01368] grid.start: source=off--pgf-5d0fdbf6-f000013.png rows=1 cols=2 glyph=32x64 fit=PreserveFrame
[1787303117394 #01369] artifact: rgba 480x480 /Volumes/HadesGodBlue/CodeSook/codesook-glyph/duck/debug/artifacts/01369_01_grid_input_rgba_off--pgf-5d0fdbf6-f000013_png.png
[1787303117395 #01370] artifact: coverage 480x480 /Volumes/HadesGodBlue/CodeSook/codesook-glyph/duck/debug/artifacts/01370_02_grid_input_coverage_off--pgf-5d0fdbf6-f000013_png.png
[1787303117396 #01371] artifact: coverage-terminal 480x480 cell=1x2 /Volumes/HadesGodBlue/CodeSook/codesook-glyph/duck/debug/artifacts/01371_02_grid_input_coverage_off--pgf-5d0fdbf6-f000013_png_terminal_preview.png
[1787303117396 #01372] grid.frame: source=off--pgf-5d0fdbf6-f000013.png preserving full frame 480x480 target=64x64
[1787303117397 #01373] artifact: coverage 480x480 /Volumes/HadesGodBlue/CodeSook/codesook-glyph/duck/debug/artifacts/01373_03_grid_fit_source_coverage_off--pgf-5d0fdbf6-f000013_png.png
[1787303117397 #01374] artifact: coverage-terminal 480x480 cell=1x2 /Volumes/HadesGodBlue/CodeSook/codesook-glyph/duck/debug/artifacts/01374_03_grid_fit_source_coverage_off--pgf-5d0fdbf6-f000013_png_terminal_preview.png
[1787303117399 #01375] artifact: coverage 64x64 /Volumes/HadesGodBlue/CodeSook/codesook-glyph/duck/debug/artifacts/01375_04_grid_resized_coverage_off--pgf-5d0fdbf6-f000013_png.png
[1787303117399 #01376] artifact: coverage-terminal 64x64 cell=1x2 /Volumes/HadesGodBlue/CodeSook/codesook-glyph/duck/debug/artifacts/01376_04_grid_resized_coverage_off--pgf-5d0fdbf6-f000013_png_terminal_preview.png
[1787303117399 #01377] grid.placement: source=off--pgf-5d0fdbf6-f000013.png resized=64x64 offset=(0, 0)
[1787303117400 #01378] artifact: coverage 64x64 /Volumes/HadesGodBlue/CodeSook/codesook-glyph/duck/debug/artifacts/01378_05_grid_centered_coverage_off--pgf-5d0fdbf6-f000013_png.png
[1787303117400 #01379] artifact: coverage-terminal 64x64 cell=1x2 /Volumes/HadesGodBlue/CodeSook/codesook-glyph/duck/debug/artifacts/01379_05_grid_centered_coverage_off--pgf-5d0fdbf6-f000013_png_terminal_preview.png
[1787303117400 #01380] artifact: coverage 64x64 /Volumes/HadesGodBlue/CodeSook/codesook-glyph/duck/debug/artifacts/01380_06_grid_fitted_full_coverage_off--pgf-5d0fdbf6-f000013_png.png
[1787303117400 #01381] artifact: coverage-terminal 64x64 cell=1x2 /Volumes/HadesGodBlue/CodeSook/codesook-glyph/duck/debug/artifacts/01381_06_grid_fitted_full_coverage_off--pgf-5d0fdbf6-f000013_png_terminal_preview.png
[1787303117400 #01382] grid.done: source=off--pgf-5d0fdbf6-f000013.png target=64x64
[1787303117400 #01383] artifact: coverage 32x64 /Volumes/HadesGodBlue/CodeSook/codesook-glyph/duck/debug/artifacts/01383_08_grid_tile_coverage_off--pgf-5d0fdbf6-f000013_png_r1_c1_l.png
[1787303117401 #01384] artifact: coverage-terminal 32x64 cell=1x2 /Volumes/HadesGodBlue/CodeSook/codesook-glyph/duck/debug/artifacts/01384_08_grid_tile_coverage_off--pgf-5d0fdbf6-f000013_png_r1_c1_l_terminal_preview.png
[1787303117401 #01385] grid.tile: source=off--pgf-5d0fdbf6-f000013.png tile=(0,0) logical_col=0 half=l offset=(0, 0) size=32x64
[1787303117401 #01386] artifact: coverage 32x64 /Volumes/HadesGodBlue/CodeSook/codesook-glyph/duck/debug/artifacts/01386_08_grid_tile_coverage_off--pgf-5d0fdbf6-f000013_png_r1_c1_r.png
[1787303117401 #01387] artifact: coverage-terminal 32x64 cell=1x2 /Volumes/HadesGodBlue/CodeSook/codesook-glyph/duck/debug/artifacts/01387_08_grid_tile_coverage_off--pgf-5d0fdbf6-f000013_png_r1_c1_r_terminal_preview.png
[1787303117401 #01388] grid.tile: source=off--pgf-5d0fdbf6-f000013.png tile=(0,1) logical_col=0 half=r offset=(32, 0) size=32x64
[1787303117402 #01389] artifact: coverage 64x64 /Volumes/HadesGodBlue/CodeSook/codesook-glyph/duck/debug/artifacts/01389_09_grid_tiles_assembled_off--pgf-5d0fdbf6-f000013_png.png
[1787303117402 #01390] artifact: coverage-terminal 64x64 cell=1x2 /Volumes/HadesGodBlue/CodeSook/codesook-glyph/duck/debug/artifacts/01390_09_grid_tiles_assembled_off--pgf-5d0fdbf6-f000013_png_terminal_preview.png
[1787303117402 #01391] artifact: coverage 64x64 /Volumes/HadesGodBlue/CodeSook/codesook-glyph/duck/debug/artifacts/01391_10_grid_tiles_assembled_bordered_off--pgf-5d0fdbf6-f000013_png.png
[1787303117402 #01392] artifact: coverage-terminal 64x64 cell=1x2 /Volumes/HadesGodBlue/CodeSook/codesook-glyph/duck/debug/artifacts/01392_10_grid_tiles_assembled_bordered_off--pgf-5d0fdbf6-f000013_png_terminal_preview.png
[1787303117402 #01393] grid.assembled: source=off--pgf-5d0fdbf6-f000013.png logical=1x1 emitted=1x2 size=64x64
[1787303117402 #01394] source.done: source=off--pgf-5d0fdbf6-f000013.png mode=compose
[1787303117403 #01395] source.begin: source=off--pgf-5d0fdbf6-f000014.png path=/Volumes/HadesGodBlue/CodeSook/codesook-glyph/duck/images/off--pgf-5d0fdbf6-f000014.png
[1787303117403 #01396] source.compose: source=off--pgf-5d0fdbf6-f000014.png rows=1 cols=1
[1787303117403 #01397] grid.start: source=off--pgf-5d0fdbf6-f000014.png rows=1 cols=2 glyph=32x64 fit=PreserveFrame
[1787303117405 #01398] artifact: rgba 480x480 /Volumes/HadesGodBlue/CodeSook/codesook-glyph/duck/debug/artifacts/01398_01_grid_input_rgba_off--pgf-5d0fdbf6-f000014_png.png
[1787303117407 #01399] artifact: coverage 480x480 /Volumes/HadesGodBlue/CodeSook/codesook-glyph/duck/debug/artifacts/01399_02_grid_input_coverage_off--pgf-5d0fdbf6-f000014_png.png
[1787303117407 #01400] artifact: coverage-terminal 480x480 cell=1x2 /Volumes/HadesGodBlue/CodeSook/codesook-glyph/duck/debug/artifacts/01400_02_grid_input_coverage_off--pgf-5d0fdbf6-f000014_png_terminal_preview.png
[1787303117407 #01401] grid.frame: source=off--pgf-5d0fdbf6-f000014.png preserving full frame 480x480 target=64x64
[1787303117408 #01402] artifact: coverage 480x480 /Volumes/HadesGodBlue/CodeSook/codesook-glyph/duck/debug/artifacts/01402_03_grid_fit_source_coverage_off--pgf-5d0fdbf6-f000014_png.png
[1787303117409 #01403] artifact: coverage-terminal 480x480 cell=1x2 /Volumes/HadesGodBlue/CodeSook/codesook-glyph/duck/debug/artifacts/01403_03_grid_fit_source_coverage_off--pgf-5d0fdbf6-f000014_png_terminal_preview.png
[1787303117410 #01404] artifact: coverage 64x64 /Volumes/HadesGodBlue/CodeSook/codesook-glyph/duck/debug/artifacts/01404_04_grid_resized_coverage_off--pgf-5d0fdbf6-f000014_png.png
[1787303117411 #01405] artifact: coverage-terminal 64x64 cell=1x2 /Volumes/HadesGodBlue/CodeSook/codesook-glyph/duck/debug/artifacts/01405_04_grid_resized_coverage_off--pgf-5d0fdbf6-f000014_png_terminal_preview.png
[1787303117411 #01406] grid.placement: source=off--pgf-5d0fdbf6-f000014.png resized=64x64 offset=(0, 0)
[1787303117411 #01407] artifact: coverage 64x64 /Volumes/HadesGodBlue/CodeSook/codesook-glyph/duck/debug/artifacts/01407_05_grid_centered_coverage_off--pgf-5d0fdbf6-f000014_png.png
[1787303117411 #01408] artifact: coverage-terminal 64x64 cell=1x2 /Volumes/HadesGodBlue/CodeSook/codesook-glyph/duck/debug/artifacts/01408_05_grid_centered_coverage_off--pgf-5d0fdbf6-f000014_png_terminal_preview.png
[1787303117412 #01409] artifact: coverage 64x64 /Volumes/HadesGodBlue/CodeSook/codesook-glyph/duck/debug/artifacts/01409_06_grid_fitted_full_coverage_off--pgf-5d0fdbf6-f000014_png.png
[1787303117412 #01410] artifact: coverage-terminal 64x64 cell=1x2 /Volumes/HadesGodBlue/CodeSook/codesook-glyph/duck/debug/artifacts/01410_06_grid_fitted_full_coverage_off--pgf-5d0fdbf6-f000014_png_terminal_preview.png
[1787303117412 #01411] grid.done: source=off--pgf-5d0fdbf6-f000014.png target=64x64
[1787303117412 #01412] artifact: coverage 32x64 /Volumes/HadesGodBlue/CodeSook/codesook-glyph/duck/debug/artifacts/01412_08_grid_tile_coverage_off--pgf-5d0fdbf6-f000014_png_r1_c1_l.png
[1787303117412 #01413] artifact: coverage-terminal 32x64 cell=1x2 /Volumes/HadesGodBlue/CodeSook/codesook-glyph/duck/debug/artifacts/01413_08_grid_tile_coverage_off--pgf-5d0fdbf6-f000014_png_r1_c1_l_terminal_preview.png
[1787303117413 #01414] grid.tile: source=off--pgf-5d0fdbf6-f000014.png tile=(0,0) logical_col=0 half=l offset=(0, 0) size=32x64
[1787303117413 #01415] artifact: coverage 32x64 /Volumes/HadesGodBlue/CodeSook/codesook-glyph/duck/debug/artifacts/01415_08_grid_tile_coverage_off--pgf-5d0fdbf6-f000014_png_r1_c1_r.png
[1787303117413 #01416] artifact: coverage-terminal 32x64 cell=1x2 /Volumes/HadesGodBlue/CodeSook/codesook-glyph/duck/debug/artifacts/01416_08_grid_tile_coverage_off--pgf-5d0fdbf6-f000014_png_r1_c1_r_terminal_preview.png
[1787303117413 #01417] grid.tile: source=off--pgf-5d0fdbf6-f000014.png tile=(0,1) logical_col=0 half=r offset=(32, 0) size=32x64
[1787303117413 #01418] artifact: coverage 64x64 /Volumes/HadesGodBlue/CodeSook/codesook-glyph/duck/debug/artifacts/01418_09_grid_tiles_assembled_off--pgf-5d0fdbf6-f000014_png.png
[1787303117414 #01419] artifact: coverage-terminal 64x64 cell=1x2 /Volumes/HadesGodBlue/CodeSook/codesook-glyph/duck/debug/artifacts/01419_09_grid_tiles_assembled_off--pgf-5d0fdbf6-f000014_png_terminal_preview.png
[1787303117414 #01420] artifact: coverage 64x64 /Volumes/HadesGodBlue/CodeSook/codesook-glyph/duck/debug/artifacts/01420_10_grid_tiles_assembled_bordered_off--pgf-5d0fdbf6-f000014_png.png
[1787303117414 #01421] artifact: coverage-terminal 64x64 cell=1x2 /Volumes/HadesGodBlue/CodeSook/codesook-glyph/duck/debug/artifacts/01421_10_grid_tiles_assembled_bordered_off--pgf-5d0fdbf6-f000014_png_terminal_preview.png
[1787303117414 #01422] grid.assembled: source=off--pgf-5d0fdbf6-f000014.png logical=1x1 emitted=1x2 size=64x64
[1787303117414 #01423] source.done: source=off--pgf-5d0fdbf6-f000014.png mode=compose
[1787303117415 #01424] source.begin: source=off--pgf-5d0fdbf6-f000015.png path=/Volumes/HadesGodBlue/CodeSook/codesook-glyph/duck/images/off--pgf-5d0fdbf6-f000015.png
[1787303117415 #01425] source.compose: source=off--pgf-5d0fdbf6-f000015.png rows=1 cols=1
[1787303117415 #01426] grid.start: source=off--pgf-5d0fdbf6-f000015.png rows=1 cols=2 glyph=32x64 fit=PreserveFrame
[1787303117417 #01427] artifact: rgba 480x480 /Volumes/HadesGodBlue/CodeSook/codesook-glyph/duck/debug/artifacts/01427_01_grid_input_rgba_off--pgf-5d0fdbf6-f000015_png.png
[1787303117418 #01428] artifact: coverage 480x480 /Volumes/HadesGodBlue/CodeSook/codesook-glyph/duck/debug/artifacts/01428_02_grid_input_coverage_off--pgf-5d0fdbf6-f000015_png.png
[1787303117419 #01429] artifact: coverage-terminal 480x480 cell=1x2 /Volumes/HadesGodBlue/CodeSook/codesook-glyph/duck/debug/artifacts/01429_02_grid_input_coverage_off--pgf-5d0fdbf6-f000015_png_terminal_preview.png
[1787303117419 #01430] grid.frame: source=off--pgf-5d0fdbf6-f000015.png preserving full frame 480x480 target=64x64
[1787303117420 #01431] artifact: coverage 480x480 /Volumes/HadesGodBlue/CodeSook/codesook-glyph/duck/debug/artifacts/01431_03_grid_fit_source_coverage_off--pgf-5d0fdbf6-f000015_png.png
[1787303117421 #01432] artifact: coverage-terminal 480x480 cell=1x2 /Volumes/HadesGodBlue/CodeSook/codesook-glyph/duck/debug/artifacts/01432_03_grid_fit_source_coverage_off--pgf-5d0fdbf6-f000015_png_terminal_preview.png
[1787303117422 #01433] artifact: coverage 64x64 /Volumes/HadesGodBlue/CodeSook/codesook-glyph/duck/debug/artifacts/01433_04_grid_resized_coverage_off--pgf-5d0fdbf6-f000015_png.png
[1787303117422 #01434] artifact: coverage-terminal 64x64 cell=1x2 /Volumes/HadesGodBlue/CodeSook/codesook-glyph/duck/debug/artifacts/01434_04_grid_resized_coverage_off--pgf-5d0fdbf6-f000015_png_terminal_preview.png
[1787303117422 #01435] grid.placement: source=off--pgf-5d0fdbf6-f000015.png resized=64x64 offset=(0, 0)
[1787303117423 #01436] artifact: coverage 64x64 /Volumes/HadesGodBlue/CodeSook/codesook-glyph/duck/debug/artifacts/01436_05_grid_centered_coverage_off--pgf-5d0fdbf6-f000015_png.png
[1787303117423 #01437] artifact: coverage-terminal 64x64 cell=1x2 /Volumes/HadesGodBlue/CodeSook/codesook-glyph/duck/debug/artifacts/01437_05_grid_centered_coverage_off--pgf-5d0fdbf6-f000015_png_terminal_preview.png
[1787303117423 #01438] artifact: coverage 64x64 /Volumes/HadesGodBlue/CodeSook/codesook-glyph/duck/debug/artifacts/01438_06_grid_fitted_full_coverage_off--pgf-5d0fdbf6-f000015_png.png
[1787303117423 #01439] artifact: coverage-terminal 64x64 cell=1x2 /Volumes/HadesGodBlue/CodeSook/codesook-glyph/duck/debug/artifacts/01439_06_grid_fitted_full_coverage_off--pgf-5d0fdbf6-f000015_png_terminal_preview.png
[1787303117423 #01440] grid.done: source=off--pgf-5d0fdbf6-f000015.png target=64x64
[1787303117424 #01441] artifact: coverage 32x64 /Volumes/HadesGodBlue/CodeSook/codesook-glyph/duck/debug/artifacts/01441_08_grid_tile_coverage_off--pgf-5d0fdbf6-f000015_png_r1_c1_l.png
[1787303117424 #01442] artifact: coverage-terminal 32x64 cell=1x2 /Volumes/HadesGodBlue/CodeSook/codesook-glyph/duck/debug/artifacts/01442_08_grid_tile_coverage_off--pgf-5d0fdbf6-f000015_png_r1_c1_l_terminal_preview.png
[1787303117424 #01443] grid.tile: source=off--pgf-5d0fdbf6-f000015.png tile=(0,0) logical_col=0 half=l offset=(0, 0) size=32x64
[1787303117424 #01444] artifact: coverage 32x64 /Volumes/HadesGodBlue/CodeSook/codesook-glyph/duck/debug/artifacts/01444_08_grid_tile_coverage_off--pgf-5d0fdbf6-f000015_png_r1_c1_r.png
[1787303117424 #01445] artifact: coverage-terminal 32x64 cell=1x2 /Volumes/HadesGodBlue/CodeSook/codesook-glyph/duck/debug/artifacts/01445_08_grid_tile_coverage_off--pgf-5d0fdbf6-f000015_png_r1_c1_r_terminal_preview.png
[1787303117424 #01446] grid.tile: source=off--pgf-5d0fdbf6-f000015.png tile=(0,1) logical_col=0 half=r offset=(32, 0) size=32x64
[1787303117425 #01447] artifact: coverage 64x64 /Volumes/HadesGodBlue/CodeSook/codesook-glyph/duck/debug/artifacts/01447_09_grid_tiles_assembled_off--pgf-5d0fdbf6-f000015_png.png
[1787303117425 #01448] artifact: coverage-terminal 64x64 cell=1x2 /Volumes/HadesGodBlue/CodeSook/codesook-glyph/duck/debug/artifacts/01448_09_grid_tiles_assembled_off--pgf-5d0fdbf6-f000015_png_terminal_preview.png
[1787303117425 #01449] artifact: coverage 64x64 /Volumes/HadesGodBlue/CodeSook/codesook-glyph/duck/debug/artifacts/01449_10_grid_tiles_assembled_bordered_off--pgf-5d0fdbf6-f000015_png.png
[1787303117425 #01450] artifact: coverage-terminal 64x64 cell=1x2 /Volumes/HadesGodBlue/CodeSook/codesook-glyph/duck/debug/artifacts/01450_10_grid_tiles_assembled_bordered_off--pgf-5d0fdbf6-f000015_png_terminal_preview.png
[1787303117425 #01451] grid.assembled: source=off--pgf-5d0fdbf6-f000015.png logical=1x1 emitted=1x2 size=64x64
[1787303117425 #01452] source.done: source=off--pgf-5d0fdbf6-f000015.png mode=compose
[1787303117426 #01453] source.begin: source=off--pgf-5d0fdbf6-f000016.png path=/Volumes/HadesGodBlue/CodeSook/codesook-glyph/duck/images/off--pgf-5d0fdbf6-f000016.png
[1787303117426 #01454] source.compose: source=off--pgf-5d0fdbf6-f000016.png rows=1 cols=1
[1787303117426 #01455] grid.start: source=off--pgf-5d0fdbf6-f000016.png rows=1 cols=2 glyph=32x64 fit=PreserveFrame
[1787303117428 #01456] artifact: rgba 480x480 /Volumes/HadesGodBlue/CodeSook/codesook-glyph/duck/debug/artifacts/01456_01_grid_input_rgba_off--pgf-5d0fdbf6-f000016_png.png
[1787303117430 #01457] artifact: coverage 480x480 /Volumes/HadesGodBlue/CodeSook/codesook-glyph/duck/debug/artifacts/01457_02_grid_input_coverage_off--pgf-5d0fdbf6-f000016_png.png
[1787303117430 #01458] artifact: coverage-terminal 480x480 cell=1x2 /Volumes/HadesGodBlue/CodeSook/codesook-glyph/duck/debug/artifacts/01458_02_grid_input_coverage_off--pgf-5d0fdbf6-f000016_png_terminal_preview.png
[1787303117430 #01459] grid.frame: source=off--pgf-5d0fdbf6-f000016.png preserving full frame 480x480 target=64x64
[1787303117431 #01460] artifact: coverage 480x480 /Volumes/HadesGodBlue/CodeSook/codesook-glyph/duck/debug/artifacts/01460_03_grid_fit_source_coverage_off--pgf-5d0fdbf6-f000016_png.png
[1787303117432 #01461] artifact: coverage-terminal 480x480 cell=1x2 /Volumes/HadesGodBlue/CodeSook/codesook-glyph/duck/debug/artifacts/01461_03_grid_fit_source_coverage_off--pgf-5d0fdbf6-f000016_png_terminal_preview.png
[1787303117434 #01462] artifact: coverage 64x64 /Volumes/HadesGodBlue/CodeSook/codesook-glyph/duck/debug/artifacts/01462_04_grid_resized_coverage_off--pgf-5d0fdbf6-f000016_png.png
[1787303117434 #01463] artifact: coverage-terminal 64x64 cell=1x2 /Volumes/HadesGodBlue/CodeSook/codesook-glyph/duck/debug/artifacts/01463_04_grid_resized_coverage_off--pgf-5d0fdbf6-f000016_png_terminal_preview.png
[1787303117434 #01464] grid.placement: source=off--pgf-5d0fdbf6-f000016.png resized=64x64 offset=(0, 0)
[1787303117434 #01465] artifact: coverage 64x64 /Volumes/HadesGodBlue/CodeSook/codesook-glyph/duck/debug/artifacts/01465_05_grid_centered_coverage_off--pgf-5d0fdbf6-f000016_png.png
[1787303117435 #01466] artifact: coverage-terminal 64x64 cell=1x2 /Volumes/HadesGodBlue/CodeSook/codesook-glyph/duck/debug/artifacts/01466_05_grid_centered_coverage_off--pgf-5d0fdbf6-f000016_png_terminal_preview.png
[1787303117435 #01467] artifact: coverage 64x64 /Volumes/HadesGodBlue/CodeSook/codesook-glyph/duck/debug/artifacts/01467_06_grid_fitted_full_coverage_off--pgf-5d0fdbf6-f000016_png.png
[1787303117435 #01468] artifact: coverage-terminal 64x64 cell=1x2 /Volumes/HadesGodBlue/CodeSook/codesook-glyph/duck/debug/artifacts/01468_06_grid_fitted_full_coverage_off--pgf-5d0fdbf6-f000016_png_terminal_preview.png
[1787303117435 #01469] grid.done: source=off--pgf-5d0fdbf6-f000016.png target=64x64
[1787303117435 #01470] artifact: coverage 32x64 /Volumes/HadesGodBlue/CodeSook/codesook-glyph/duck/debug/artifacts/01470_08_grid_tile_coverage_off--pgf-5d0fdbf6-f000016_png_r1_c1_l.png
[1787303117436 #01471] artifact: coverage-terminal 32x64 cell=1x2 /Volumes/HadesGodBlue/CodeSook/codesook-glyph/duck/debug/artifacts/01471_08_grid_tile_coverage_off--pgf-5d0fdbf6-f000016_png_r1_c1_l_terminal_preview.png
[1787303117436 #01472] grid.tile: source=off--pgf-5d0fdbf6-f000016.png tile=(0,0) logical_col=0 half=l offset=(0, 0) size=32x64
[1787303117436 #01473] artifact: coverage 32x64 /Volumes/HadesGodBlue/CodeSook/codesook-glyph/duck/debug/artifacts/01473_08_grid_tile_coverage_off--pgf-5d0fdbf6-f000016_png_r1_c1_r.png
[1787303117436 #01474] artifact: coverage-terminal 32x64 cell=1x2 /Volumes/HadesGodBlue/CodeSook/codesook-glyph/duck/debug/artifacts/01474_08_grid_tile_coverage_off--pgf-5d0fdbf6-f000016_png_r1_c1_r_terminal_preview.png
[1787303117436 #01475] grid.tile: source=off--pgf-5d0fdbf6-f000016.png tile=(0,1) logical_col=0 half=r offset=(32, 0) size=32x64
[1787303117436 #01476] artifact: coverage 64x64 /Volumes/HadesGodBlue/CodeSook/codesook-glyph/duck/debug/artifacts/01476_09_grid_tiles_assembled_off--pgf-5d0fdbf6-f000016_png.png
[1787303117437 #01477] artifact: coverage-terminal 64x64 cell=1x2 /Volumes/HadesGodBlue/CodeSook/codesook-glyph/duck/debug/artifacts/01477_09_grid_tiles_assembled_off--pgf-5d0fdbf6-f000016_png_terminal_preview.png
[1787303117437 #01478] artifact: coverage 64x64 /Volumes/HadesGodBlue/CodeSook/codesook-glyph/duck/debug/artifacts/01478_10_grid_tiles_assembled_bordered_off--pgf-5d0fdbf6-f000016_png.png
[1787303117437 #01479] artifact: coverage-terminal 64x64 cell=1x2 /Volumes/HadesGodBlue/CodeSook/codesook-glyph/duck/debug/artifacts/01479_10_grid_tiles_assembled_bordered_off--pgf-5d0fdbf6-f000016_png_terminal_preview.png
[1787303117437 #01480] grid.assembled: source=off--pgf-5d0fdbf6-f000016.png logical=1x1 emitted=1x2 size=64x64
[1787303117437 #01481] source.done: source=off--pgf-5d0fdbf6-f000016.png mode=compose
[1787303117437 #01482] source.begin: source=off--pgf-5d0fdbf6-f000017.png path=/Volumes/HadesGodBlue/CodeSook/codesook-glyph/duck/images/off--pgf-5d0fdbf6-f000017.png
[1787303117438 #01483] source.compose: source=off--pgf-5d0fdbf6-f000017.png rows=1 cols=1
[1787303117438 #01484] grid.start: source=off--pgf-5d0fdbf6-f000017.png rows=1 cols=2 glyph=32x64 fit=PreserveFrame
[1787303117440 #01485] artifact: rgba 480x480 /Volumes/HadesGodBlue/CodeSook/codesook-glyph/duck/debug/artifacts/01485_01_grid_input_rgba_off--pgf-5d0fdbf6-f000017_png.png
[1787303117441 #01486] artifact: coverage 480x480 /Volumes/HadesGodBlue/CodeSook/codesook-glyph/duck/debug/artifacts/01486_02_grid_input_coverage_off--pgf-5d0fdbf6-f000017_png.png
[1787303117442 #01487] artifact: coverage-terminal 480x480 cell=1x2 /Volumes/HadesGodBlue/CodeSook/codesook-glyph/duck/debug/artifacts/01487_02_grid_input_coverage_off--pgf-5d0fdbf6-f000017_png_terminal_preview.png
[1787303117442 #01488] grid.frame: source=off--pgf-5d0fdbf6-f000017.png preserving full frame 480x480 target=64x64
[1787303117443 #01489] artifact: coverage 480x480 /Volumes/HadesGodBlue/CodeSook/codesook-glyph/duck/debug/artifacts/01489_03_grid_fit_source_coverage_off--pgf-5d0fdbf6-f000017_png.png
[1787303117443 #01490] artifact: coverage-terminal 480x480 cell=1x2 /Volumes/HadesGodBlue/CodeSook/codesook-glyph/duck/debug/artifacts/01490_03_grid_fit_source_coverage_off--pgf-5d0fdbf6-f000017_png_terminal_preview.png
[1787303117445 #01491] artifact: coverage 64x64 /Volumes/HadesGodBlue/CodeSook/codesook-glyph/duck/debug/artifacts/01491_04_grid_resized_coverage_off--pgf-5d0fdbf6-f000017_png.png
[1787303117445 #01492] artifact: coverage-terminal 64x64 cell=1x2 /Volumes/HadesGodBlue/CodeSook/codesook-glyph/duck/debug/artifacts/01492_04_grid_resized_coverage_off--pgf-5d0fdbf6-f000017_png_terminal_preview.png
[1787303117445 #01493] grid.placement: source=off--pgf-5d0fdbf6-f000017.png resized=64x64 offset=(0, 0)
[1787303117446 #01494] artifact: coverage 64x64 /Volumes/HadesGodBlue/CodeSook/codesook-glyph/duck/debug/artifacts/01494_05_grid_centered_coverage_off--pgf-5d0fdbf6-f000017_png.png
[1787303117446 #01495] artifact: coverage-terminal 64x64 cell=1x2 /Volumes/HadesGodBlue/CodeSook/codesook-glyph/duck/debug/artifacts/01495_05_grid_centered_coverage_off--pgf-5d0fdbf6-f000017_png_terminal_preview.png
[1787303117446 #01496] artifact: coverage 64x64 /Volumes/HadesGodBlue/CodeSook/codesook-glyph/duck/debug/artifacts/01496_06_grid_fitted_full_coverage_off--pgf-5d0fdbf6-f000017_png.png
[1787303117446 #01497] artifact: coverage-terminal 64x64 cell=1x2 /Volumes/HadesGodBlue/CodeSook/codesook-glyph/duck/debug/artifacts/01497_06_grid_fitted_full_coverage_off--pgf-5d0fdbf6-f000017_png_terminal_preview.png
[1787303117446 #01498] grid.done: source=off--pgf-5d0fdbf6-f000017.png target=64x64
[1787303117447 #01499] artifact: coverage 32x64 /Volumes/HadesGodBlue/CodeSook/codesook-glyph/duck/debug/artifacts/01499_08_grid_tile_coverage_off--pgf-5d0fdbf6-f000017_png_r1_c1_l.png
[1787303117447 #01500] artifact: coverage-terminal 32x64 cell=1x2 /Volumes/HadesGodBlue/CodeSook/codesook-glyph/duck/debug/artifacts/01500_08_grid_tile_coverage_off--pgf-5d0fdbf6-f000017_png_r1_c1_l_terminal_preview.png
[1787303117447 #01501] grid.tile: source=off--pgf-5d0fdbf6-f000017.png tile=(0,0) logical_col=0 half=l offset=(0, 0) size=32x64
[1787303117447 #01502] artifact: coverage 32x64 /Volumes/HadesGodBlue/CodeSook/codesook-glyph/duck/debug/artifacts/01502_08_grid_tile_coverage_off--pgf-5d0fdbf6-f000017_png_r1_c1_r.png
[1787303117447 #01503] artifact: coverage-terminal 32x64 cell=1x2 /Volumes/HadesGodBlue/CodeSook/codesook-glyph/duck/debug/artifacts/01503_08_grid_tile_coverage_off--pgf-5d0fdbf6-f000017_png_r1_c1_r_terminal_preview.png
[1787303117448 #01504] grid.tile: source=off--pgf-5d0fdbf6-f000017.png tile=(0,1) logical_col=0 half=r offset=(32, 0) size=32x64
[1787303117448 #01505] artifact: coverage 64x64 /Volumes/HadesGodBlue/CodeSook/codesook-glyph/duck/debug/artifacts/01505_09_grid_tiles_assembled_off--pgf-5d0fdbf6-f000017_png.png
[1787303117448 #01506] artifact: coverage-terminal 64x64 cell=1x2 /Volumes/HadesGodBlue/CodeSook/codesook-glyph/duck/debug/artifacts/01506_09_grid_tiles_assembled_off--pgf-5d0fdbf6-f000017_png_terminal_preview.png
[1787303117448 #01507] artifact: coverage 64x64 /Volumes/HadesGodBlue/CodeSook/codesook-glyph/duck/debug/artifacts/01507_10_grid_tiles_assembled_bordered_off--pgf-5d0fdbf6-f000017_png.png
[1787303117448 #01508] artifact: coverage-terminal 64x64 cell=1x2 /Volumes/HadesGodBlue/CodeSook/codesook-glyph/duck/debug/artifacts/01508_10_grid_tiles_assembled_bordered_off--pgf-5d0fdbf6-f000017_png_terminal_preview.png
[1787303117449 #01509] grid.assembled: source=off--pgf-5d0fdbf6-f000017.png logical=1x1 emitted=1x2 size=64x64
[1787303117449 #01510] source.done: source=off--pgf-5d0fdbf6-f000017.png mode=compose
[1787303117449 #01511] source.begin: source=off--pgf-5d0fdbf6-f000018.png path=/Volumes/HadesGodBlue/CodeSook/codesook-glyph/duck/images/off--pgf-5d0fdbf6-f000018.png
[1787303117449 #01512] source.compose: source=off--pgf-5d0fdbf6-f000018.png rows=1 cols=1
[1787303117449 #01513] grid.start: source=off--pgf-5d0fdbf6-f000018.png rows=1 cols=2 glyph=32x64 fit=PreserveFrame
[1787303117452 #01514] artifact: rgba 480x480 /Volumes/HadesGodBlue/CodeSook/codesook-glyph/duck/debug/artifacts/01514_01_grid_input_rgba_off--pgf-5d0fdbf6-f000018_png.png
[1787303117453 #01515] artifact: coverage 480x480 /Volumes/HadesGodBlue/CodeSook/codesook-glyph/duck/debug/artifacts/01515_02_grid_input_coverage_off--pgf-5d0fdbf6-f000018_png.png
[1787303117454 #01516] artifact: coverage-terminal 480x480 cell=1x2 /Volumes/HadesGodBlue/CodeSook/codesook-glyph/duck/debug/artifacts/01516_02_grid_input_coverage_off--pgf-5d0fdbf6-f000018_png_terminal_preview.png
[1787303117454 #01517] grid.frame: source=off--pgf-5d0fdbf6-f000018.png preserving full frame 480x480 target=64x64
[1787303117455 #01518] artifact: coverage 480x480 /Volumes/HadesGodBlue/CodeSook/codesook-glyph/duck/debug/artifacts/01518_03_grid_fit_source_coverage_off--pgf-5d0fdbf6-f000018_png.png
[1787303117456 #01519] artifact: coverage-terminal 480x480 cell=1x2 /Volumes/HadesGodBlue/CodeSook/codesook-glyph/duck/debug/artifacts/01519_03_grid_fit_source_coverage_off--pgf-5d0fdbf6-f000018_png_terminal_preview.png
[1787303117457 #01520] artifact: coverage 64x64 /Volumes/HadesGodBlue/CodeSook/codesook-glyph/duck/debug/artifacts/01520_04_grid_resized_coverage_off--pgf-5d0fdbf6-f000018_png.png
[1787303117457 #01521] artifact: coverage-terminal 64x64 cell=1x2 /Volumes/HadesGodBlue/CodeSook/codesook-glyph/duck/debug/artifacts/01521_04_grid_resized_coverage_off--pgf-5d0fdbf6-f000018_png_terminal_preview.png
[1787303117458 #01522] grid.placement: source=off--pgf-5d0fdbf6-f000018.png resized=64x64 offset=(0, 0)
[1787303117458 #01523] artifact: coverage 64x64 /Volumes/HadesGodBlue/CodeSook/codesook-glyph/duck/debug/artifacts/01523_05_grid_centered_coverage_off--pgf-5d0fdbf6-f000018_png.png
[1787303117458 #01524] artifact: coverage-terminal 64x64 cell=1x2 /Volumes/HadesGodBlue/CodeSook/codesook-glyph/duck/debug/artifacts/01524_05_grid_centered_coverage_off--pgf-5d0fdbf6-f000018_png_terminal_preview.png
[1787303117458 #01525] artifact: coverage 64x64 /Volumes/HadesGodBlue/CodeSook/codesook-glyph/duck/debug/artifacts/01525_06_grid_fitted_full_coverage_off--pgf-5d0fdbf6-f000018_png.png
[1787303117459 #01526] artifact: coverage-terminal 64x64 cell=1x2 /Volumes/HadesGodBlue/CodeSook/codesook-glyph/duck/debug/artifacts/01526_06_grid_fitted_full_coverage_off--pgf-5d0fdbf6-f000018_png_terminal_preview.png
[1787303117459 #01527] grid.done: source=off--pgf-5d0fdbf6-f000018.png target=64x64
[1787303117459 #01528] artifact: coverage 32x64 /Volumes/HadesGodBlue/CodeSook/codesook-glyph/duck/debug/artifacts/01528_08_grid_tile_coverage_off--pgf-5d0fdbf6-f000018_png_r1_c1_l.png
[1787303117459 #01529] artifact: coverage-terminal 32x64 cell=1x2 /Volumes/HadesGodBlue/CodeSook/codesook-glyph/duck/debug/artifacts/01529_08_grid_tile_coverage_off--pgf-5d0fdbf6-f000018_png_r1_c1_l_terminal_preview.png
[1787303117459 #01530] grid.tile: source=off--pgf-5d0fdbf6-f000018.png tile=(0,0) logical_col=0 half=l offset=(0, 0) size=32x64
[1787303117460 #01531] artifact: coverage 32x64 /Volumes/HadesGodBlue/CodeSook/codesook-glyph/duck/debug/artifacts/01531_08_grid_tile_coverage_off--pgf-5d0fdbf6-f000018_png_r1_c1_r.png
[1787303117460 #01532] artifact: coverage-terminal 32x64 cell=1x2 /Volumes/HadesGodBlue/CodeSook/codesook-glyph/duck/debug/artifacts/01532_08_grid_tile_coverage_off--pgf-5d0fdbf6-f000018_png_r1_c1_r_terminal_preview.png
[1787303117460 #01533] grid.tile: source=off--pgf-5d0fdbf6-f000018.png tile=(0,1) logical_col=0 half=r offset=(32, 0) size=32x64
[1787303117460 #01534] artifact: coverage 64x64 /Volumes/HadesGodBlue/CodeSook/codesook-glyph/duck/debug/artifacts/01534_09_grid_tiles_assembled_off--pgf-5d0fdbf6-f000018_png.png
[1787303117460 #01535] artifact: coverage-terminal 64x64 cell=1x2 /Volumes/HadesGodBlue/CodeSook/codesook-glyph/duck/debug/artifacts/01535_09_grid_tiles_assembled_off--pgf-5d0fdbf6-f000018_png_terminal_preview.png
[1787303117461 #01536] artifact: coverage 64x64 /Volumes/HadesGodBlue/CodeSook/codesook-glyph/duck/debug/artifacts/01536_10_grid_tiles_assembled_bordered_off--pgf-5d0fdbf6-f000018_png.png
[1787303117461 #01537] artifact: coverage-terminal 64x64 cell=1x2 /Volumes/HadesGodBlue/CodeSook/codesook-glyph/duck/debug/artifacts/01537_10_grid_tiles_assembled_bordered_off--pgf-5d0fdbf6-f000018_png_terminal_preview.png
[1787303117461 #01538] grid.assembled: source=off--pgf-5d0fdbf6-f000018.png logical=1x1 emitted=1x2 size=64x64
[1787303117461 #01539] source.done: source=off--pgf-5d0fdbf6-f000018.png mode=compose
[1787303117461 #01540] source.begin: source=off--pgf-5d0fdbf6-f000019.png path=/Volumes/HadesGodBlue/CodeSook/codesook-glyph/duck/images/off--pgf-5d0fdbf6-f000019.png
[1787303117461 #01541] source.compose: source=off--pgf-5d0fdbf6-f000019.png rows=1 cols=1
[1787303117462 #01542] grid.start: source=off--pgf-5d0fdbf6-f000019.png rows=1 cols=2 glyph=32x64 fit=PreserveFrame
[1787303117464 #01543] artifact: rgba 480x480 /Volumes/HadesGodBlue/CodeSook/codesook-glyph/duck/debug/artifacts/01543_01_grid_input_rgba_off--pgf-5d0fdbf6-f000019_png.png
[1787303117465 #01544] artifact: coverage 480x480 /Volumes/HadesGodBlue/CodeSook/codesook-glyph/duck/debug/artifacts/01544_02_grid_input_coverage_off--pgf-5d0fdbf6-f000019_png.png
[1787303117466 #01545] artifact: coverage-terminal 480x480 cell=1x2 /Volumes/HadesGodBlue/CodeSook/codesook-glyph/duck/debug/artifacts/01545_02_grid_input_coverage_off--pgf-5d0fdbf6-f000019_png_terminal_preview.png
[1787303117466 #01546] grid.frame: source=off--pgf-5d0fdbf6-f000019.png preserving full frame 480x480 target=64x64
[1787303117467 #01547] artifact: coverage 480x480 /Volumes/HadesGodBlue/CodeSook/codesook-glyph/duck/debug/artifacts/01547_03_grid_fit_source_coverage_off--pgf-5d0fdbf6-f000019_png.png
[1787303117467 #01548] artifact: coverage-terminal 480x480 cell=1x2 /Volumes/HadesGodBlue/CodeSook/codesook-glyph/duck/debug/artifacts/01548_03_grid_fit_source_coverage_off--pgf-5d0fdbf6-f000019_png_terminal_preview.png
[1787303117469 #01549] artifact: coverage 64x64 /Volumes/HadesGodBlue/CodeSook/codesook-glyph/duck/debug/artifacts/01549_04_grid_resized_coverage_off--pgf-5d0fdbf6-f000019_png.png
[1787303117469 #01550] artifact: coverage-terminal 64x64 cell=1x2 /Volumes/HadesGodBlue/CodeSook/codesook-glyph/duck/debug/artifacts/01550_04_grid_resized_coverage_off--pgf-5d0fdbf6-f000019_png_terminal_preview.png
[1787303117469 #01551] grid.placement: source=off--pgf-5d0fdbf6-f000019.png resized=64x64 offset=(0, 0)
[1787303117469 #01552] artifact: coverage 64x64 /Volumes/HadesGodBlue/CodeSook/codesook-glyph/duck/debug/artifacts/01552_05_grid_centered_coverage_off--pgf-5d0fdbf6-f000019_png.png
[1787303117470 #01553] artifact: coverage-terminal 64x64 cell=1x2 /Volumes/HadesGodBlue/CodeSook/codesook-glyph/duck/debug/artifacts/01553_05_grid_centered_coverage_off--pgf-5d0fdbf6-f000019_png_terminal_preview.png
[1787303117470 #01554] artifact: coverage 64x64 /Volumes/HadesGodBlue/CodeSook/codesook-glyph/duck/debug/artifacts/01554_06_grid_fitted_full_coverage_off--pgf-5d0fdbf6-f000019_png.png
[1787303117470 #01555] artifact: coverage-terminal 64x64 cell=1x2 /Volumes/HadesGodBlue/CodeSook/codesook-glyph/duck/debug/artifacts/01555_06_grid_fitted_full_coverage_off--pgf-5d0fdbf6-f000019_png_terminal_preview.png
[1787303117470 #01556] grid.done: source=off--pgf-5d0fdbf6-f000019.png target=64x64
[1787303117470 #01557] artifact: coverage 32x64 /Volumes/HadesGodBlue/CodeSook/codesook-glyph/duck/debug/artifacts/01557_08_grid_tile_coverage_off--pgf-5d0fdbf6-f000019_png_r1_c1_l.png
[1787303117470 #01558] artifact: coverage-terminal 32x64 cell=1x2 /Volumes/HadesGodBlue/CodeSook/codesook-glyph/duck/debug/artifacts/01558_08_grid_tile_coverage_off--pgf-5d0fdbf6-f000019_png_r1_c1_l_terminal_preview.png
[1787303117471 #01559] grid.tile: source=off--pgf-5d0fdbf6-f000019.png tile=(0,0) logical_col=0 half=l offset=(0, 0) size=32x64
[1787303117471 #01560] artifact: coverage 32x64 /Volumes/HadesGodBlue/CodeSook/codesook-glyph/duck/debug/artifacts/01560_08_grid_tile_coverage_off--pgf-5d0fdbf6-f000019_png_r1_c1_r.png
[1787303117471 #01561] artifact: coverage-terminal 32x64 cell=1x2 /Volumes/HadesGodBlue/CodeSook/codesook-glyph/duck/debug/artifacts/01561_08_grid_tile_coverage_off--pgf-5d0fdbf6-f000019_png_r1_c1_r_terminal_preview.png
[1787303117471 #01562] grid.tile: source=off--pgf-5d0fdbf6-f000019.png tile=(0,1) logical_col=0 half=r offset=(32, 0) size=32x64
[1787303117471 #01563] artifact: coverage 64x64 /Volumes/HadesGodBlue/CodeSook/codesook-glyph/duck/debug/artifacts/01563_09_grid_tiles_assembled_off--pgf-5d0fdbf6-f000019_png.png
[1787303117471 #01564] artifact: coverage-terminal 64x64 cell=1x2 /Volumes/HadesGodBlue/CodeSook/codesook-glyph/duck/debug/artifacts/01564_09_grid_tiles_assembled_off--pgf-5d0fdbf6-f000019_png_terminal_preview.png
[1787303117472 #01565] artifact: coverage 64x64 /Volumes/HadesGodBlue/CodeSook/codesook-glyph/duck/debug/artifacts/01565_10_grid_tiles_assembled_bordered_off--pgf-5d0fdbf6-f000019_png.png
[1787303117472 #01566] artifact: coverage-terminal 64x64 cell=1x2 /Volumes/HadesGodBlue/CodeSook/codesook-glyph/duck/debug/artifacts/01566_10_grid_tiles_assembled_bordered_off--pgf-5d0fdbf6-f000019_png_terminal_preview.png
[1787303117472 #01567] grid.assembled: source=off--pgf-5d0fdbf6-f000019.png logical=1x1 emitted=1x2 size=64x64
[1787303117472 #01568] source.done: source=off--pgf-5d0fdbf6-f000019.png mode=compose
[1787303117472 #01569] source.begin: source=off--pgf-5d0fdbf6-f000020.png path=/Volumes/HadesGodBlue/CodeSook/codesook-glyph/duck/images/off--pgf-5d0fdbf6-f000020.png
[1787303117472 #01570] source.compose: source=off--pgf-5d0fdbf6-f000020.png rows=1 cols=1
[1787303117473 #01571] grid.start: source=off--pgf-5d0fdbf6-f000020.png rows=1 cols=2 glyph=32x64 fit=PreserveFrame
[1787303117475 #01572] artifact: rgba 480x480 /Volumes/HadesGodBlue/CodeSook/codesook-glyph/duck/debug/artifacts/01572_01_grid_input_rgba_off--pgf-5d0fdbf6-f000020_png.png
[1787303117476 #01573] artifact: coverage 480x480 /Volumes/HadesGodBlue/CodeSook/codesook-glyph/duck/debug/artifacts/01573_02_grid_input_coverage_off--pgf-5d0fdbf6-f000020_png.png
[1787303117477 #01574] artifact: coverage-terminal 480x480 cell=1x2 /Volumes/HadesGodBlue/CodeSook/codesook-glyph/duck/debug/artifacts/01574_02_grid_input_coverage_off--pgf-5d0fdbf6-f000020_png_terminal_preview.png
[1787303117478 #01575] grid.frame: source=off--pgf-5d0fdbf6-f000020.png preserving full frame 480x480 target=64x64
[1787303117478 #01576] artifact: coverage 480x480 /Volumes/HadesGodBlue/CodeSook/codesook-glyph/duck/debug/artifacts/01576_03_grid_fit_source_coverage_off--pgf-5d0fdbf6-f000020_png.png
[1787303117479 #01577] artifact: coverage-terminal 480x480 cell=1x2 /Volumes/HadesGodBlue/CodeSook/codesook-glyph/duck/debug/artifacts/01577_03_grid_fit_source_coverage_off--pgf-5d0fdbf6-f000020_png_terminal_preview.png
[1787303117481 #01578] artifact: coverage 64x64 /Volumes/HadesGodBlue/CodeSook/codesook-glyph/duck/debug/artifacts/01578_04_grid_resized_coverage_off--pgf-5d0fdbf6-f000020_png.png
[1787303117481 #01579] artifact: coverage-terminal 64x64 cell=1x2 /Volumes/HadesGodBlue/CodeSook/codesook-glyph/duck/debug/artifacts/01579_04_grid_resized_coverage_off--pgf-5d0fdbf6-f000020_png_terminal_preview.png
[1787303117481 #01580] grid.placement: source=off--pgf-5d0fdbf6-f000020.png resized=64x64 offset=(0, 0)
[1787303117481 #01581] artifact: coverage 64x64 /Volumes/HadesGodBlue/CodeSook/codesook-glyph/duck/debug/artifacts/01581_05_grid_centered_coverage_off--pgf-5d0fdbf6-f000020_png.png
[1787303117482 #01582] artifact: coverage-terminal 64x64 cell=1x2 /Volumes/HadesGodBlue/CodeSook/codesook-glyph/duck/debug/artifacts/01582_05_grid_centered_coverage_off--pgf-5d0fdbf6-f000020_png_terminal_preview.png
[1787303117482 #01583] artifact: coverage 64x64 /Volumes/HadesGodBlue/CodeSook/codesook-glyph/duck/debug/artifacts/01583_06_grid_fitted_full_coverage_off--pgf-5d0fdbf6-f000020_png.png
[1787303117482 #01584] artifact: coverage-terminal 64x64 cell=1x2 /Volumes/HadesGodBlue/CodeSook/codesook-glyph/duck/debug/artifacts/01584_06_grid_fitted_full_coverage_off--pgf-5d0fdbf6-f000020_png_terminal_preview.png
[1787303117482 #01585] grid.done: source=off--pgf-5d0fdbf6-f000020.png target=64x64
[1787303117482 #01586] artifact: coverage 32x64 /Volumes/HadesGodBlue/CodeSook/codesook-glyph/duck/debug/artifacts/01586_08_grid_tile_coverage_off--pgf-5d0fdbf6-f000020_png_r1_c1_l.png
[1787303117483 #01587] artifact: coverage-terminal 32x64 cell=1x2 /Volumes/HadesGodBlue/CodeSook/codesook-glyph/duck/debug/artifacts/01587_08_grid_tile_coverage_off--pgf-5d0fdbf6-f000020_png_r1_c1_l_terminal_preview.png
[1787303117483 #01588] grid.tile: source=off--pgf-5d0fdbf6-f000020.png tile=(0,0) logical_col=0 half=l offset=(0, 0) size=32x64
[1787303117483 #01589] artifact: coverage 32x64 /Volumes/HadesGodBlue/CodeSook/codesook-glyph/duck/debug/artifacts/01589_08_grid_tile_coverage_off--pgf-5d0fdbf6-f000020_png_r1_c1_r.png
[1787303117483 #01590] artifact: coverage-terminal 32x64 cell=1x2 /Volumes/HadesGodBlue/CodeSook/codesook-glyph/duck/debug/artifacts/01590_08_grid_tile_coverage_off--pgf-5d0fdbf6-f000020_png_r1_c1_r_terminal_preview.png
[1787303117483 #01591] grid.tile: source=off--pgf-5d0fdbf6-f000020.png tile=(0,1) logical_col=0 half=r offset=(32, 0) size=32x64
[1787303117483 #01592] artifact: coverage 64x64 /Volumes/HadesGodBlue/CodeSook/codesook-glyph/duck/debug/artifacts/01592_09_grid_tiles_assembled_off--pgf-5d0fdbf6-f000020_png.png
[1787303117484 #01593] artifact: coverage-terminal 64x64 cell=1x2 /Volumes/HadesGodBlue/CodeSook/codesook-glyph/duck/debug/artifacts/01593_09_grid_tiles_assembled_off--pgf-5d0fdbf6-f000020_png_terminal_preview.png
[1787303117484 #01594] artifact: coverage 64x64 /Volumes/HadesGodBlue/CodeSook/codesook-glyph/duck/debug/artifacts/01594_10_grid_tiles_assembled_bordered_off--pgf-5d0fdbf6-f000020_png.png
[1787303117484 #01595] artifact: coverage-terminal 64x64 cell=1x2 /Volumes/HadesGodBlue/CodeSook/codesook-glyph/duck/debug/artifacts/01595_10_grid_tiles_assembled_bordered_off--pgf-5d0fdbf6-f000020_png_terminal_preview.png
[1787303117484 #01596] grid.assembled: source=off--pgf-5d0fdbf6-f000020.png logical=1x1 emitted=1x2 size=64x64
[1787303117484 #01597] source.done: source=off--pgf-5d0fdbf6-f000020.png mode=compose
