STARTFONT 2.1
FONT -misc-bird-medium-r-normal--64-640-75-75-c-640-iso10646-1
SIZE 64 75 75
FONTBOUNDINGBOX 64 64 0 -13
STARTPROPERTIES 2
FONT_ASCENT 51
FONT_DESCENT 13
ENDPROPERTIES
CHARS 147
STARTCHAR bird_pgf_4fd541ce_f000001_r1_c1
ENCODING 1055128
SWIDTH 500 0
DWIDTH 32 0
BBX 32 64 0 -13
BITMAP
00000000
00000000
00000000
00000000
00000000
00000000
00000000
00000000
00000000
00000003
00000003
00000007
00000037
0000003F
0000003F
0000003F
0000007F
0000007F
0000007F
0000003F
0000003F
0000003F
000000FF
000000FF
000000FF
000000FF
0000007F
0000007F
0000003F
0000003F
0000701F
0000780F
003F3C0F
007FFC1F
003FFE7F
000FFFFF
003FFFFF
00FFFFFF
03FFFFFF
07FFFFFF
07FFE1FF
03FC00FF
000000FF
0000007F
0000003F
0000007F
0000003F
0000003F
0000002D
00000000
00000000
00000000
00000000
00000000
00000000
00000000
00000000
00000000
00000000
00000000
00000000
00000000
00000000
00000000
ENDCHAR
STARTCHAR bird_pgf_4fd541ce_f000001_r1_c2
ENCODING 1055129
SWIDTH 500 0
DWIDTH 32 0
BBX 32 64 0 -13
BITMAP
00000000
00000000
00000000
00000000
00000000
00000000
00000000
00000000
00000000
00000000
00000000
80000000
88000000
98000000
BC000000
FC000000
FC000000
FC000000
FE000000
FE000000
FE000000
FE000000
FE000000
FE000000
FE000000
FE000000
FE000000
FF078000
FFFF8000
FFFFC000
FFFF8000
FFFFC000
FFFFC000
FF1FC000
FF17F800
FF1FFF80
FF1FBF80
FFFFFC00
FFFFF800
FFFFF000
FFFFE000
FFFFC000
FFFFC000
FFFF8000
FFFF8000
FFFF0000
FFFE0000
FFFC0000
FFF00000
7FC00000
00000000
00000000
00000000
00000000
00000000
00000000
00000000
00000000
00000000
00000000
00000000
00000000
00000000
00000000
ENDCHAR
STARTCHAR bird_pgf_4fd541ce_f000002_r1_c1
ENCODING 1055130
SWIDTH 500 0
DWIDTH 32 0
BBX 32 64 0 -13
BITMAP
00000000
00000000
00000000
00000000
00000000
00000000
00000000
00000000
00000000
00000003
00000003
00000007
00000037
0000003F
0000003F
0000003F
0000007F
0000007F
0000007F
0000003F
0000003F
000000FF
000000FF
000000FF
000000FF
000000FF
0000007F
0000007F
0000003F
0000003F
0000701F
0000780F
007FBC0F
007FFE1F
003FFE7F
000FFFFF
003FFFFF
01FFFFFF
03FFFFFF
07FFFFFF
07FFC1FF
03F800FF
000000FF
0000007F
0000003F
0000007F
0000003F
0000003F
0000002D
00000000
00000000
00000000
00000000
00000000
00000000
00000000
00000000
00000000
00000000
00000000
00000000
00000000
00000000
00000000
ENDCHAR
STARTCHAR bird_pgf_4fd541ce_f000002_r1_c2
ENCODING 1055131
SWIDTH 500 0
DWIDTH 32 0
BBX 32 64 0 -13
BITMAP
00000000
00000000
00000000
00000000
00000000
00000000
00000000
00000000
00000000
00000000
00000000
80000000
98000000
98000000
BC000000
FC000000
FC000000
FC000000
FE000000
FE000000
FE000000
FE000000
FE000000
FE000000
FE000000
FE000000
FE000000
FF078000
FFFF8000
FFFFC000
FFFF8000
FFFFC000
FFFFC000
FF1FE000
FF17F800
FF1FFF80
FF1FBF80
FFFFFC00
FFFFF800
FFFFF000
FFFFE000
FFFFC000
FFFFC000
FFFF8000
FFFF8000
FFFF0000
FFFE0000
FFFC0000
FFF00000
7FC00000
00000000
00000000
00000000
00000000
00000000
00000000
00000000
00000000
00000000
00000000
00000000
00000000
00000000
00000000
ENDCHAR
STARTCHAR bird_pgf_4fd541ce_f000003_r1_c1
ENCODING 1055132
SWIDTH 500 0
DWIDTH 32 0
BBX 32 64 0 -13
BITMAP
00000000
00000000
00000000
00000000
00000000
00000000
00000000
00000000
00000000
00000000
00000000
00000000
00000000
00000000
00000000
00000000
00000000
00000000
00000030
00000070
00000071
000001F3
000003F3
000003FF
000003FF
000003FF
000001FF
000001FF
000007FF
000007FF
000073FF
00183BFF
007FBFFF
007FFFFF
003FFEFF
000FFFFF
007FFFFF
01FFFFFF
03FFFFFF
07FFFFFF
07FF81FF
03E000FF
000000FF
0000007F
0000003F
0000007F
0000003F
0000003F
0000002D
00000000
00000000
00000000
00000000
00000000
00000000
00000000
00000000
00000000
00000000
00000000
00000000
00000000
00000000
00000000
ENDCHAR
STARTCHAR bird_pgf_4fd541ce_f000003_r1_c2
ENCODING 1055133
SWIDTH 500 0
DWIDTH 32 0
BBX 32 64 0 -13
BITMAP
00000000
00000000
00000000
00000000
00000000
00000000
00000000
00000000
00000000
00000000
00000000
00000000
00000000
00000000
00000000
00000000
00000000
00000000
00000000
00000000
80000000
80000000
80000000
80000000
C0000000
E0000000
E0000000
E01F8000
F1FFC000
FFFFC000
FFFF8000
FFFFC000
FFFFC000
FFFFE000
FF1FFC00
FF5FFF80
FFFFBF80
FFFFFC00
FFFFF800
FFFFF000
FFFFE000
FFFFC000
FFFFC000
FFFF8000
FFFF8000
FFFF0000
FFFE0000
FFF80000
FFF00000
3F800000
00000000
00000000
00000000
00000000
00000000
00000000
00000000
00000000
00000000
00000000
00000000
00000000
00000000
00000000
ENDCHAR
STARTCHAR bird_pgf_4fd541ce_f000004_r1_c1
ENCODING 1055134
SWIDTH 500 0
DWIDTH 32 0
BBX 32 64 0 -13
BITMAP
00000000
00000000
00000000
00000000
00000000
00000000
00000000
00000000
00000000
00000000
00000000
00000000
00000000
00000000
00000000
00000000
00000000
00000000
00000030
00000070
00000071
000001F3
000003FB
000003FF
000003FF
000003FF
000001FF
000001FF
000007FF
000037FF
00007BFF
003F3FFF
007FDDFF
003FFEFF
000FFEFF
001FFFFF
00FFFFFF
03FFFFFF
07FFFFFF
07FFFBFF
03FE01FF
000000FF
0000007F
0000003F
0000007F
0000007F
0000003F
0000003F
0000000C
00000000
00000000
00000000
00000000
00000000
00000000
00000000
00000000
00000000
00000000
00000000
00000000
00000000
00000000
00000000
ENDCHAR
STARTCHAR bird_pgf_4fd541ce_f000004_r1_c2
ENCODING 1055135
SWIDTH 500 0
DWIDTH 32 0
BBX 32 64 0 -13
BITMAP
00000000
00000000
00000000
00000000
00000000
00000000
00000000
00000000
00000000
00000000
00000000
00000000
00000000
00000000
00000000
00000000
00000000
00000000
00000000
00000000
80000000
80000000
80000000
80000000
C0000000
E0000000
E0000000
E03F8000
F3FFC000
FFFF8000
FFFF8000
FFFFC000
FFFFC000
FFBFE000
FF1FFE00
FFFFBF80
FFFFFF00
FFFFFC00
FFFFF800
FFFFE000
FFFFE000
FFFFC000
FFFFC000
FFFF8000
FFFF0000
FFFE0000
FFFC0000
FFF80000
FFE00000
0F000000
00000000
00000000
00000000
00000000
00000000
00000000
00000000
00000000
00000000
00000000
00000000
00000000
00000000
00000000
ENDCHAR
STARTCHAR bird_pgf_4fd541ce_f000005_r1_c1
ENCODING 1055136
SWIDTH 500 0
DWIDTH 32 0
BBX 32 64 0 -13
BITMAP
00000000
00000000
00000000
00000000
00000000
00000000
00000000
00000000
00000000
00000000
00000000
00000000
00000000
00000000
00000000
00000000
00000000
00000000
00000000
00000000
00000000
00000000
00000000
00000000
00000000
00000000
00000000
00000000
00000000
00003180
00183BCC
007FBFDF
007FFFFF
001FFFFF
0007FFFF
007FFFFF
01FFFFFF
07FFFFFF
07FFFFFF
07FFC1FF
01E001FF
000000FF
0000007F
0000003F
0000007F
0000003F
0000003F
0000003D
00000000
00000000
00000000
00000000
00000000
00000000
00000000
00000000
00000000
00000000
00000000
00000000
00000000
00000000
00000000
00000000
ENDCHAR
STARTCHAR bird_pgf_4fd541ce_f000005_r1_c2
ENCODING 1055137
SWIDTH 500 0
DWIDTH 32 0
BBX 32 64 0 -13
BITMAP
00000000
00000000
00000000
00000000
00000000
00000000
00000000
00000000
00000000
00000000
00000000
00000000
00000000
00000000
00000000
00000000
00000000
00000000
00000000
00000000
00000000
00000000
00000000
00000000
00000000
00000000
00038000
00FF8000
07FFC000
3FFF8000
FFFF8000
FFFFC000
FFFFC000
FFFFF800
FFFFFF00
FFFFBF80
FFFFFE00
FFFFF800
FFFFF000
FFFFE000
FFFFC000
FFFFC000
FFFF8000
FFFF8000
FFFF0000
FFFE0000
FFFC0000
FFF00000
7FC00000
00000000
00000000
00000000
00000000
00000000
00000000
00000000
00000000
00000000
00000000
00000000
00000000
00000000
00000000
00000000
ENDCHAR
STARTCHAR bird_pgf_4fd541ce_f000006_r1_c1
ENCODING 1055138
SWIDTH 500 0
DWIDTH 32 0
BBX 32 64 0 -13
BITMAP
00000000
00000000
00000000
00000000
00000000
00000000
00000000
00000000
00000000
00000000
00000000
00000000
00000000
00000000
00000000
00000000
00000000
00000000
00000000
00000000
00000000
00000000
00000000
00000000
00000000
00000000
00000000
00000000
00003000
003E3800
007F9C03
003FFE0F
001FFE3F
0007FEFF
00FFFFFF
03FFFFFF
07FFFFFF
07FFFFFF
07FFE1FF
000001FF
000000FF
0000007F
0000007F
000000FF
000000FF
000001FF
000001FF
00000004
00000000
00000000
00000000
00000000
00000000
00000000
00000000
00000000
00000000
00000000
00000000
00000000
00000000
00000000
00000000
00000000
ENDCHAR
STARTCHAR bird_pgf_4fd541ce_f000006_r1_c2
ENCODING 1055139
SWIDTH 500 0
DWIDTH 32 0
BBX 32 64 0 -13
BITMAP
00000000
00000000
00000000
00000000
00000000
00000000
00000000
00000000
00000000
00000000
00000000
00000000
00000000
00000000
00000000
00000000
00000000
00000000
00000000
00000000
00000000
00000000
00000000
00000000
00000000
00018000
007F8000
03FFC000
1FFF8000
FFFF8000
FFFFC000
FFFFC000
FFFFE000
FFFFFE00
FFFFBF80
FFFFFE00
FFFFFC00
FFFFF800
FFFFE000
FFFFE000
FFFFC000
FFFFC000
FFFF8000
FFFF0000
FFFE0000
FFFC0000
FFF80000
FFE00000
0E000000
00000000
00000000
00000000
00000000
00000000
00000000
00000000
00000000
00000000
00000000
00000000
00000000
00000000
00000000
00000000
ENDCHAR
STARTCHAR bird_pgf_4fd541ce_f000007_r1_c1
ENCODING 1055140
SWIDTH 500 0
DWIDTH 32 0
BBX 32 64 0 -13
BITMAP
00000000
00000000
00000000
00000000
00000000
00000000
00000000
00000000
00000000
00000000
00000000
00000000
00000000
00000000
00000000
00000000
00000000
00000000
00000000
00000000
00000000
00000000
00000000
00000000
00000000
00000000
00000000
00001000
00003800
003F3C00
003FDC07
001FFE1F
0007FE3F
003FFFFF
01FFFFFF
03FFFFFF
07FFFFFF
07FFFFFF
01FE01FF
000001FF
000000FF
0000007F
0000007F
000000FF
000001FF
000001FF
000000FF
00000000
00000000
00000000
00000000
00000000
00000000
00000000
00000000
00000000
00000000
00000000
00000000
00000000
00000000
00000000
00000000
00000000
ENDCHAR
STARTCHAR bird_pgf_4fd541ce_f000007_r1_c2
ENCODING 1055141
SWIDTH 500 0
DWIDTH 32 0
BBX 32 64 0 -13
BITMAP
00000000
00000000
00000000
00000000
00000000
00000000
00000000
00000000
00000000
00000000
00000000
00000000
00000000
00000000
00000000
00000000
00000000
00000000
00000000
00000000
00000000
00000000
00000000
00000000
00000000
00078000
00FFC000
07FFC000
3FFF8000
FFFF8000
FFFFC000
FFFFC000
FFFFF800
FFFFFF00
FFFFBF80
FFFFFE00
FFFFF800
FFFFF000
FFFFE000
FFFFC000
FFFFC000
FFFF8000
FFFF8000
FFFF0000
FFFE0000
FFFC0000
FFF00000
7FC00000
00000000
00000000
00000000
00000000
00000000
00000000
00000000
00000000
00000000
00000000
00000000
00000000
00000000
00000000
00000000
00000000
ENDCHAR
STARTCHAR bird_pgf_4fd541ce_f000008_r1_c1
ENCODING 1055142
SWIDTH 500 0
DWIDTH 32 0
BBX 32 64 0 -13
BITMAP
00000000
00000000
00000000
00000000
00000000
00000000
00000000
00000000
00000000
00000000
00000000
00000000
00000000
00000000
00000000
00000000
00000000
00000000
00000000
00000000
00000000
00000000
00000000
00000000
00000000
00000000
00000000
00003000
001C3800
003F9C01
003FFE07
001FFE1F
0007FE7F
00FFFFFF
03FFFFFF
07FFFFFF
07FFFFFF
03FFFFFF
000001FF
000000FF
000000FF
0000007F
0000003F
0000007F
0000003F
0000003F
0000003D
00000000
00000000
00000000
00000000
00000000
00000000
00000000
00000000
00000000
00000000
00000000
00000000
00000000
00000000
00000000
00000000
00000000
ENDCHAR
STARTCHAR bird_pgf_4fd541ce_f000008_r1_c2
ENCODING 1055143
SWIDTH 500 0
DWIDTH 32 0
BBX 32 64 0 -13
BITMAP
00000000
00000000
00000000
00000000
00000000
00000000
00000000
00000000
00000000
00000000
00000000
00000000
00000000
00000000
00000000
00000000
00000000
00000000
00000000
00000000
00000000
00000000
00000000
00000000
00000000
00078000
00FFC000
0FFF8000
3FFF8000
FFFFC000
FFFFC000
FFFFE000
FFFFF800
FFFFFF80
FFFFBF80
FFFFFC00
FFFFF800
FFFFF000
FFFFE000
FFFFC000
FFFFC000
FFFF8000
FFFF8000
FFFF0000
FFFE0000
FFFE0000
FFFE0000
FFFF0000
FFFF8000
FFFFC000
FFFFC000
FFFFC000
6FFFC000
0FFFE000
07FEE000
07FE0000
03DC0000
01CC0000
00000000
00000000
00000000
00000000
00000000
00000000
ENDCHAR
STARTCHAR bird_pgf_4fd541ce_f000009_r1_c1
ENCODING 1055144
SWIDTH 500 0
DWIDTH 32 0
BBX 32 64 0 -13
BITMAP
00000000
00000000
00000000
00000000
00000000
00000000
00000000
00000000
00000000
00000000
00000000
00000000
00000000
00000000
00000000
00000000
00000000
00000000
00000000
00000000
00000000
00000000
00000000
00000000
00000000
00000000
00000000
00003000
003E3800
003F9C01
001FFE07
000FFE1F
0007FE7F
01FFFFFF
03FFFFFF
07FFFFFF
07FFFFFF
03FFFFFF
000001FF
000000FF
000000FF
0000007F
0000003F
0000007F
0000003F
0000003F
0000003D
00000000
00000000
00000000
00000000
00000000
00000000
00000000
00000000
00000000
00000000
00000000
00000000
00000000
00000000
00000000
00000000
00000000
ENDCHAR
STARTCHAR bird_pgf_4fd541ce_f000009_r1_c2
ENCODING 1055145
SWIDTH 500 0
DWIDTH 32 0
BBX 32 64 0 -13
BITMAP
00000000
00000000
00000000
00000000
00000000
00000000
00000000
00000000
00000000
00000000
00000000
00000000
00000000
00000000
00000000
00000000
00000000
00000000
00000000
00000000
00000000
00000000
00000000
00000000
00000000
000F8000
01FFC000
0FFF8000
3FFF8000
FFFFC000
FFFFC000
FFFFE000
FF1FF800
FF1FFF80
FFFFBF80
FFFFFC00
FFFFF800
FFFFF000
FFFFE000
FFFFC000
FFFFC000
FFFF8000
FFFF8000
FFFF0000
FFFE0000
FFFE0000
FFFE0000
FFFF0000
FFFF8000
FFFFC000
FFFFC000
FFFFC000
6FFFE000
0FFFE000
07FEE000
03FE0000
03DC0000
00CC0000
00000000
00000000
00000000
00000000
00000000
00000000
ENDCHAR
STARTCHAR bird_pgf_4fd541ce_f000010_r1_c1
ENCODING 1055146
SWIDTH 500 0
DWIDTH 32 0
BBX 32 64 0 -13
BITMAP
00000000
00000000
00000000
00000000
00000000
00000000
00000000
00000000
00000000
00000000
00000000
00000000
00000000
00000000
00000000
00000000
00000000
00000000
00000000
00000000
00000000
00000000
00000000
00000000
00000000
00000000
00000000
00003000
003E3800
003F9C01
001FFE07
000FFE1F
0007FE7F
01FFFFFF
03FFFFFF
07FFFFFF
07FFFFFF
03FFFFFF
000001FF
000000FF
000000FF
0000007F
0000003F
0000007F
0000003F
0000003F
0000003F
0000001F
0000001F
0000000F
00000001
00000001
00000000
00000000
00000000
00000000
00000000
00000000
00000000
00000000
00000000
00000000
00000000
00000000
ENDCHAR
STARTCHAR bird_pgf_4fd541ce_f000010_r1_c2
ENCODING 1055147
SWIDTH 500 0
DWIDTH 32 0
BBX 32 64 0 -13
BITMAP
00000000
00000000
00000000
00000000
00000000
00000000
00000000
00000000
00000000
00000000
00000000
00000000
00000000
00000000
00000000
00000000
00000000
00000000
00000000
00000000
00000000
00000000
00000000
00000000
00000000
00078000
00FFC000
0FFF8000
3FFF8000
FFFFC000
FFFFC000
FFFFE000
FF1FF800
FF1FFF80
FFFFBF80
FFFFFC00
FFFFF800
FFFFF000
FFFFE000
FFFFC000
FFFFC000
FFFF8000
FFFF8000
FFFF0000
FFFE0000
FFFC0000
FFF00000
FFE00000
FFE00000
FFF00000
FF780000
FE300000
EF000000
06000000
00000000
00000000
00000000
00000000
00000000
00000000
00000000
00000000
00000000
00000000
ENDCHAR
STARTCHAR bird_pgf_4fd541ce_f000011_r1_c1
ENCODING 1055148
SWIDTH 500 0
DWIDTH 32 0
BBX 32 64 0 -13
BITMAP
00000000
00000000
00000000
00000000
00000000
00000000
00000000
00000000
00000000
00000000
00000000
00000000
00000000
00000000
00000000
00000000
00000000
00000000
00000000
00000000
00000000
00000000
00000000
00000000
00000000
00000000
00000000
00001000
003E3800
003F9C00
001FFE03
000FFE0F
0007FE3F
01FFFFFF
03FFFFFF
07FFFFFF
07FFFFFF
03FFFFFF
000001FF
000001FF
000000FF
0000007F
0000003F
0000007F
0000007F
0000003F
0000003F
0000001F
0000001F
0000000F
00000003
00000001
00000000
00000000
00000000
00000000
00000000
00000000
00000000
00000000
00000000
00000000
00000000
00000000
ENDCHAR
STARTCHAR bird_pgf_4fd541ce_f000011_r1_c2
ENCODING 1055149
SWIDTH 500 0
DWIDTH 32 0
BBX 32 64 0 -13
BITMAP
00000000
00000000
00000000
00000000
00000000
00000000
00000000
00000000
00000000
00000000
00000000
00000000
00000000
00000000
00000000
00000000
00000000
00000000
00000000
00000000
00000000
00000000
00000000
00000000
00000000
00078000
00FFC000
07FF8000
3FFF8000
FFFF8000
FFFFC000
FF9FC000
FF17F000
FF1FFF00
FF1FBF80
FFFFFE00
FFFFF800
FFFFF000
FFFFE000
FFFFC000
FFFFC000
FFFF8000
FFFF8000
FFFF0000
FFFE0000
FFFC0000
FFF00000
FFE00000
FFE00000
FFF00000
FFF80000
FF300000
EE000000
06000000
00000000
00000000
00000000
00000000
00000000
00000000
00000000
00000000
00000000
00000000
ENDCHAR
STARTCHAR bird_pgf_4fd541ce_f000012_r1_c1
ENCODING 1055150
SWIDTH 500 0
DWIDTH 32 0
BBX 32 64 0 -13
BITMAP
00000000
00000000
00000000
00000000
00000000
00000000
00000000
00000000
00000000
00000000
00000000
00000000
00000000
00000000
00000000
00000000
00000000
00000000
00000000
00000000
00000000
00000000
00000000
00000000
00000000
00000000
00000000
00000000
00003800
003F3C03
003FDC0F
001FFE1F
0007FE3F
00FFFE7F
03FFFFFF
07FFFFFF
07FFFFFF
03FFFFFF
000003FF
000001FF
000000FF
0000007F
0000003F
0000003F
0000007F
0000003F
0000003F
00000004
00000000
00000000
00000000
00000000
00000000
00000000
00000000
00000000
00000000
00000000
00000000
00000000
00000000
00000000
00000000
00000000
ENDCHAR
STARTCHAR bird_pgf_4fd541ce_f000012_r1_c2
ENCODING 1055151
SWIDTH 500 0
DWIDTH 32 0
BBX 32 64 0 -13
BITMAP
00000000
00000000
00000000
00000000
00000000
00000000
00000000
00000000
00000000
00000000
00000000
00000000
00000000
00000000
00000000
00000000
00000000
00000000
00000000
00000000
00000000
00000000
00000000
00000000
00000000
00018000
003F8000
03FFC000
1FFF8000
FFFF8000
FFFFC000
FF9FC000
FF1FE000
FF1FFE00
FF1FBF80
FFFFFF00
FFFFFC00
FFFFF800
FFFFE000
FFFFE000
FFFFC000
FFFFC000
FFFF8000
FFFF0000
FFFE0000
FFFC0000
FFF80000
FFE00000
1F000000
00000000
00000000
00000000
00000000
00000000
00000000
00000000
00000000
00000000
00000000
00000000
00000000
00000000
00000000
00000000
ENDCHAR
STARTCHAR bird_pgf_4fd541ce_f000013_r1_c1
ENCODING 1055152
SWIDTH 500 0
DWIDTH 32 0
BBX 32 64 0 -13
BITMAP
00000000
00000000
00000000
00000000
00000000
00000000
00000000
00000000
00000000
00000000
00000000
00000000
00000000
00000000
00000000
00000000
00000000
00000000
00000000
00000000
00000000
00000000
00000000
00000000
00000000
00000000
00000000
00000000
00003000
001C3801
003FBC07
003FFC1F
000FFE3F
001FFE7F
01FFFFFF
07FFFFFF
07FFFFFF
07FFFFFF
01FFFFFF
000001FF
000000FF
000000FF
0000007F
0000003F
0000007F
0000003F
0000003F
0000003D
00000000
00000000
00000000
00000000
00000000
00000000
00000000
00000000
00000000
00000000
00000000
00000000
00000000
00000000
00000000
00000000
ENDCHAR
STARTCHAR bird_pgf_4fd541ce_f000013_r1_c2
ENCODING 1055153
SWIDTH 500 0
DWIDTH 32 0
BBX 32 64 0 -13
BITMAP
00000000
00000000
00000000
00000000
00000000
00000000
00000000
00000000
00000000
00000000
00000000
00000000
00000000
00000000
00000000
00000000
00000000
00000000
00000000
00000000
00000000
00000000
00000000
00000000
00000000
00000000
00078000
00FFC000
0FFF8000
BFFF8000
FFFFC000
FFFFC000
FF1FE000
FF17F800
FF1FFF80
FF1FBF80
FFFFFC00
FFFFF800
FFFFF000
FFFFE000
FFFFC000
FFFFC000
FFFF8000
FFFF8000
FFFF0000
FFFE0000
FFFC0000
FFF00000
7FC00000
00000000
00000000
00000000
00000000
00000000
00000000
00000000
00000000
00000000
00000000
00000000
00000000
00000000
00000000
00000000
ENDCHAR
STARTCHAR bird_pgf_4fd541ce_f000014_r1_c1
ENCODING 1055154
SWIDTH 500 0
DWIDTH 32 0
BBX 32 64 0 -13
BITMAP
00000000
00000000
00000000
00000000
00000000
00000000
00000000
00000000
00000000
00000000
00000000
00000000
00000000
00000000
00000000
00000000
00000000
00000000
00000000
00000000
00000000
00000000
00000000
00000000
000001FE
000007FF
00001FFF
00001FFF
00000FFF
00003BFF
003E3A1F
007FBC1F
003FFE0F
000FFE3F
007FFEFF
03FFFFFF
07FFFFFF
07FFFFFF
07FFFFFF
00FF01FF
000001FF
000000FF
0000007F
0000003F
0000007F
0000007F
0000003F
0000003F
00000008
00000000
00000000
00000000
00000000
00000000
00000000
00000000
00000000
00000000
00000000
00000000
00000000
00000000
00000000
00000000
ENDCHAR
STARTCHAR bird_pgf_4fd541ce_f000014_r1_c2
ENCODING 1055155
SWIDTH 500 0
DWIDTH 32 0
BBX 32 64 0 -13
BITMAP
00000000
00000000
00000000
00000000
00000000
00000000
00000000
00000000
00000000
00000000
00000000
00000000
00000000
00000000
00000000
00000000
00000000
00000000
00000000
00000000
00000000
00000000
00000000
00000000
00000000
E0000000
F8038000
FC7F8000
FFFFC000
FFFF8000
FFFF8000
FFFFC000
FF9FC000
FF17E000
FF1FFE00
FF1FB380
FFFFFE00
FFFFFC00
FFFFF800
FFFFE000
FFFFE000
FFFFC000
FFFFC000
FFFF8000
FFFF0000
FFFE0000
FFFC0000
FFF80000
FFE00000
0E000000
00000000
00000000
00000000
00000000
00000000
00000000
00000000
00000000
00000000
00000000
00000000
00000000
00000000
00000000
ENDCHAR
STARTCHAR bird_pgf_4fd541ce_f000015_r1_c1
ENCODING 1055156
SWIDTH 500 0
DWIDTH 32 0
BBX 32 64 0 -13
BITMAP
00000000
00000000
00000000
00000000
00000000
00000000
00000000
00000000
00000000
00000003
00000003
00000007
00000037
0000003F
0000003F
0000003F
0000007F
0000007F
0000007F
0000003F
0000003F
000000FF
000000FF
000000FF
000000FF
000000FF
0000007F
0000007F
0000003F
0000003F
0000701F
001C380F
007FBC0F
007FFE1F
001FFE7F
001FFFFF
01FFFFFF
03FFFFFF
07FFFFFF
07FFFFFF
03FF01FF
000000FF
000000FF
0000007F
0000003F
0000007F
0000003F
0000007F
0000002D
00000000
00000000
00000000
00000000
00000000
00000000
00000000
00000000
00000000
00000000
00000000
00000000
00000000
00000000
00000000
ENDCHAR
STARTCHAR bird_pgf_4fd541ce_f000015_r1_c2
ENCODING 1055157
SWIDTH 500 0
DWIDTH 32 0
BBX 32 64 0 -13
BITMAP
00000000
00000000
00000000
00000000
00000000
00000000
00000000
00000000
00000000
00000000
00000000
80000000
98000000
98000000
BC000000
FC000000
FC000000
FC000000
FE000000
FE000000
FE000000
FE000000
FE000000
FE000000
FE000000
FE000000
FE000000
FF078000
FFFF8000
FFFFC000
FFFF8000
FFFFC000
FFDFC000
FF1FE000
FF17F800
FF1FFF80
FF1FBF80
FFFFFC00
FFFFF800
FFFFF000
FFFFE000
FFFFC000
FFFFC000
FFFF8000
FFFF8000
FFFF0000
FFFE0000
FFFC0000
FFF00000
7FC00000
00000000
00000000
00000000
00000000
00000000
00000000
00000000
00000000
00000000
00000000
00000000
00000000
00000000
00000000
ENDCHAR
STARTCHAR bird_pgf_4fd541ce_f000016_r1_c1
ENCODING 1055158
SWIDTH 500 0
DWIDTH 32 0
BBX 32 64 0 -13
BITMAP
00000000
00000000
00000000
00000000
00000000
00000000
00000000
00000000
00000000
00000003
00000003
00000007
00000037
0000003F
0000003F
0000003F
0000007F
0000007F
0000007F
0000003F
0000003F
0000003F
000000FF
000000FF
000000FF
000000FF
0000007F
0000007F
0000003F
0000003F
0000701F
0000780F
007FBC0F
007FFC1F
003FFE7F
000FFFFF
007FFFFF
03FFFFFF
07FFFFFF
07FFFFFF
07FF81FF
00C000FF
000000FF
0000007F
0000003F
0000007F
0000003F
0000007F
0000002D
00000000
00000000
00000000
00000000
00000000
00000000
00000000
00000000
00000000
00000000
00000000
00000000
00000000
00000000
00000000
ENDCHAR
STARTCHAR bird_pgf_4fd541ce_f000016_r1_c2
ENCODING 1055159
SWIDTH 500 0
DWIDTH 32 0
BBX 32 64 0 -13
BITMAP
00000000
00000000
00000000
00000000
00000000
00000000
00000000
00000000
00000000
00000000
00000000
80000000
88000000
98000000
BC000000
FC000000
FC000000
FC000000
FE000000
FE000000
FE000000
FE000000
FE000000
FE000000
FE000000
FE000000
FE000000
FF078000
FFFF8000
FFFFC000
FFFF8000
FFFF8000
FFFFC000
FF1FC000
FF17F800
FF1FFF80
FF1FBF80
FFFFFC00
FFFFF800
FFFFF000
FFFFE000
FFFFC000
FFFFC000
FFFF8000
FFFF8000
FFFF0000
FFFE0000
FFFC0000
FFF00000
7FC00000
00000000
00000000
00000000
00000000
00000000
00000000
00000000
00000000
00000000
00000000
00000000
00000000
00000000
00000000
ENDCHAR
STARTCHAR bird_pgf_4fd541ce_f000017_r1_c1
ENCODING 1055160
SWIDTH 500 0
DWIDTH 32 0
BBX 32 64 0 -13
BITMAP
00000000
00000000
00000000
00000000
00000000
00000000
00000000
00000000
00000000
00000000
00000000
00000000
00000000
00000000
00000000
00000000
00000000
00000000
00000030
00000070
00000071
000001F3
000003F3
000003FF
000003FF
000003FF
000003FF
000001FF
000007FF
000007FF
000077FF
00007BFF
003F3FFF
007FFDFF
003FFEFF
000FFFFF
007FFFFF
01FFFFFF
03FFFFFF
07FFFFFF
07FFC1FF
03F000FF
000000FF
0000007F
0000003F
0000007F
0000003F
0000007F
0000002D
00000000
00000000
00000000
00000000
00000000
00000000
00000000
00000000
00000000
00000000
00000000
00000000
00000000
00000000
00000000
ENDCHAR
STARTCHAR bird_pgf_4fd541ce_f000017_r1_c2
ENCODING 1055161
SWIDTH 500 0
DWIDTH 32 0
BBX 32 64 0 -13
BITMAP
00000000
00000000
00000000
00000000
00000000
00000000
00000000
00000000
00000000
00000000
00000000
00000000
00000000
00000000
00000000
00000000
00000000
00000000
00000000
00000000
80000000
80000000
80000000
80000000
80000000
E0000000
E0000000
E0078000
E0FF8000
F7FFC000
FFFF8000
FFFFC000
FFDFC000
FF1FE000
FF17F800
FF1FFF80
FF1FBF80
FFFFFC00
FFFFF800
FFFFF000
FFFFE000
FFFFC000
FFFFC000
FFFF8000
FFFF8000
FFFF0000
FFFE0000
FFFC0000
FFF00000
7FC00000
00000000
00000000
00000000
00000000
00000000
00000000
00000000
00000000
00000000
00000000
00000000
00000000
00000000
00000000
ENDCHAR
STARTCHAR bird_pgf_4fd541ce_f000018_r1_c1
ENCODING 1055162
SWIDTH 500 0
DWIDTH 32 0
BBX 32 64 0 -13
BITMAP
00000000
00000000
00000000
00000000
00000000
00000000
00000000
00000000
00000000
00000000
00000000
00000000
00000000
00000000
00000000
00000000
00000000
00000000
00000030
00000070
00000071
000001F3
000003FB
000003FF
000003FF
000003FF
000001FF
000001FF
000007FF
000007FF
000073FF
00007BFF
007FBDFF
007FFFFF
003FFEFF
000FFFFF
003FFFFF
01FFFFFF
03FFFFFF
07FFFFFF
07FF81FF
03F000FF
0000007F
0000007F
0000007F
0000007F
0000003F
0000007F
00000009
00000000
00000000
00000000
00000000
00000000
00000000
00000000
00000000
00000000
00000000
00000000
00000000
00000000
00000000
00000000
ENDCHAR
STARTCHAR bird_pgf_4fd541ce_f000018_r1_c2
ENCODING 1055163
SWIDTH 500 0
DWIDTH 32 0
BBX 32 64 0 -13
BITMAP
00000000
00000000
00000000
00000000
00000000
00000000
00000000
00000000
00000000
00000000
00000000
00000000
00000000
00000000
00000000
00000000
00000000
00000000
00000000
00000000
80000000
80000000
80000000
80000000
C0000000
E0000000
E0000000
E01F8000
F1FF8000
FFFFC000
FFFF8000
FFFFC000
FF9FC000
FF1FE000
FF1FFC00
FF1FFF80
FFCFBF80
FFFFFC00
FFFFF800
FFFFF000
FFFFE000
FFFFC000
FFFFC000
FFFF8000
FFFF8000
FFFF0000
FFFE0000
FFF80000
FFF00000
3F800000
00000000
00000000
00000000
00000000
00000000
00000000
00000000
00000000
00000000
00000000
00000000
00000000
00000000
00000000
ENDCHAR
STARTCHAR bird_pgf_4fd541ce_f000019_r1_c1
ENCODING 1055164
SWIDTH 500 0
DWIDTH 32 0
BBX 32 64 0 -13
BITMAP
00000000
00000000
00000000
00000000
00000000
00000000
00000000
00000000
00000000
00000000
00000000
00000000
00000000
00000000
00000000
00000000
00000000
00000000
00000000
00000000
00000000
00000000
00000000
00000000
00000000
00000000
00000000
00000000
00000000
00007180
00007BCC
001E3DCF
007FDFFF
007FFFFF
001FFFFF
000FFFFF
007FFFFF
01FFFFFF
03FFFFFF
07FFF1FF
07FF01FF
03E000FF
0000007F
0000003F
0000007F
0000003F
0000007F
0000007F
00000000
00000000
00000000
00000000
00000000
00000000
00000000
00000000
00000000
00000000
00000000
00000000
00000000
00000000
00000000
00000000
ENDCHAR
STARTCHAR bird_pgf_4fd541ce_f000019_r1_c2
ENCODING 1055165
SWIDTH 500 0
DWIDTH 32 0
BBX 32 64 0 -13
BITMAP
00000000
00000000
00000000
00000000
00000000
00000000
00000000
00000000
00000000
00000000
00000000
00000000
00000000
00000000
00000000
00000000
00000000
00000000
00000000
00000000
00000000
00000000
00000000
00000000
00000000
00000000
00000000
007F8000
03FFC000
1FFFC000
FFFF8000
FFFFC000
FF8FC000
FF17F000
FF1FFE00
FF1FB780
FFFFFE00
FFFFFC00
FFFFF800
FFFFE000
FFFFE000
FFFFC000
FFFFC000
FFFF8000
FFFF0000
FFFE0000
FFFC0000
FFF80000
FFE00000
06000000
00000000
00000000
00000000
00000000
00000000
00000000
00000000
00000000
00000000
00000000
00000000
00000000
00000000
00000000
ENDCHAR
STARTCHAR bird_pgf_4fd541ce_f000020_r1_c1
ENCODING 1055166
SWIDTH 500 0
DWIDTH 32 0
BBX 32 64 0 -13
BITMAP
00000000
00000000
00000000
00000000
00000000
00000000
00000000
00000000
00000000
00000000
00000000
00000000
00000000
00000000
00000000
00000000
00000000
00000000
00000000
00000000
00000000
00000000
00000000
00000000
00000000
00000000
00000000
00000000
00000100
00007B88
000039DD
007F9FDF
007FFFFF
003FFFFF
000FFFFF
003FFFFF
00FFFFFF
03FFFFFF
07FFFFFF
07FFC1FF
03F800FF
000000FF
0000007F
0000003F
0000007F
0000003F
0000007F
0000002D
00000000
00000000
00000000
00000000
00000000
00000000
00000000
00000000
00000000
00000000
00000000
00000000
00000000
00000000
00000000
00000000
ENDCHAR
STARTCHAR bird_pgf_4fd541ce_f000020_r1_c2
ENCODING 1055167
SWIDTH 500 0
DWIDTH 32 0
BBX 32 64 0 -13
BITMAP
00000000
00000000
00000000
00000000
00000000
00000000
00000000
00000000
00000000
00000000
00000000
00000000
00000000
00000000
00000000
00000000
00000000
00000000
00000000
00000000
00000000
00000000
00000000
00000000
00000000
00000000
000F0000
01FF8000
0FFFC000
7FFF8000
FFFFC000
FFDFC000
FF1FE000
FF17F800
FF1FFF80
FF1FBF80
FFFFFC00
FFFFF800
FFFFF000
FFFFE000
FFFFC000
FFFFC000
FFFF8000
FFFF8000
FFFF0000
FFFE0000
FFFC0000
FFF00000
3FC00000
00000000
00000000
00000000
00000000
00000000
00000000
00000000
00000000
00000000
00000000
00000000
00000000
00000000
00000000
00000000
ENDCHAR
STARTCHAR bird_pgf_4fd541ce_f000021_r1_c1
ENCODING 1055168
SWIDTH 500 0
DWIDTH 32 0
BBX 32 64 0 -13
BITMAP
00000000
00000000
00000000
00000000
00000000
00000000
00000000
00000000
00000000
00000000
00000000
00000000
00000000
00000000
00000000
00000000
00000000
00000000
00000000
00000000
00000000
00000000
00000000
00000000
00000000
00000000
00000000
00000000
00003000
00003800
003F3C03
007FDE0F
003FFE3F
000FFE7F
000FFFFF
00FFFFFF
03FFFFFF
07FFFFFF
07FFFBFF
07FE01FF
000000FF
0000007F
0000007F
000000FF
000000FF
000001FF
000001FF
0000000C
00000000
00000000
00000000
00000000
00000000
00000000
00000000
00000000
00000000
00000000
00000000
00000000
00000000
00000000
00000000
00000000
ENDCHAR
STARTCHAR bird_pgf_4fd541ce_f000021_r1_c2
ENCODING 1055169
SWIDTH 500 0
DWIDTH 32 0
BBX 32 64 0 -13
BITMAP
00000000
00000000
00000000
00000000
00000000
00000000
00000000
00000000
00000000
00000000
00000000
00000000
00000000
00000000
00000000
00000000
00000000
00000000
00000000
00000000
00000000
00000000
00000000
00000000
00000000
00000000
003F8000
03FFC000
1FFF8000
FFFF8000
FFFFC000
FF9FC000
FF17E000
FF1FFE00
FF1FBF80
FFFFFF00
FFFFFC00
FFFFF800
FFFFE000
FFFFE000
FFFFC000
FFFFC000
FFFF8000
FFFF0000
FFFE0000
FFFC0000
FFF80000
FFE00000
0F000000
00000000
00000000
00000000
00000000
00000000
00000000
00000000
00000000
00000000
00000000
00000000
00000000
00000000
00000000
00000000
ENDCHAR
STARTCHAR bird_pgf_4fd541ce_f000022_r1_c1
ENCODING 1055170
SWIDTH 500 0
DWIDTH 32 0
BBX 32 64 0 -13
BITMAP
00000000
00000000
00000000
00000000
00000000
00000000
00000000
00000000
00000000
00000000
00000000
00000000
00000000
00000000
00000000
00000000
00000000
00000000
00000000
00000000
00000000
00000000
00000000
00000000
00000000
00000000
00000000
00000000
00003800
003E3C00
007FDC03
003FFE1F
001FFE3F
0007FFFF
007FFFFF
01FFFFFF
07FFFFFF
07FFFFFF
07FFC1FF
01E001FF
000000FF
0000007F
0000007F
000000FF
000001FF
000001FF
000000FF
00000000
00000000
00000000
00000000
00000000
00000000
00000000
00000000
00000000
00000000
00000000
00000000
00000000
00000000
00000000
00000000
00000000
ENDCHAR
STARTCHAR bird_pgf_4fd541ce_f000022_r1_c2
ENCODING 1055171
SWIDTH 500 0
DWIDTH 32 0
BBX 32 64 0 -13
BITMAP
00000000
00000000
00000000
00000000
00000000
00000000
00000000
00000000
00000000
00000000
00000000
00000000
00000000
00000000
00000000
00000000
00000000
00000000
00000000
00000000
00000000
00000000
00000000
00000000
00000000
00010000
00FF8000
07FFC000
3FFF8000
FFFF8000
FFFFC000
FF9FC000
FF17F800
FF1FFF00
FF1FBF80
FFFFFE00
FFFFF800
FFFFF000
FFFFE000
FFFFC000
FFFFC000
FFFF8000
FFFF8000
FFFF0000
FFFE0000
FFFC0000
FFF00000
7FC00000
00000000
00000000
00000000
00000000
00000000
00000000
00000000
00000000
00000000
00000000
00000000
00000000
00000000
00000000
00000000
00000000
ENDCHAR
STARTCHAR bird_pgf_4fd541ce_f000023_r1_c1
ENCODING 1055172
SWIDTH 500 0
DWIDTH 32 0
BBX 32 64 0 -13
BITMAP
00000000
00000000
00000000
00000000
00000000
00000000
00000000
00000000
00000000
00000000
00000000
00000000
00000000
00000000
00000000
00000000
00000000
00000000
00000000
00000000
00000000
00000000
00000000
00000000
00000000
00000000
00000000
00003000
00003800
003F9C01
003FDE07
001FFE1F
0007FE7F
003FFFFF
01FFFFFF
03FFFFFF
07FFFFFF
07FFFFFF
03FE01FF
000000FF
000000FF
0000007F
0000003F
0000007F
0000003F
0000003F
0000002D
00000000
00000000
00000000
00000000
00000000
00000000
00000000
00000000
00000000
00000000
00000000
00000000
00000000
00000000
00000000
00000000
00000000
ENDCHAR
STARTCHAR bird_pgf_4fd541ce_f000023_r1_c2
ENCODING 1055173
SWIDTH 500 0
DWIDTH 32 0
BBX 32 64 0 -13
BITMAP
00000000
00000000
00000000
00000000
00000000
00000000
00000000
00000000
00000000
00000000
00000000
00000000
00000000
00000000
00000000
00000000
00000000
00000000
00000000
00000000
00000000
00000000
00000000
00000000
00000000
00078000
00FFC000
0FFFC000
3FFF8000
FFFFC000
FFDFC000
FF1FE000
FF17F800
FF1FFF80
FF1FBF80
FFFFFC00
FFFFF800
FFFFF000
FFFFE000
FFFFC000
FFFFC000
FFFF8000
FFFF8000
FFFF0000
FFFE0000
FFFE0000
FFFE0000
FFFF0000
FFFF8000
FFFFC000
FFFFC000
FFFFC000
6FFFC000
0FFFE000
07FEE000
07FE0000
03DC0000
01CC0000
00000000
00000000
00000000
00000000
00000000
00000000
ENDCHAR
STARTCHAR bird_pgf_4fd541ce_f000024_r1_c1
ENCODING 1055174
SWIDTH 500 0
DWIDTH 32 0
BBX 32 64 0 -13
BITMAP
00000000
00000000
00000000
00000000
00000000
00000000
00000000
00000000
00000000
00000000
00000000
00000000
00000000
00000000
00000000
00000000
00000000
00000000
00000000
00000000
00000000
00000000
00000000
00000000
00000000
00000000
00000000
00003000
003E3800
003F9C01
001FFE07
000FFE1F
0007FE7F
01FFFFFF
03FFFFFF
07FFFFFF
07FFFFFF
03FFFFFF
000001FF
000000FF
000000FF
0000007F
0000003F
0000007F
0000003F
0000003F
0000003F
0000001F
0000001F
0000000F
00000001
00000001
00000000
00000000
00000000
00000000
00000000
00000000
00000000
00000000
00000000
00000000
00000000
00000000
ENDCHAR
STARTCHAR bird_pgf_4fd541ce_f000024_r1_c2
ENCODING 1055175
SWIDTH 500 0
DWIDTH 32 0
BBX 32 64 0 -13
BITMAP
00000000
00000000
00000000
00000000
00000000
00000000
00000000
00000000
00000000
00000000
00000000
00000000
00000000
00000000
00000000
00000000
00000000
00000000
00000000
00000000
00000000
00000000
00000000
00000000
00000000
00078000
00FFC000
0FFF8000
3FFF8000
FFFFC000
FFFFC000
FF1FE000
FF17F800
FF1FFF80
FF1FBF80
FFFFFC00
FFFFF800
FFFFF000
FFFFE000
FFFFC000
FFFFC000
FFFF8000
FFFF8000
FFFF0000
FFFE0000
FFFC0000
FFF00000
FFE00000
FFE00000
FFF00000
FF780000
FE300000
EF000000
06000000
00000000
00000000
00000000
00000000
00000000
00000000
00000000
00000000
00000000
00000000
ENDCHAR
STARTCHAR bird_pgf_4fd541ce_f000025_r1_c1
ENCODING 1055176
SWIDTH 500 0
DWIDTH 32 0
BBX 32 64 0 -13
BITMAP
00000000
00000000
00000000
00000000
00000000
00000000
00000000
00000000
00000000
00000000
00000000
00000000
00000000
00000000
00000000
00000000
00000000
00000000
00000000
00000000
00000000
00000000
00000000
00000000
00000000
00000000
00000000
00001000
003E3800
003F9C00
001FFE03
000FFE0F
0007FE3F
01FFFFFF
03FFFFFF
07FFFFFF
07FFFFFF
03FFFFFF
000001FF
000001FF
000000FF
0000007F
0000003F
0000007F
0000007F
0000003F
0000003F
0000001F
0000001F
0000000F
00000003
00000001
00000000
00000000
00000000
00000000
00000000
00000000
00000000
00000000
00000000
00000000
00000000
00000000
ENDCHAR
STARTCHAR bird_pgf_4fd541ce_f000025_r1_c2
ENCODING 1055177
SWIDTH 500 0
DWIDTH 32 0
BBX 32 64 0 -13
BITMAP
00000000
00000000
00000000
00000000
00000000
00000000
00000000
00000000
00000000
00000000
00000000
00000000
00000000
00000000
00000000
00000000
00000000
00000000
00000000
00000000
00000000
00000000
00000000
00000000
00000000
00078000
00FFC000
07FF8000
3FFF8000
FFFF8000
FFFFC000
FF9FC000
FF17F000
FF1FFE00
FF1FB780
FFFFFE00
FFFFF800
FFFFF000
FFFFE000
FFFFC000
FFFFC000
FFFF8000
FFFF8000
FFFF0000
FFFE0000
FFFC0000
FFF00000
FFE00000
FFE00000
FFF00000
FFF80000
FF300000
EE000000
06000000
00000000
00000000
00000000
00000000
00000000
00000000
00000000
00000000
00000000
00000000
ENDCHAR
STARTCHAR bird_pgf_4fd541ce_f000026_r1_c1
ENCODING 1055178
SWIDTH 500 0
DWIDTH 32 0
BBX 32 64 0 -13
BITMAP
00000000
00000000
00000000
00000000
00000000
00000000
00000000
00000000
00000000
00000000
00000000
00000000
00000000
00000000
00000000
00000000
00000000
00000000
00000000
00000000
00000000
00000000
00000000
00000000
00000000
00000000
00000000
00000000
00003800
003F3C03
003FDC0F
001FFE1F
0007FE3F
00FFFE7F
03FFFFFF
07FFFFFF
07FFFFFF
03FFFFFF
000003FF
000001FF
000000FF
0000007F
0000003F
0000003F
0000007F
0000003F
0000003F
00000004
00000000
00000000
00000000
00000000
00000000
00000000
00000000
00000000
00000000
00000000
00000000
00000000
00000000
00000000
00000000
00000000
ENDCHAR
STARTCHAR bird_pgf_4fd541ce_f000026_r1_c2
ENCODING 1055179
SWIDTH 500 0
DWIDTH 32 0
BBX 32 64 0 -13
BITMAP
00000000
00000000
00000000
00000000
00000000
00000000
00000000
00000000
00000000
00000000
00000000
00000000
00000000
00000000
00000000
00000000
00000000
00000000
00000000
00000000
00000000
00000000
00000000
00000000
00000000
00018000
003F8000
03FFC000
1FFF8000
FFFF8000
FFFFC000
FF9FC000
FF1FE000
FF1FFE00
FF1FBF80
FFFFFF00
FFFFFC00
FFFFF800
FFFFE000
FFFFE000
FFFFC000
FFFFC000
FFFF8000
FFFF0000
FFFE0000
FFFC0000
FFF80000
FFE00000
1F000000
00000000
00000000
00000000
00000000
00000000
00000000
00000000
00000000
00000000
00000000
00000000
00000000
00000000
00000000
00000000
ENDCHAR
STARTCHAR bird_pgf_4fd541ce_f000027_r1_c1
ENCODING 1055180
SWIDTH 500 0
DWIDTH 32 0
BBX 32 64 0 -13
BITMAP
00000000
00000000
00000000
00000000
00000000
00000000
00000000
00000000
00000000
00000000
00000000
00000000
00000000
00000000
00000000
00000000
00000000
00000000
00000000
00000000
00000000
00000000
00000000
00000000
00000000
00000000
00000000
00000000
00003000
001C3801
003FBC07
003FFC1F
000FFE3F
001FFE7F
01FFFFFF
07FFFFFF
07FFFFFF
07FFFFFF
01FFFFFF
000001FF
000000FF
000000FF
0000007F
0000003F
0000007F
0000003F
0000003F
0000003D
00000000
00000000
00000000
00000000
00000000
00000000
00000000
00000000
00000000
00000000
00000000
00000000
00000000
00000000
00000000
00000000
ENDCHAR
STARTCHAR bird_pgf_4fd541ce_f000027_r1_c2
ENCODING 1055181
SWIDTH 500 0
DWIDTH 32 0
BBX 32 64 0 -13
BITMAP
00000000
00000000
00000000
00000000
00000000
00000000
00000000
00000000
00000000
00000000
00000000
00000000
00000000
00000000
00000000
00000000
00000000
00000000
00000000
00000000
00000000
00000000
00000000
00000000
00000000
00000000
00078000
00FFC000
0FFF8000
BFFF8000
FFFFC000
FFFFC000
FF1FE000
FF17F800
FF1FFF80
FF1FBF80
FFFFFC00
FFFFF800
FFFFF000
FFFFE000
FFFFC000
FFFFC000
FFFF8000
FFFF8000
FFFF0000
FFFE0000
FFFC0000
FFF00000
7FC00000
00000000
00000000
00000000
00000000
00000000
00000000
00000000
00000000
00000000
00000000
00000000
00000000
00000000
00000000
00000000
ENDCHAR
STARTCHAR bird_pgf_4fd541ce_f000028_r1_c1
ENCODING 1055182
SWIDTH 500 0
DWIDTH 32 0
BBX 32 64 0 -13
BITMAP
00000000
00000000
00000000
00000000
00000000
00000000
00000000
00000000
00000000
00000000
00000000
00000000
00000000
00000000
00000000
00000000
00000000
00000000
00000000
00000000
00000000
00000000
00000000
00000000
000001FE
000007FF
00001FFF
00001FFF
00000FFF
00003BFF
003E3A1F
007FBC1F
003FFE0F
000FFE3F
007FFEFF
03FFFFFF
07FFFFFF
07FFFFFF
07FFFFFF
00FF01FF
000001FF
000000FF
0000007F
0000003F
0000007F
0000007F
0000003F
0000003F
00000008
00000000
00000000
00000000
00000000
00000000
00000000
00000000
00000000
00000000
00000000
00000000
00000000
00000000
00000000
00000000
ENDCHAR
STARTCHAR bird_pgf_4fd541ce_f000028_r1_c2
ENCODING 1055183
SWIDTH 500 0
DWIDTH 32 0
BBX 32 64 0 -13
BITMAP
00000000
00000000
00000000
00000000
00000000
00000000
00000000
00000000
00000000
00000000
00000000
00000000
00000000
00000000
00000000
00000000
00000000
00000000
00000000
00000000
00000000
00000000
00000000
00000000
00000000
E0000000
F8038000
FC7F8000
FFFFC000
FFFF8000
FFFF8000
FFFFC000
FF9FC000
FF17E000
FF1FFE00
FF1FB380
FFFFFE00
FFFFFC00
FFFFF800
FFFFE000
FFFFE000
FFFFC000
FFFFC000
FFFF8000
FFFF0000
FFFE0000
FFFC0000
FFF80000
FFE00000
0E000000
00000000
00000000
00000000
00000000
00000000
00000000
00000000
00000000
00000000
00000000
00000000
00000000
00000000
00000000
ENDCHAR
STARTCHAR bird_pgf_4fd541ce_f000029_r1_c1
ENCODING 1055184
SWIDTH 500 0
DWIDTH 32 0
BBX 32 64 0 -13
BITMAP
00000000
00000000
00000000
00000000
00000000
00000000
00000000
00000000
00000000
00000000
00000000
00000000
00000000
00000000
00000000
00000000
00000000
00000000
00000000
00000000
00000000
00000000
00000000
00000000
0000007C
000007FF
00000FFF
00001FFF
00001FFF
00002FFF
00007B7F
003F3C1F
007FFC0F
003FFE1F
000FFE7F
00FFFFFF
03FFFFFF
07FFFFFF
07FFFFFF
03FFFBFF
000001FF
000000FF
0000007F
0000007F
0000003F
0000007F
0000003F
0000003F
0000000D
00000000
00000000
00000000
00000000
00000000
00000000
00000000
00000000
00000000
00000000
00000000
00000000
00000000
00000000
00000000
ENDCHAR
STARTCHAR bird_pgf_4fd541ce_f000029_r1_c2
ENCODING 1055185
SWIDTH 500 0
DWIDTH 32 0
BBX 32 64 0 -13
BITMAP
00000000
00000000
00000000
00000000
00000000
00000000
00000000
00000000
00000000
00000000
00000000
00000000
00000000
00000000
00000000
00000000
00000000
00000000
00000000
00000000
00000000
00000000
00000000
00000000
00000000
00000000
F0000000
FC1F8000
FDFFC000
FFFFC000
FFFF8000
FFFFC000
FF9FC000
FF1FE000
FF1FFC00
FF1FFF80
FFCFBF80
FFFFFC00
FFFFF800
FFFFF000
FFFFE000
FFFFC000
FFFFC000
FFFF8000
FFFF8000
FFFF0000
FFFE0000
FFF80000
FFF00000
3F800000
00000000
00000000
00000000
00000000
00000000
00000000
00000000
00000000
00000000
00000000
00000000
00000000
00000000
00000000
ENDCHAR
STARTCHAR bird_pgf_4fd541ce_f000030_r1_c1
ENCODING 1055186
SWIDTH 500 0
DWIDTH 32 0
BBX 32 64 0 -13
BITMAP
00000000
00000000
00000000
00000000
00000000
00000000
00000000
00000000
00000000
00000003
00000003
00000007
00000037
0000003F
0000003F
0000003F
0000007F
0000007F
0000007F
0000003F
0000003F
000000FF
000000FF
000000FF
000000FF
000000FF
0000007F
0000007F
0000003F
0000003F
0000701F
001C380F
007FBC0F
007FFE1F
001FFE7F
001FFFFF
01FFFFFF
03FFFFFF
07FFFFFF
07FFFFFF
03FF01FF
000000FF
000000FF
0000007F
0000003F
0000007F
0000003F
0000007F
0000002D
00000000
00000000
00000000
00000000
00000000
00000000
00000000
00000000
00000000
00000000
00000000
00000000
00000000
00000000
00000000
ENDCHAR
STARTCHAR bird_pgf_4fd541ce_f000030_r1_c2
ENCODING 1055187
SWIDTH 500 0
DWIDTH 32 0
BBX 32 64 0 -13
BITMAP
00000000
00000000
00000000
00000000
00000000
00000000
00000000
00000000
00000000
00000000
00000000
80000000
98000000
98000000
BC000000
FC000000
FC000000
FC000000
FE000000
FE000000
FE000000
FE000000
FE000000
FE000000
FE000000
FE000000
FE000000
FF078000
FFFF8000
FFFFC000
FFFF8000
FFFFC000
FFDFC000
FF1FE000
FF17F800
FF1FFF80
FF1FBF80
FFFFFC00
FFFFF800
FFFFF000
FFFFE000
FFFFC000
FFFFC000
FFFF8000
FFFF8000
FFFF0000
FFFE0000
FFFC0000
FFF00000
7FC00000
00000000
00000000
00000000
00000000
00000000
00000000
00000000
00000000
00000000
00000000
00000000
00000000
00000000
00000000
ENDCHAR
STARTCHAR bird_pgf_4fd541ce_f000031_r1_c1
ENCODING 1055188
SWIDTH 500 0
DWIDTH 32 0
BBX 32 64 0 -13
BITMAP
00000000
00000000
00000000
00000000
00000000
00000000
00000000
00000000
00000000
00000003
00000003
00000007
00000037
0000003F
0000003F
0000003F
0000007F
0000007F
0000007F
0000003F
0000003F
0000003F
000000FF
000000FF
000000FF
000000FF
0000007F
0000007F
0000003F
0000003F
0000701F
0000780F
007FBC0F
007FFC1F
003FFE7F
000FFFFF
007FFFFF
03FFFFFF
07FFFFFF
07FFFFFF
07FF81FF
00C000FF
000000FF
0000007F
0000003F
0000007F
0000003F
0000007F
0000002D
00000000
00000000
00000000
00000000
00000000
00000000
00000000
00000000
00000000
00000000
00000000
00000000
00000000
00000000
00000000
ENDCHAR
STARTCHAR bird_pgf_4fd541ce_f000031_r1_c2
ENCODING 1055189
SWIDTH 500 0
DWIDTH 32 0
BBX 32 64 0 -13
BITMAP
00000000
00000000
00000000
00000000
00000000
00000000
00000000
00000000
00000000
00000000
00000000
80000000
88000000
98000000
BC000000
FC000000
FC000000
FC000000
FE000000
FE000000
FE000000
FE000000
FE000000
FE000000
FE000000
FE000000
FE000000
FF078000
FFFF8000
FFFFC000
FFFF8000
FFFF8000
FFFFC000
FF1FC000
FF17F800
FF1FFF80
FF1FBF80
FFFFFC00
FFFFF800
FFFFF000
FFFFE000
FFFFC000
FFFFC000
FFFF8000
FFFF8000
FFFF0000
FFFE0000
FFFC0000
FFF00000
7FC00000
00000000
00000000
00000000
00000000
00000000
00000000
00000000
00000000
00000000
00000000
00000000
00000000
00000000
00000000
ENDCHAR
STARTCHAR bird_pgf_4fd541ce_f000032_r1_c1
ENCODING 1055190
SWIDTH 500 0
DWIDTH 32 0
BBX 32 64 0 -13
BITMAP
00000000
00000000
00000000
00000000
00000000
00000000
00000000
00000000
00000000
00000000
00000000
00000000
00000000
00000000
00000000
00000000
00000000
00000000
00000030
00000070
00000071
000001F3
000003F3
000003FF
000003FF
000003FF
000003FF
000001FF
000007FF
000007FF
000077FF
00007BFF
003F3FFF
007FFDFF
003FFEFF
000FFFFF
007FFFFF
01FFFFFF
03FFFFFF
07FFFFFF
07FFC1FF
03F000FF
000000FF
0000007F
0000003F
0000007F
0000003F
0000007F
0000002D
00000000
00000000
00000000
00000000
00000000
00000000
00000000
00000000
00000000
00000000
00000000
00000000
00000000
00000000
00000000
ENDCHAR
STARTCHAR bird_pgf_4fd541ce_f000032_r1_c2
ENCODING 1055191
SWIDTH 500 0
DWIDTH 32 0
BBX 32 64 0 -13
BITMAP
00000000
00000000
00000000
00000000
00000000
00000000
00000000
00000000
00000000
00000000
00000000
00000000
00000000
00000000
00000000
00000000
00000000
00000000
00000000
00000000
80000000
80000000
80000000
80000000
80000000
E0000000
E0000000
E0078000
E0FF8000
F7FFC000
FFFF8000
FFFFC000
FFDFC000
FF1FE000
FF17F800
FF1FFF80
FF1FBF80
FFFFFC00
FFFFF800
FFFFF000
FFFFE000
FFFFC000
FFFFC000
FFFF8000
FFFF8000
FFFF0000
FFFE0000
FFFC0000
FFF00000
7FC00000
00000000
00000000
00000000
00000000
00000000
00000000
00000000
00000000
00000000
00000000
00000000
00000000
00000000
00000000
ENDCHAR
STARTCHAR bird_pgf_4fd541ce_f000033_r1_c1
ENCODING 1055192
SWIDTH 500 0
DWIDTH 32 0
BBX 32 64 0 -13
BITMAP
00000000
00000000
00000000
00000000
00000000
00000000
00000000
00000000
00000000
00000000
00000000
00000000
00000000
00000000
00000000
00000000
00000000
00000000
00000000
00000000
00000000
00000000
00000000
00000000
00000000
00000000
00000000
00000000
00000000
00007180
00007BCC
001E3DCF
007FDFFF
007FFFFF
001FFFFF
000FFFFF
007FFFFF
01FFFFFF
03FFFFFF
07FFF1FF
07FF01FF
03E000FF
0000007F
0000003F
0000007F
0000003F
0000007F
0000007F
00000000
00000000
00000000
00000000
00000000
00000000
00000000
00000000
00000000
00000000
00000000
00000000
00000000
00000000
00000000
00000000
ENDCHAR
STARTCHAR bird_pgf_4fd541ce_f000033_r1_c2
ENCODING 1055193
SWIDTH 500 0
DWIDTH 32 0
BBX 32 64 0 -13
BITMAP
00000000
00000000
00000000
00000000
00000000
00000000
00000000
00000000
00000000
00000000
00000000
00000000
00000000
00000000
00000000
00000000
00000000
00000000
00000000
00000000
00000000
00000000
00000000
00000000
00000000
00000000
00000000
007F8000
03FFC000
1FFFC000
FFFF8000
FFFFC000
FF9FC000
FF17F000
FF1FFE00
FF1FB780
FFFFFE00
FFFFFC00
FFFFF800
FFFFE000
FFFFE000
FFFFC000
FFFFC000
FFFF8000
FFFF0000
FFFE0000
FFFC0000
FFF80000
FFE00000
06000000
00000000
00000000
00000000
00000000
00000000
00000000
00000000
00000000
00000000
00000000
00000000
00000000
00000000
00000000
ENDCHAR
STARTCHAR bird_pgf_4fd541ce_f000034_r1_c1
ENCODING 1055194
SWIDTH 500 0
DWIDTH 32 0
BBX 32 64 0 -13
BITMAP
00000000
00000000
00000000
00000000
00000000
00000000
00000000
00000000
00000000
00000000
00000000
00000000
00000000
00000000
00000000
00000000
00000000
00000000
00000000
00000000
00000000
00000000
00000000
00000000
00000000
00000000
00000000
00000000
00000100
00007B88
000039DD
007F9FDF
007FFFFF
003FFFFF
000FFFFF
003FFFFF
00FFFFFF
03FFFFFF
07FFFFFF
07FFC1FF
03F800FF
000000FF
0000007F
0000003F
0000007F
0000003F
0000007F
0000002D
00000000
00000000
00000000
00000000
00000000
00000000
00000000
00000000
00000000
00000000
00000000
00000000
00000000
00000000
00000000
00000000
ENDCHAR
STARTCHAR bird_pgf_4fd541ce_f000034_r1_c2
ENCODING 1055195
SWIDTH 500 0
DWIDTH 32 0
BBX 32 64 0 -13
BITMAP
00000000
00000000
00000000
00000000
00000000
00000000
00000000
00000000
00000000
00000000
00000000
00000000
00000000
00000000
00000000
00000000
00000000
00000000
00000000
00000000
00000000
00000000
00000000
00000000
00000000
00000000
000F0000
01FF8000
0FFFC000
7FFF8000
FFFFC000
FFDFC000
FF1FE000
FF17F800
FF1FFF80
FF1FBF80
FFFFFC00
FFFFF800
FFFFF000
FFFFE000
FFFFC000
FFFFC000
FFFF8000
FFFF8000
FFFF0000
FFFE0000
FFFC0000
FFF00000
3FC00000
00000000
00000000
00000000
00000000
00000000
00000000
00000000
00000000
00000000
00000000
00000000
00000000
00000000
00000000
00000000
ENDCHAR
STARTCHAR bird_pgf_4fd541ce_f000035_r1_c1
ENCODING 1055196
SWIDTH 500 0
DWIDTH 32 0
BBX 32 64 0 -13
BITMAP
00000000
00000000
00000000
00000000
00000000
00000000
00000000
00000000
00000000
00000000
00000000
00000000
00000000
00000000
00000000
00000000
00000000
00000000
00000000
00000000
00000000
00000000
00000000
00000000
00000000
00000000
00000000
00000000
00003000
00003800
003F3C03
007FDE0F
003FFE3F
000FFE7F
000FFFFF
00FFFFFF
03FFFFFF
07FFFFFF
07FFFBFF
07FE01FF
000000FF
0000007F
0000007F
000000FF
000000FF
000001FF
000001FF
0000000C
00000000
00000000
00000000
00000000
00000000
00000000
00000000
00000000
00000000
00000000
00000000
00000000
00000000
00000000
00000000
00000000
ENDCHAR
STARTCHAR bird_pgf_4fd541ce_f000035_r1_c2
ENCODING 1055197
SWIDTH 500 0
DWIDTH 32 0
BBX 32 64 0 -13
BITMAP
00000000
00000000
00000000
00000000
00000000
00000000
00000000
00000000
00000000
00000000
00000000
00000000
00000000
00000000
00000000
00000000
00000000
00000000
00000000
00000000
00000000
00000000
00000000
00000000
00000000
00000000
003F8000
03FFC000
1FFF8000
FFFF8000
FFFFC000
FF9FC000
FF17E000
FF1FFE00
FF1FBF80
FFFFFF00
FFFFFC00
FFFFF800
FFFFE000
FFFFE000
FFFFC000
FFFFC000
FFFF8000
FFFF0000
FFFE0000
FFFC0000
FFF80000
FFE00000
0F000000
00000000
00000000
00000000
00000000
00000000
00000000
00000000
00000000
00000000
00000000
00000000
00000000
00000000
00000000
00000000
ENDCHAR
STARTCHAR bird_pgf_4fd541ce_f000036_r1_c1
ENCODING 1055198
SWIDTH 500 0
DWIDTH 32 0
BBX 32 64 0 -13
BITMAP
00000000
00000000
00000000
00000000
00000000
00000000
00000000
00000000
00000000
00000000
00000000
00000000
00000000
00000000
00000000
00000000
00000000
00000000
00000000
00000000
00000000
00000000
00000000
00000000
00000000
00000000
00000000
00000000
00003800
003E3C00
007FDC03
003FFE1F
001FFE3F
0007FFFF
007FFFFF
01FFFFFF
07FFFFFF
07FFFFFF
07FFC1FF
01E001FF
000000FF
0000007F
0000007F
000000FF
000001FF
000001FF
000000FF
00000000
00000000
00000000
00000000
00000000
00000000
00000000
00000000
00000000
00000000
00000000
00000000
00000000
00000000
00000000
00000000
00000000
ENDCHAR
STARTCHAR bird_pgf_4fd541ce_f000036_r1_c2
ENCODING 1055199
SWIDTH 500 0
DWIDTH 32 0
BBX 32 64 0 -13
BITMAP
00000000
00000000
00000000
00000000
00000000
00000000
00000000
00000000
00000000
00000000
00000000
00000000
00000000
00000000
00000000
00000000
00000000
00000000
00000000
00000000
00000000
00000000
00000000
00000000
00000000
00010000
00FF8000
07FFC000
3FFF8000
FFFF8000
FFFFC000
FF9FC000
FF17F800
FF1FFF00
FF1FBF80
FFFFFE00
FFFFF800
FFFFF000
FFFFE000
FFFFC000
FFFFC000
FFFF8000
FFFF8000
FFFF0000
FFFE0000
FFFC0000
FFF00000
7FC00000
00000000
00000000
00000000
00000000
00000000
00000000
00000000
00000000
00000000
00000000
00000000
00000000
00000000
00000000
00000000
00000000
ENDCHAR
STARTCHAR bird_pgf_4fd541ce_f000037_r1_c1
ENCODING 1055200
SWIDTH 500 0
DWIDTH 32 0
BBX 32 64 0 -13
BITMAP
00000000
00000000
00000000
00000000
00000000
00000000
00000000
00000000
00000000
00000000
00000000
00000000
00000000
00000000
00000000
00000000
00000000
00000000
00000000
00000000
00000000
00000000
00000000
00000000
00000000
00000000
00000000
00003000
00003800
003F9C01
003FDE07
001FFE1F
0007FE7F
003FFFFF
01FFFFFF
03FFFFFF
07FFFFFF
07FFFFFF
03FE01FF
000000FF
000000FF
0000007F
0000003F
0000007F
0000003F
0000003F
0000002D
00000000
00000000
00000000
00000000
00000000
00000000
00000000
00000000
00000000
00000000
00000000
00000000
00000000
00000000
00000000
00000000
00000000
ENDCHAR
STARTCHAR bird_pgf_4fd541ce_f000037_r1_c2
ENCODING 1055201
SWIDTH 500 0
DWIDTH 32 0
BBX 32 64 0 -13
BITMAP
00000000
00000000
00000000
00000000
00000000
00000000
00000000
00000000
00000000
00000000
00000000
00000000
00000000
00000000
00000000
00000000
00000000
00000000
00000000
00000000
00000000
00000000
00000000
00000000
00000000
00078000
00FFC000
0FFFC000
3FFF8000
FFFFC000
FFDFC000
FF1FE000
FF17F800
FF1FFF80
FF1FBF80
FFFFFC00
FFFFF800
FFFFF000
FFFFE000
FFFFC000
FFFFC000
FFFF8000
FFFF8000
FFFF0000
FFFE0000
FFFE0000
FFFE0000
FFFF0000
FFFF8000
FFFFC000
FFFFC000
FFFFC000
6FFFC000
0FFFE000
07FEE000
07FE0000
03DC0000
01CC0000
00000000
00000000
00000000
00000000
00000000
00000000
ENDCHAR
STARTCHAR bird_pgf_4fd541ce_f000038_r1_c1
ENCODING 1055202
SWIDTH 500 0
DWIDTH 32 0
BBX 32 64 0 -13
BITMAP
00000000
00000000
00000000
00000000
00000000
00000000
00000000
00000000
00000000
00000000
00000000
00000000
00000000
00000000
00000000
00000000
00000000
00000000
00000000
00000000
00000000
00000000
00000000
00000000
00000000
00000000
00000000
00003000
003E3800
003F9C01
003FFE07
000FFE1F
0007FE7F
00FFFFFF
03FFFFFF
07FFFFFF
07FFFFFF
07FFFFFF
000001FF
000000FF
000000FF
0000007F
0000003F
0000007F
0000003F
0000003F
0000002D
00000000
00000000
00000000
00000000
00000000
00000000
00000000
00000000
00000000
00000000
00000000
00000000
00000000
00000000
00000000
00000000
00000000
ENDCHAR
STARTCHAR bird_pgf_4fd541ce_f000038_r1_c2
ENCODING 1055203
SWIDTH 500 0
DWIDTH 32 0
BBX 32 64 0 -13
BITMAP
00000000
00000000
00000000
00000000
00000000
00000000
00000000
00000000
00000000
00000000
00000000
00000000
00000000
00000000
00000000
00000000
00000000
00000000
00000000
00000000
00000000
00000000
00000000
00000000
00000000
000F8000
01FFC000
0FFF8000
3FFF8000
FFFFC000
FFDFC000
FF1FE000
FF17F800
FF1FFF80
FF1FBF80
FFFFFC00
FFFFF800
FFFFF000
FFFFE000
FFFFC000
FFFFC000
FFFF8000
FFFF8000
FFFF0000
FFFE0000
FFFE0000
FFFE0000
FFFF0000
FFFF8000
FFFFC000
FFFFC000
FFFFC000
6FFFE000
0FFFE000
07FEE000
03FE0000
03DC0000
00CC0000
00000000
00000000
00000000
00000000
00000000
00000000
ENDCHAR
STARTCHAR bird_pgf_4fd541ce_f000039_r1_c1
ENCODING 1055204
SWIDTH 500 0
DWIDTH 32 0
BBX 32 64 0 -13
BITMAP
00000000
00000000
00000000
00000000
00000000
00000000
00000000
00000000
00000000
00000000
00000000
00000000
00000000
00000000
00000000
00000000
00000000
00000000
00000000
00000000
00000000
00000000
00000000
00000000
00000000
00000000
00000000
00003000
003E3800
003F9C01
001FFE07
000FFE1F
0007FE7F
01FFFFFF
03FFFFFF
07FFFFFF
07FFFFFF
03FFFFFF
000001FF
000000FF
000000FF
0000007F
0000003F
0000007F
0000003F
0000003F
0000003F
0000001F
0000001F
0000000F
00000001
00000001
00000000
00000000
00000000
00000000
00000000
00000000
00000000
00000000
00000000
00000000
00000000
00000000
ENDCHAR
STARTCHAR bird_pgf_4fd541ce_f000039_r1_c2
ENCODING 1055205
SWIDTH 500 0
DWIDTH 32 0
BBX 32 64 0 -13
BITMAP
00000000
00000000
00000000
00000000
00000000
00000000
00000000
00000000
00000000
00000000
00000000
00000000
00000000
00000000
00000000
00000000
00000000
00000000
00000000
00000000
00000000
00000000
00000000
00000000
00000000
00078000
00FFC000
0FFF8000
3FFF8000
FFFFC000
FFFFC000
FF1FE000
FF17F800
FF1FFF80
FF1FBF80
FFFFFC00
FFFFF800
FFFFF000
FFFFE000
FFFFC000
FFFFC000
FFFF8000
FFFF8000
FFFF0000
FFFE0000
FFFC0000
FFF00000
FFE00000
FFE00000
FFF00000
FF780000
FE300000
EF000000
06000000
00000000
00000000
00000000
00000000
00000000
00000000
00000000
00000000
00000000
00000000
ENDCHAR
STARTCHAR bird_pgf_4fd541ce_f000040_r1_c1
ENCODING 1055206
SWIDTH 500 0
DWIDTH 32 0
BBX 32 64 0 -13
BITMAP
00000000
00000000
00000000
00000000
00000000
00000000
00000000
00000000
00000000
00000000
00000000
00000000
00000000
00000000
00000000
00000000
00000000
00000000
00000000
00000000
00000000
00000000
00000000
00000000
00000000
00000000
00000000
00001000
003E3800
003F9C00
001FFE03
000FFE0F
0007FE3F
01FFFFFF
03FFFFFF
07FFFFFF
07FFFFFF
03FFFFFF
000001FF
000001FF
000000FF
0000007F
0000003F
0000007F
0000007F
0000003F
0000003F
0000001F
0000001F
0000000F
00000003
00000001
00000000
00000000
00000000
00000000
00000000
00000000
00000000
00000000
00000000
00000000
00000000
00000000
ENDCHAR
STARTCHAR bird_pgf_4fd541ce_f000040_r1_c2
ENCODING 1055207
SWIDTH 500 0
DWIDTH 32 0
BBX 32 64 0 -13
BITMAP
00000000
00000000
00000000
00000000
00000000
00000000
00000000
00000000
00000000
00000000
00000000
00000000
00000000
00000000
00000000
00000000
00000000
00000000
00000000
00000000
00000000
00000000
00000000
00000000
00000000
00078000
00FFC000
07FF8000
3FFF8000
FFFF8000
FFFFC000
FF9FC000
FF17F000
FF1FFE00
FF1FB780
FFFFFE00
FFFFF800
FFFFF000
FFFFE000
FFFFC000
FFFFC000
FFFF8000
FFFF8000
FFFF0000
FFFE0000
FFFC0000
FFF00000
FFE00000
FFE00000
FFF00000
FFF80000
FF300000
EE000000
06000000
00000000
00000000
00000000
00000000
00000000
00000000
00000000
00000000
00000000
00000000
ENDCHAR
STARTCHAR bird_pgf_4fd541ce_f000041_r1_c1
ENCODING 1055208
SWIDTH 500 0
DWIDTH 32 0
BBX 32 64 0 -13
BITMAP
00000000
00000000
00000000
00000000
00000000
00000000
00000000
00000000
00000000
00000000
00000000
00000000
00000000
00000000
00000000
00000000
00000000
00000000
00000000
00000000
00000000
00000000
00000000
00000000
00000000
00000000
00000000
00000000
00003800
003F3C03
003FDC0F
001FFE1F
0007FE3F
00FFFE7F
03FFFFFF
07FFFFFF
07FFFFFF
03FFFFFF
000003FF
000001FF
000000FF
0000007F
0000003F
0000003F
0000007F
0000003F
0000003F
00000004
00000000
00000000
00000000
00000000
00000000
00000000
00000000
00000000
00000000
00000000
00000000
00000000
00000000
00000000
00000000
00000000
ENDCHAR
STARTCHAR bird_pgf_4fd541ce_f000041_r1_c2
ENCODING 1055209
SWIDTH 500 0
DWIDTH 32 0
BBX 32 64 0 -13
BITMAP
00000000
00000000
00000000
00000000
00000000
00000000
00000000
00000000
00000000
00000000
00000000
00000000
00000000
00000000
00000000
00000000
00000000
00000000
00000000
00000000
00000000
00000000
00000000
00000000
00000000
00018000
003F8000
03FFC000
1FFF8000
FFFF8000
FFFFC000
FF9FC000
FF1FE000
FF1FFE00
FF1FBF80
FFFFFF00
FFFFFC00
FFFFF800
FFFFE000
FFFFE000
FFFFC000
FFFFC000
FFFF8000
FFFF0000
FFFE0000
FFFC0000
FFF80000
FFE00000
1F000000
00000000
00000000
00000000
00000000
00000000
00000000
00000000
00000000
00000000
00000000
00000000
00000000
00000000
00000000
00000000
ENDCHAR
STARTCHAR bird_pgf_4fd541ce_f000042_r1_c1
ENCODING 1055210
SWIDTH 500 0
DWIDTH 32 0
BBX 32 64 0 -13
BITMAP
00000000
00000000
00000000
00000000
00000000
00000000
00000000
00000000
00000000
00000000
00000000
00000000
00000000
00000000
00000000
00000000
00000000
00000000
00000000
00000000
00000000
00000000
00000000
00000000
000001FE
000007FF
00001FFF
00001FFF
00000FFF
00003BFF
003E3A1F
007FBC1F
003FFE0F
000FFE3F
007FFEFF
03FFFFFF
07FFFFFF
07FFFFFF
07FFFFFF
00FF01FF
000001FF
000000FF
0000007F
0000003F
0000007F
0000007F
0000003F
0000003F
00000008
00000000
00000000
00000000
00000000
00000000
00000000
00000000
00000000
00000000
00000000
00000000
00000000
00000000
00000000
00000000
ENDCHAR
STARTCHAR bird_pgf_4fd541ce_f000042_r1_c2
ENCODING 1055211
SWIDTH 500 0
DWIDTH 32 0
BBX 32 64 0 -13
BITMAP
00000000
00000000
00000000
00000000
00000000
00000000
00000000
00000000
00000000
00000000
00000000
00000000
00000000
00000000
00000000
00000000
00000000
00000000
00000000
00000000
00000000
00000000
00000000
00000000
00000000
E0000000
F8038000
FC7F8000
FFFFC000
FFFF8000
FFFF8000
FFFFC000
FF9FC000
FF17E000
FF1FFE00
FF1FB380
FFFFFE00
FFFFFC00
FFFFF800
FFFFE000
FFFFE000
FFFFC000
FFFFC000
FFFF8000
FFFF0000
FFFE0000
FFFC0000
FFF80000
FFE00000
0E000000
00000000
00000000
00000000
00000000
00000000
00000000
00000000
00000000
00000000
00000000
00000000
00000000
00000000
00000000
ENDCHAR
STARTCHAR bird_pgf_4fd541ce_f000043_r1_c1
ENCODING 1055212
SWIDTH 500 0
DWIDTH 32 0
BBX 32 64 0 -13
BITMAP
00000000
00000000
00000000
00000000
00000000
00000000
00000000
00000000
00000000
00000000
00000000
00000000
00000000
00000000
00000000
00000000
00000000
00000000
00000000
00000000
00000000
00000000
00000000
00000000
0000007C
000007FF
00000FFF
00001FFF
00001FFF
00002FFF
00007B7F
003F3C1F
007FFC0F
003FFE1F
000FFE7F
00FFFFFF
03FFFFFF
07FFFFFF
07FFFFFF
03FFFBFF
000001FF
000000FF
0000007F
0000007F
0000003F
0000007F
0000003F
0000003F
0000000D
00000000
00000000
00000000
00000000
00000000
00000000
00000000
00000000
00000000
00000000
00000000
00000000
00000000
00000000
00000000
ENDCHAR
STARTCHAR bird_pgf_4fd541ce_f000043_r1_c2
ENCODING 1055213
SWIDTH 500 0
DWIDTH 32 0
BBX 32 64 0 -13
BITMAP
00000000
00000000
00000000
00000000
00000000
00000000
00000000
00000000
00000000
00000000
00000000
00000000
00000000
00000000
00000000
00000000
00000000
00000000
00000000
00000000
00000000
00000000
00000000
00000000
00000000
00000000
F0000000
FC1F8000
FDFFC000
FFFFC000
FFFF8000
FFFFC000
FF9FC000
FF1FE000
FF1FFC00
FF1FFF80
FFCFBF80
FFFFFC00
FFFFF800
FFFFF000
FFFFE000
FFFFC000
FFFFC000
FFFF8000
FFFF8000
FFFF0000
FFFE0000
FFF80000
FFF00000
3F800000
00000000
00000000
00000000
00000000
00000000
00000000
00000000
00000000
00000000
00000000
00000000
00000000
00000000
00000000
ENDCHAR
STARTCHAR bird_pgf_4fd541ce_f000044_r1_c1
ENCODING 1055214
SWIDTH 500 0
DWIDTH 32 0
BBX 32 64 0 -13
BITMAP
00000000
00000000
00000000
00000000
00000000
00000000
00000000
00000000
00000000
00000003
00000003
00000007
00000037
0000003F
0000003F
0000003F
0000007F
0000007F
0000007F
0000003F
0000003F
000000FF
000000FF
000000FF
000000FF
000000FF
0000007F
0000007F
0000003F
0000003F
0000701F
001C380F
007FBC0F
007FFE1F
001FFE7F
001FFFFF
01FFFFFF
03FFFFFF
07FFFFFF
07FFFFFF
03FF01FF
000000FF
000000FF
0000007F
0000003F
0000007F
0000003F
0000007F
0000002D
00000000
00000000
00000000
00000000
00000000
00000000
00000000
00000000
00000000
00000000
00000000
00000000
00000000
00000000
00000000
ENDCHAR
STARTCHAR bird_pgf_4fd541ce_f000044_r1_c2
ENCODING 1055215
SWIDTH 500 0
DWIDTH 32 0
BBX 32 64 0 -13
BITMAP
00000000
00000000
00000000
00000000
00000000
00000000
00000000
00000000
00000000
00000000
00000000
80000000
98000000
98000000
BC000000
FC000000
FC000000
FC000000
FE000000
FE000000
FE000000
FE000000
FE000000
FE000000
FE000000
FE000000
FE000000
FF078000
FFFF8000
FFFFC000
FFFF8000
FFFFC000
FFDFC000
FF1FE000
FF17F800
FF1FFF80
FF1FBF80
FFFFFC00
FFFFF800
FFFFF000
FFFFE000
FFFFC000
FFFFC000
FFFF8000
FFFF8000
FFFF0000
FFFE0000
FFFC0000
FFF00000
7FC00000
00000000
00000000
00000000
00000000
00000000
00000000
00000000
00000000
00000000
00000000
00000000
00000000
00000000
00000000
ENDCHAR
STARTCHAR bird_pgf_4fd541ce_f000045_r1_c1
ENCODING 1055216
SWIDTH 500 0
DWIDTH 32 0
BBX 32 64 0 -13
BITMAP
00000000
00000000
00000000
00000000
00000000
00000000
00000000
00000000
00000000
00000003
00000003
00000007
00000037
0000003F
0000003F
0000003F
0000007F
0000007F
0000007F
0000003F
0000003F
0000003F
000000FF
000000FF
000000FF
000000FF
0000007F
0000007F
0000003F
0000003F
0000701F
0000780F
007FBC0F
007FFC1F
003FFE7F
000FFFFF
007FFFFF
03FFFFFF
07FFFFFF
07FFFFFF
07FF81FF
00C000FF
000000FF
0000007F
0000003F
0000007F
0000003F
0000007F
0000002D
00000000
00000000
00000000
00000000
00000000
00000000
00000000
00000000
00000000
00000000
00000000
00000000
00000000
00000000
00000000
ENDCHAR
STARTCHAR bird_pgf_4fd541ce_f000045_r1_c2
ENCODING 1055217
SWIDTH 500 0
DWIDTH 32 0
BBX 32 64 0 -13
BITMAP
00000000
00000000
00000000
00000000
00000000
00000000
00000000
00000000
00000000
00000000
00000000
80000000
88000000
98000000
BC000000
FC000000
FC000000
FC000000
FE000000
FE000000
FE000000
FE000000
FE000000
FE000000
FE000000
FE000000
FE000000
FF078000
FFFF8000
FFFFC000
FFFF8000
FFFF8000
FFFFC000
FF1FC000
FF17F800
FF1FFF80
FF1FBF80
FFFFFC00
FFFFF800
FFFFF000
FFFFE000
FFFFC000
FFFFC000
FFFF8000
FFFF8000
FFFF0000
FFFE0000
FFFC0000
FFF00000
7FC00000
00000000
00000000
00000000
00000000
00000000
00000000
00000000
00000000
00000000
00000000
00000000
00000000
00000000
00000000
ENDCHAR
STARTCHAR bird_pgf_4fd541ce_f000046_r1_c1
ENCODING 1055218
SWIDTH 500 0
DWIDTH 32 0
BBX 32 64 0 -13
BITMAP
00000000
00000000
00000000
00000000
00000000
00000000
00000000
00000000
00000000
00000000
00000000
00000000
00000000
00000000
00000000
00000000
00000000
00000000
00000030
00000070
00000071
000001F3
000003F3
000003FF
000003FF
000003FF
000003FF
000001FF
000007FF
000007FF
000077FF
00007BFF
003F3FFF
007FFDFF
003FFEFF
000FFFFF
007FFFFF
01FFFFFF
03FFFFFF
07FFFFFF
07FFC1FF
03F000FF
000000FF
0000007F
0000003F
0000007F
0000003F
0000007F
0000002D
00000000
00000000
00000000
00000000
00000000
00000000
00000000
00000000
00000000
00000000
00000000
00000000
00000000
00000000
00000000
ENDCHAR
STARTCHAR bird_pgf_4fd541ce_f000046_r1_c2
ENCODING 1055219
SWIDTH 500 0
DWIDTH 32 0
BBX 32 64 0 -13
BITMAP
00000000
00000000
00000000
00000000
00000000
00000000
00000000
00000000
00000000
00000000
00000000
00000000
00000000
00000000
00000000
00000000
00000000
00000000
00000000
00000000
80000000
80000000
80000000
80000000
80000000
E0000000
E0000000
E0078000
E0FF8000
F7FFC000
FFFF8000
FFFFC000
FFDFC000
FF1FE000
FF17F800
FF1FFF80
FF1FBF80
FFFFFC00
FFFFF800
FFFFF000
FFFFE000
FFFFC000
FFFFC000
FFFF8000
FFFF8000
FFFF0000
FFFE0000
FFFC0000
FFF00000
7FC00000
00000000
00000000
00000000
00000000
00000000
00000000
00000000
00000000
00000000
00000000
00000000
00000000
00000000
00000000
ENDCHAR
STARTCHAR bird_pgf_4fd541ce_f000047_r1_c1
ENCODING 1055220
SWIDTH 500 0
DWIDTH 32 0
BBX 32 64 0 -13
BITMAP
00000000
00000000
00000000
00000000
00000000
00000000
00000000
00000000
00000000
00000000
00000000
00000000
00000000
00000000
00000000
00000000
00000000
00000000
00000030
00000070
00000071
000001F3
000003FB
000003FF
000003FF
000003FF
000001FF
000001FF
000007FF
000007FF
000073FF
00007BFF
007FBDFF
007FFFFF
003FFEFF
000FFFFF
003FFFFF
01FFFFFF
03FFFFFF
07FFFFFF
07FF81FF
03F000FF
0000007F
0000007F
0000007F
0000007F
0000003F
0000007F
00000009
00000000
00000000
00000000
00000000
00000000
00000000
00000000
00000000
00000000
00000000
00000000
00000000
00000000
00000000
00000000
ENDCHAR
STARTCHAR bird_pgf_4fd541ce_f000047_r1_c2
ENCODING 1055221
SWIDTH 500 0
DWIDTH 32 0
BBX 32 64 0 -13
BITMAP
00000000
00000000
00000000
00000000
00000000
00000000
00000000
00000000
00000000
00000000
00000000
00000000
00000000
00000000
00000000
00000000
00000000
00000000
00000000
00000000
80000000
80000000
80000000
80000000
C0000000
E0000000
E0000000
E01F8000
F1FF8000
FFFFC000
FFFF8000
FFFFC000
FF9FC000
FF1FE000
FF1FFC00
FF1FFF80
FFCFBF80
FFFFFC00
FFFFF800
FFFFF000
FFFFE000
FFFFC000
FFFFC000
FFFF8000
FFFF8000
FFFF0000
FFFE0000
FFF80000
FFF00000
3F800000
00000000
00000000
00000000
00000000
00000000
00000000
00000000
00000000
00000000
00000000
00000000
00000000
00000000
00000000
ENDCHAR
STARTCHAR bird_pgf_4fd541ce_f000048_r1_c1
ENCODING 1055222
SWIDTH 500 0
DWIDTH 32 0
BBX 32 64 0 -13
BITMAP
00000000
00000000
00000000
00000000
00000000
00000000
00000000
00000000
00000000
00000000
00000000
00000000
00000000
00000000
00000000
00000000
00000000
00000000
00000000
00000000
00000000
00000000
00000000
00000000
00000000
00000000
00000000
00000000
00000000
00007180
00007BCC
001E3DCF
007FDFFF
007FFFFF
001FFFFF
000FFFFF
007FFFFF
01FFFFFF
03FFFFFF
07FFF1FF
07FF01FF
03E000FF
0000007F
0000003F
0000007F
0000003F
0000007F
0000007F
00000000
00000000
00000000
00000000
00000000
00000000
00000000
00000000
00000000
00000000
00000000
00000000
00000000
00000000
00000000
00000000
ENDCHAR
STARTCHAR bird_pgf_4fd541ce_f000048_r1_c2
ENCODING 1055223
SWIDTH 500 0
DWIDTH 32 0
BBX 32 64 0 -13
BITMAP
00000000
00000000
00000000
00000000
00000000
00000000
00000000
00000000
00000000
00000000
00000000
00000000
00000000
00000000
00000000
00000000
00000000
00000000
00000000
00000000
00000000
00000000
00000000
00000000
00000000
00000000
00000000
007F8000
03FFC000
1FFFC000
FFFF8000
FFFFC000
FF9FC000
FF17F000
FF1FFE00
FF1FB780
FFFFFE00
FFFFFC00
FFFFF800
FFFFE000
FFFFE000
FFFFC000
FFFFC000
FFFF8000
FFFF0000
FFFE0000
FFFC0000
FFF80000
FFE00000
06000000
00000000
00000000
00000000
00000000
00000000
00000000
00000000
00000000
00000000
00000000
00000000
00000000
00000000
00000000
ENDCHAR
STARTCHAR bird_pgf_4fd541ce_f000049_r1_c1
ENCODING 1055224
SWIDTH 500 0
DWIDTH 32 0
BBX 32 64 0 -13
BITMAP
00000000
00000000
00000000
00000000
00000000
00000000
00000000
00000000
00000000
00000000
00000000
00000000
00000000
00000000
00000000
00000000
00000000
00000000
00000000
00000000
00000000
00000000
00000000
00000000
00000000
00000000
00000000
00000000
00000100
00007B88
000039DD
007F9FDF
007FFFFF
003FFFFF
000FFFFF
003FFFFF
00FFFFFF
03FFFFFF
07FFFFFF
07FFC1FF
03F800FF
000000FF
0000007F
0000003F
0000007F
0000003F
0000007F
0000002D
00000000
00000000
00000000
00000000
00000000
00000000
00000000
00000000
00000000
00000000
00000000
00000000
00000000
00000000
00000000
00000000
ENDCHAR
STARTCHAR bird_pgf_4fd541ce_f000049_r1_c2
ENCODING 1055225
SWIDTH 500 0
DWIDTH 32 0
BBX 32 64 0 -13
BITMAP
00000000
00000000
00000000
00000000
00000000
00000000
00000000
00000000
00000000
00000000
00000000
00000000
00000000
00000000
00000000
00000000
00000000
00000000
00000000
00000000
00000000
00000000
00000000
00000000
00000000
00000000
000F0000
01FF8000
0FFFC000
7FFF8000
FFFFC000
FFDFC000
FF1FE000
FF17F800
FF1FFF80
FF1FBF80
FFFFFC00
FFFFF800
FFFFF000
FFFFE000
FFFFC000
FFFFC000
FFFF8000
FFFF8000
FFFF0000
FFFE0000
FFFC0000
FFF00000
3FC00000
00000000
00000000
00000000
00000000
00000000
00000000
00000000
00000000
00000000
00000000
00000000
00000000
00000000
00000000
00000000
ENDCHAR
STARTCHAR bird_pgf_4fd541ce_f000050_r1_c1
ENCODING 1055226
SWIDTH 500 0
DWIDTH 32 0
BBX 32 64 0 -13
BITMAP
00000000
00000000
00000000
00000000
00000000
00000000
00000000
00000000
00000000
00000000
00000000
00000000
00000000
00000000
00000000
00000000
00000000
00000000
00000000
00000000
00000000
00000000
00000000
00000000
00000000
00000000
00000000
00000000
00003000
00003800
003F3C03
007FDE0F
003FFE3F
000FFE7F
000FFFFF
00FFFFFF
03FFFFFF
07FFFFFF
07FFFBFF
07FE01FF
000000FF
0000007F
0000007F
000000FF
000000FF
000001FF
000001FF
0000000C
00000000
00000000
00000000
00000000
00000000
00000000
00000000
00000000
00000000
00000000
00000000
00000000
00000000
00000000
00000000
00000000
ENDCHAR
STARTCHAR bird_pgf_4fd541ce_f000050_r1_c2
ENCODING 1055227
SWIDTH 500 0
DWIDTH 32 0
BBX 32 64 0 -13
BITMAP
00000000
00000000
00000000
00000000
00000000
00000000
00000000
00000000
00000000
00000000
00000000
00000000
00000000
00000000
00000000
00000000
00000000
00000000
00000000
00000000
00000000
00000000
00000000
00000000
00000000
00000000
003F8000
03FFC000
1FFF8000
FFFF8000
FFFFC000
FF9FC000
FF17E000
FF1FFE00
FF1FBF80
FFFFFF00
FFFFFC00
FFFFF800
FFFFE000
FFFFE000
FFFFC000
FFFFC000
FFFF8000
FFFF0000
FFFE0000
FFFC0000
FFF80000
FFE00000
0F000000
00000000
00000000
00000000
00000000
00000000
00000000
00000000
00000000
00000000
00000000
00000000
00000000
00000000
00000000
00000000
ENDCHAR
STARTCHAR bird_pgf_4fd541ce_f000051_r1_c1
ENCODING 1055228
SWIDTH 500 0
DWIDTH 32 0
BBX 32 64 0 -13
BITMAP
00000000
00000000
00000000
00000000
00000000
00000000
00000000
00000000
00000000
00000000
00000000
00000000
00000000
00000000
00000000
00000000
00000000
00000000
00000000
00000000
00000000
00000000
00000000
00000000
00000000
00000000
00000000
00003000
00003800
003F9C01
003FDE07
001FFE1F
0007FE7F
003FFFFF
01FFFFFF
03FFFFFF
07FFFFFF
07FFFFFF
03FE01FF
000000FF
000000FF
0000007F
0000003F
0000007F
0000003F
0000003F
0000002D
00000000
00000000
00000000
00000000
00000000
00000000
00000000
00000000
00000000
00000000
00000000
00000000
00000000
00000000
00000000
00000000
00000000
ENDCHAR
STARTCHAR bird_pgf_4fd541ce_f000051_r1_c2
ENCODING 1055229
SWIDTH 500 0
DWIDTH 32 0
BBX 32 64 0 -13
BITMAP
00000000
00000000
00000000
00000000
00000000
00000000
00000000
00000000
00000000
00000000
00000000
00000000
00000000
00000000
00000000
00000000
00000000
00000000
00000000
00000000
00000000
00000000
00000000
00000000
00000000
00078000
00FFC000
0FFFC000
3FFF8000
FFFFC000
FFFFC000
FFFFE000
FF1FF800
FF1FFF80
FFFFBF80
FFFFFC00
FFFFF800
FFFFF000
FFFFE000
FFFFC000
FFFFC000
FFFF8000
FFFF8000
FFFF0000
FFFE0000
FFFE0000
FFFE0000
FFFF0000
FFFF8000
FFFFC000
FFFFC000
FFFFC000
6FFFC000
0FFFE000
07FEE000
07FE0000
03DC0000
01CC0000
00000000
00000000
00000000
00000000
00000000
00000000
ENDCHAR
STARTCHAR bird_pgf_4fd541ce_f000052_r1_c1
ENCODING 1055230
SWIDTH 500 0
DWIDTH 32 0
BBX 32 64 0 -13
BITMAP
00000000
00000000
00000000
00000000
00000000
00000000
00000000
00000000
00000000
00000000
00000000
00000000
00000000
00000000
00000000
00000000
00000000
00000000
00000000
00000000
00000000
00000000
00000000
00000000
00000000
00000000
00000000
00003000
003E3800
003F9C01
003FFE07
000FFE1F
0007FE7F
00FFFFFF
03FFFFFF
07FFFFFF
07FFFFFF
07FFFFFF
000001FF
000000FF
000000FF
0000007F
0000003F
0000007F
0000003F
0000003F
0000002D
00000000
00000000
00000000
00000000
00000000
00000000
00000000
00000000
00000000
00000000
00000000
00000000
00000000
00000000
00000000
00000000
00000000
ENDCHAR
STARTCHAR bird_pgf_4fd541ce_f000052_r1_c2
ENCODING 1055231
SWIDTH 500 0
DWIDTH 32 0
BBX 32 64 0 -13
BITMAP
00000000
00000000
00000000
00000000
00000000
00000000
00000000
00000000
00000000
00000000
00000000
00000000
00000000
00000000
00000000
00000000
00000000
00000000
00000000
00000000
00000000
00000000
00000000
00000000
00000000
000F8000
01FFC000
0FFF8000
3FFF8000
FFFFC000
FFFFC000
FFFFE000
FF1FF800
FF1FFF80
FFFFBF80
FFFFFC00
FFFFF800
FFFFF000
FFFFE000
FFFFC000
FFFFC000
FFFF8000
FFFF8000
FFFF0000
FFFE0000
FFFE0000
FFFE0000
FFFF0000
FFFF8000
FFFFC000
FFFFC000
FFFFC000
6FFFE000
0FFFE000
07FEE000
03FE0000
03DC0000
00CC0000
00000000
00000000
00000000
00000000
00000000
00000000
ENDCHAR
STARTCHAR bird_pgf_4fd541ce_f000053_r1_c1
ENCODING 1055232
SWIDTH 500 0
DWIDTH 32 0
BBX 32 64 0 -13
BITMAP
00000000
00000000
00000000
00000000
00000000
00000000
00000000
00000000
00000000
00000000
00000000
00000000
00000000
00000000
00000000
00000000
00000000
00000000
00000000
00000000
00000000
00000000
00000000
00000000
00000000
00000000
00000000
00003000
003E3800
003F9C01
001FFE07
000FFE1F
0007FE7F
01FFFFFF
03FFFFFF
07FFFFFF
07FFFFFF
03FFFFFF
000001FF
000000FF
000000FF
0000007F
0000003F
0000007F
0000003F
0000003F
0000003F
0000001F
0000001F
0000000F
00000001
00000001
00000000
00000000
00000000
00000000
00000000
00000000
00000000
00000000
00000000
00000000
00000000
00000000
ENDCHAR
STARTCHAR bird_pgf_4fd541ce_f000053_r1_c2
ENCODING 1055233
SWIDTH 500 0
DWIDTH 32 0
BBX 32 64 0 -13
BITMAP
00000000
00000000
00000000
00000000
00000000
00000000
00000000
00000000
00000000
00000000
00000000
00000000
00000000
00000000
00000000
00000000
00000000
00000000
00000000
00000000
00000000
00000000
00000000
00000000
00000000
00078000
00FFC000
0FFF8000
3FFF8000
FFFFC000
FFFFC000
FFFFE000
FFFFF800
FFFFFF80
FFFFBF80
FFFFFC00
FFFFF800
FFFFF000
FFFFE000
FFFFC000
FFFFC000
FFFF8000
FFFF8000
FFFF0000
FFFE0000
FFFC0000
FFF00000
FFE00000
FFE00000
FFF00000
FF780000
FE300000
EF000000
06000000
00000000
00000000
00000000
00000000
00000000
00000000
00000000
00000000
00000000
00000000
ENDCHAR
STARTCHAR bird_pgf_4fd541ce_f000054_r1_c1
ENCODING 1055234
SWIDTH 500 0
DWIDTH 32 0
BBX 32 64 0 -13
BITMAP
00000000
00000000
00000000
00000000
00000000
00000000
00000000
00000000
00000000
00000000
00000000
00000000
00000000
00000000
00000000
00000000
00000000
00000000
00000000
00000000
00000000
00000000
00000000
00000000
00000000
00000000
00000000
00001000
003E3800
003F9C00
001FFE03
000FFE0F
0007FE3F
01FFFFFF
03FFFFFF
07FFFFFF
07FFFFFF
03FFFFFF
000001FF
000001FF
000000FF
0000007F
0000003F
0000007F
0000007F
0000003F
0000003F
0000001F
0000001F
0000000F
00000003
00000001
00000000
00000000
00000000
00000000
00000000
00000000
00000000
00000000
00000000
00000000
00000000
00000000
ENDCHAR
STARTCHAR bird_pgf_4fd541ce_f000054_r1_c2
ENCODING 1055235
SWIDTH 500 0
DWIDTH 32 0
BBX 32 64 0 -13
BITMAP
00000000
00000000
00000000
00000000
00000000
00000000
00000000
00000000
00000000
00000000
00000000
00000000
00000000
00000000
00000000
00000000
00000000
00000000
00000000
00000000
00000000
00000000
00000000
00000000
00000000
00078000
00FFC000
07FF8000
3FFF8000
FFFF8000
FFFFC000
FFFFC000
FFFFF000
FFFFFE00
FFFFB780
FFFFFE00
FFFFF800
FFFFF000
FFFFE000
FFFFC000
FFFFC000
FFFF8000
FFFF8000
FFFF0000
FFFE0000
FFFC0000
FFF00000
FFE00000
FFE00000
FFF00000
FFF80000
FF300000
EE000000
06000000
00000000
00000000
00000000
00000000
00000000
00000000
00000000
00000000
00000000
00000000
ENDCHAR
STARTCHAR bird_pgf_4fd541ce_f000055_r1_c1
ENCODING 1055236
SWIDTH 500 0
DWIDTH 32 0
BBX 32 64 0 -13
BITMAP
00000000
00000000
00000000
00000000
00000000
00000000
00000000
00000000
00000000
00000000
00000000
00000000
00000000
00000000
00000000
00000000
00000000
00000000
00000000
00000000
00000000
00000000
00000000
00000000
00000000
00000000
00000000
00000000
00003800
003F3C03
003FDC0F
001FFE1F
0007FE3F
00FFFE7F
03FFFFFF
07FFFFFF
07FFFFFF
03FFFFFF
000003FF
000001FF
000000FF
0000007F
0000003F
0000003F
0000007F
0000003F
0000003F
00000004
00000000
00000000
00000000
00000000
00000000
00000000
00000000
00000000
00000000
00000000
00000000
00000000
00000000
00000000
00000000
00000000
ENDCHAR
STARTCHAR bird_pgf_4fd541ce_f000055_r1_c2
ENCODING 1055237
SWIDTH 500 0
DWIDTH 32 0
BBX 32 64 0 -13
BITMAP
00000000
00000000
00000000
00000000
00000000
00000000
00000000
00000000
00000000
00000000
00000000
00000000
00000000
00000000
00000000
00000000
00000000
00000000
00000000
00000000
00000000
00000000
00000000
00000000
00000000
00018000
003F8000
03FFC000
1FFF8000
FFFF8000
FFFFC000
FFFFC000
FFFFE000
FFFFFE00
FFFFBF80
FFFFFF00
FFFFFC00
FFFFF800
FFFFE000
FFFFE000
FFFFC000
FFFFC000
FFFF8000
FFFF0000
FFFE0000
FFFC0000
FFF80000
FFE00000
1F000000
00000000
00000000
00000000
00000000
00000000
00000000
00000000
00000000
00000000
00000000
00000000
00000000
00000000
00000000
00000000
ENDCHAR
STARTCHAR bird_pgf_4fd541ce_f000056_r1_c1
ENCODING 1055238
SWIDTH 500 0
DWIDTH 32 0
BBX 32 64 0 -13
BITMAP
00000000
00000000
00000000
00000000
00000000
00000000
00000000
00000000
00000000
00000000
00000000
00000000
00000000
00000000
00000000
00000000
00000000
00000000
00000000
00000000
00000000
00000000
00000000
00000000
00000000
00000000
00000000
00000000
00003000
001C3801
003FBC07
003FFC1F
000FFE3F
001FFE7F
01FFFFFF
07FFFFFF
07FFFFFF
07FFFFFF
01FFFFFF
000001FF
000000FF
000000FF
0000007F
0000003F
0000007F
0000003F
0000003F
0000003D
00000000
00000000
00000000
00000000
00000000
00000000
00000000
00000000
00000000
00000000
00000000
00000000
00000000
00000000
00000000
00000000
ENDCHAR
STARTCHAR bird_pgf_4fd541ce_f000056_r1_c2
ENCODING 1055239
SWIDTH 500 0
DWIDTH 32 0
BBX 32 64 0 -13
BITMAP
00000000
00000000
00000000
00000000
00000000
00000000
00000000
00000000
00000000
00000000
00000000
00000000
00000000
00000000
00000000
00000000
00000000
00000000
00000000
00000000
00000000
00000000
00000000
00000000
00000000
00000000
00078000
00FFC000
0FFF8000
BFFF8000
FFFFC000
FFFFC000
FFFFE000
FFFFF800
FFFFFF80
FFFFBF80
FFFFFC00
FFFFF800
FFFFF000
FFFFE000
FFFFC000
FFFFC000
FFFF8000
FFFF8000
FFFF0000
FFFE0000
FFFC0000
FFF00000
7FC00000
00000000
00000000
00000000
00000000
00000000
00000000
00000000
00000000
00000000
00000000
00000000
00000000
00000000
00000000
00000000
ENDCHAR
STARTCHAR bird_pgf_4fd541ce_f000057_r1_c1
ENCODING 1055240
SWIDTH 500 0
DWIDTH 32 0
BBX 32 64 0 -13
BITMAP
00000000
00000000
00000000
00000000
00000000
00000000
00000000
00000000
00000000
00000000
00000000
00000000
00000000
00000000
00000000
00000000
00000000
00000000
00000000
00000000
00000000
00000000
00000000
00000000
000001FE
000007FF
00001FFF
00001FFF
00000FFF
00003BFF
003E3A1F
007FBC1F
003FFE0F
000FFE3F
007FFEFF
03FFFFFF
07FFFFFF
07FFFFFF
07FFFFFF
00FF01FF
000001FF
000000FF
0000007F
0000003F
0000007F
0000007F
0000003F
0000003F
00000008
00000000
00000000
00000000
00000000
00000000
00000000
00000000
00000000
00000000
00000000
00000000
00000000
00000000
00000000
00000000
ENDCHAR
STARTCHAR bird_pgf_4fd541ce_f000057_r1_c2
ENCODING 1055241
SWIDTH 500 0
DWIDTH 32 0
BBX 32 64 0 -13
BITMAP
00000000
00000000
00000000
00000000
00000000
00000000
00000000
00000000
00000000
00000000
00000000
00000000
00000000
00000000
00000000
00000000
00000000
00000000
00000000
00000000
00000000
00000000
00000000
00000000
00000000
E0000000
F8038000
FC7F8000
FFFFC000
FFFF8000
FFFF8000
FFFFC000
FFFFC000
FFFFE000
FFFFFE00
FFFFB380
FFFFFE00
FFFFFC00
FFFFF800
FFFFE000
FFFFE000
FFFFC000
FFFFC000
FFFF8000
FFFF0000
FFFE0000
FFFC0000
FFF80000
FFE00000
0E000000
00000000
00000000
00000000
00000000
00000000
00000000
00000000
00000000
00000000
00000000
00000000
00000000
00000000
00000000
ENDCHAR
STARTCHAR bird_pgf_4fd541ce_f000058_r1_c1
ENCODING 1055242
SWIDTH 500 0
DWIDTH 32 0
BBX 32 64 0 -13
BITMAP
00000000
00000000
00000000
00000000
00000000
00000000
00000000
00000000
00000000
00000000
00000000
00000000
00000000
00000000
00000000
00000000
00000000
00000000
00000000
00000000
00000000
00000000
00000000
00000000
0000007C
000007FF
00000FFF
00001FFF
00001FFF
00002FFF
00007B7F
003F3C1F
007FFC0F
003FFE1F
000FFE7F
00FFFFFF
03FFFFFF
07FFFFFF
07FFFFFF
03FFFBFF
000001FF
000000FF
0000007F
0000007F
0000003F
0000007F
0000003F
0000003F
0000000D
00000000
00000000
00000000
00000000
00000000
00000000
00000000
00000000
00000000
00000000
00000000
00000000
00000000
00000000
00000000
ENDCHAR
STARTCHAR bird_pgf_4fd541ce_f000058_r1_c2
ENCODING 1055243
SWIDTH 500 0
DWIDTH 32 0
BBX 32 64 0 -13
BITMAP
00000000
00000000
00000000
00000000
00000000
00000000
00000000
00000000
00000000
00000000
00000000
00000000
00000000
00000000
00000000
00000000
00000000
00000000
00000000
00000000
00000000
00000000
00000000
00000000
00000000
00000000
F0000000
FC1F8000
FDFFC000
FFFFC000
FFFF8000
FFFFC000
FFFFC000
FFFFE000
FF1FFC00
FFDFFF80
FFFFBF80
FFFFFC00
FFFFF800
FFFFF000
FFFFE000
FFFFC000
FFFFC000
FFFF8000
FFFF8000
FFFF0000
FFFE0000
FFF80000
FFF00000
3F800000
00000000
00000000
00000000
00000000
00000000
00000000
00000000
00000000
00000000
00000000
00000000
00000000
00000000
00000000
ENDCHAR
STARTCHAR bird_pgf_4fd541ce_f000059_r1_c1
ENCODING 1055244
SWIDTH 500 0
DWIDTH 32 0
BBX 32 64 0 -13
BITMAP
00000000
00000000
00000000
00000000
00000000
00000000
00000000
00000000
00000000
00000003
00000003
00000007
00000037
0000003F
0000003F
0000003F
0000007F
0000007F
0000007F
0000003F
0000003F
000000FF
000000FF
000000FF
000000FF
000000FF
0000007F
0000007F
0000003F
0000003F
0000701F
001C380F
007FBC0F
007FFE1F
001FFE7F
001FFFFF
01FFFFFF
03FFFFFF
07FFFFFF
07FFFFFF
03FF01FF
000000FF
000000FF
0000007F
0000003F
0000007F
0000003F
0000007F
0000002D
00000000
00000000
00000000
00000000
00000000
00000000
00000000
00000000
00000000
00000000
00000000
00000000
00000000
00000000
00000000
ENDCHAR
STARTCHAR bird_pgf_4fd541ce_f000059_r1_c2
ENCODING 1055245
SWIDTH 500 0
DWIDTH 32 0
BBX 32 64 0 -13
BITMAP
00000000
00000000
00000000
00000000
00000000
00000000
00000000
00000000
00000000
00000000
00000000
80000000
98000000
98000000
BC000000
FC000000
FC000000
FC000000
FE000000
FE000000
FE000000
FE000000
FE000000
FE000000
FE000000
FE000000
FE000000
FF078000
FFFF8000
FFFFC000
FFFF8000
FFFFC000
FFFFC000
FFFFE000
FF1FF800
FF1FFF80
FFFFBF80
FFFFFC00
FFFFF800
FFFFF000
FFFFE000
FFFFC000
FFFFC000
FFFF8000
FFFF8000
FFFF0000
FFFE0000
FFFC0000
FFF00000
7FC00000
00000000
00000000
00000000
00000000
00000000
00000000
00000000
00000000
00000000
00000000
00000000
00000000
00000000
00000000
ENDCHAR
STARTCHAR bird_pgf_4fd541ce_f000060_r1_c1
ENCODING 1055246
SWIDTH 500 0
DWIDTH 32 0
BBX 32 64 0 -13
BITMAP
00000000
00000000
00000000
00000000
00000000
00000000
00000000
00000000
00000000
00000000
00000000
00000000
00000000
00000000
00000000
00000000
00000000
00000000
00000030
00000070
00000071
000001F3
000003F3
000003FF
000003FF
000003FF
000003FF
000001FF
000007FF
000007FF
000077FF
00007BFF
003F3FFF
007FFDFF
003FFEFF
000FFFFF
007FFFFF
01FFFFFF
03FFFFFF
07FFFFFF
07FFC1FF
03F000FF
000000FF
0000007F
0000003F
0000007F
0000003F
0000007F
0000002D
00000000
00000000
00000000
00000000
00000000
00000000
00000000
00000000
00000000
00000000
00000000
00000000
00000000
00000000
00000000
ENDCHAR
STARTCHAR bird_pgf_4fd541ce_f000060_r1_c2
ENCODING 1055247
SWIDTH 500 0
DWIDTH 32 0
BBX 32 64 0 -13
BITMAP
00000000
00000000
00000000
00000000
00000000
00000000
00000000
00000000
00000000
00000000
00000000
00000000
00000000
00000000
00000000
00000000
00000000
00000000
00000000
00000000
80000000
80000000
80000000
80000000
80000000
E0000000
E0000000
E0078000
E0FF8000
F7FFC000
FFFF8000
FFFFC000
FFDFC000
FF1FE000
FF17F800
FF1FFF80
FF1FBF80
FFFFFC00
FFFFF800
FFFFF000
FFFFE000
FFFFC000
FFFFC000
FFFF8000
FFFF8000
FFFF0000
FFFE0000
FFFC0000
FFF00000
7FC00000
00000000
00000000
00000000
00000000
00000000
00000000
00000000
00000000
00000000
00000000
00000000
00000000
00000000
00000000
ENDCHAR
STARTCHAR bird_pgf_4fd541ce_f000061_r1_c1
ENCODING 1055248
SWIDTH 500 0
DWIDTH 32 0
BBX 32 64 0 -13
BITMAP
00000000
00000000
00000000
00000000
00000000
00000000
00000000
00000000
00000000
00000000
00000000
00000000
00000000
00000000
00000000
00000000
00000000
00000000
00000030
00000070
00000071
000001F3
000003FB
000003FF
000003FF
000003FF
000001FF
000001FF
000007FF
000007FF
000073FF
00007BFF
007FBDFF
007FFFFF
003FFEFF
000FFFFF
003FFFFF
01FFFFFF
03FFFFFF
07FFFFFF
07FF81FF
03F000FF
0000007F
0000007F
0000007F
0000007F
0000003F
0000007F
00000009
00000000
00000000
00000000
00000000
00000000
00000000
00000000
00000000
00000000
00000000
00000000
00000000
00000000
00000000
00000000
ENDCHAR
STARTCHAR bird_pgf_4fd541ce_f000061_r1_c2
ENCODING 1055249
SWIDTH 500 0
DWIDTH 32 0
BBX 32 64 0 -13
BITMAP
00000000
00000000
00000000
00000000
00000000
00000000
00000000
00000000
00000000
00000000
00000000
00000000
00000000
00000000
00000000
00000000
00000000
00000000
00000000
00000000
80000000
80000000
80000000
80000000
C0000000
E0000000
E0000000
E01F8000
F1FF8000
FFFFC000
FFFF8000
FFFFC000
FF9FC000
FF1FE000
FF1FFC00
FF1FFF80
FFCFBF00
FFFFFC00
FFFFF800
FFFFF000
FFFFE000
FFFFC000
FFFFC000
FFFF8000
FFFF8000
FFFF0000
FFFE0000
FFF80000
FFF00000
3F800000
00000000
00000000
00000000
00000000
00000000
00000000
00000000
00000000
00000000
00000000
00000000
00000000
00000000
00000000
ENDCHAR
STARTCHAR bird_pgf_4fd541ce_f000062_r1_c1
ENCODING 1055250
SWIDTH 500 0
DWIDTH 32 0
BBX 32 64 0 -13
BITMAP
00000000
00000000
00000000
00000000
00000000
00000000
00000000
00000000
00000000
00000000
00000000
00000000
00000000
00000000
00000000
00000000
00000000
00000000
00000000
00000000
00000000
00000000
00000000
00000000
00000000
00000000
00000000
00000000
00000000
00007180
00007BCC
001E3DCF
007FDFFF
007FFFFF
001FFFFF
000FFFFF
007FFFFF
01FFFFFF
03FFFFFF
07FFF1FF
07FF01FF
03E000FF
0000007F
0000003F
0000007F
0000003F
0000007F
0000007F
00000000
00000000
00000000
00000000
00000000
00000000
00000000
00000000
00000000
00000000
00000000
00000000
00000000
00000000
00000000
00000000
ENDCHAR
STARTCHAR bird_pgf_4fd541ce_f000062_r1_c2
ENCODING 1055251
SWIDTH 500 0
DWIDTH 32 0
BBX 32 64 0 -13
BITMAP
00000000
00000000
00000000
00000000
00000000
00000000
00000000
00000000
00000000
00000000
00000000
00000000
00000000
00000000
00000000
00000000
00000000
00000000
00000000
00000000
00000000
00000000
00000000
00000000
00000000
00000000
00000000
007F8000
03FFC000
1FFFC000
FFFF8000
FFFFC000
FF9FC000
FF17F000
FF1FFE00
FF1FBF80
FFFFFE00
FFFFFC00
FFFFF800
FFFFE000
FFFFE000
FFFFC000
FFFFC000
FFFF8000
FFFF0000
FFFE0000
FFFC0000
FFF80000
FFE00000
06000000
00000000
00000000
00000000
00000000
00000000
00000000
00000000
00000000
00000000
00000000
00000000
00000000
00000000
00000000
ENDCHAR
STARTCHAR bird_pgf_4fd541ce_f000063_r1_c1
ENCODING 1055252
SWIDTH 500 0
DWIDTH 32 0
BBX 32 64 0 -13
BITMAP
00000000
00000000
00000000
00000000
00000000
00000000
00000000
00000000
00000000
00000000
00000000
00000000
00000000
00000000
00000000
00000000
00000000
00000000
00000000
00000000
00000000
00000000
00000000
00000000
00000000
00000000
00000000
00000000
00000100
00007B88
000039DD
007F9FDF
007FFFFF
003FFFFF
000FFFFF
003FFFFF
00FFFFFF
03FFFFFF
07FFFFFF
07FFC1FF
03F800FF
000000FF
0000007F
0000003F
0000007F
0000003F
0000007F
0000002D
00000000
00000000
00000000
00000000
00000000
00000000
00000000
00000000
00000000
00000000
00000000
00000000
00000000
00000000
00000000
00000000
ENDCHAR
STARTCHAR bird_pgf_4fd541ce_f000063_r1_c2
ENCODING 1055253
SWIDTH 500 0
DWIDTH 32 0
BBX 32 64 0 -13
BITMAP
00000000
00000000
00000000
00000000
00000000
00000000
00000000
00000000
00000000
00000000
00000000
00000000
00000000
00000000
00000000
00000000
00000000
00000000
00000000
00000000
00000000
00000000
00000000
00000000
00000000
00000000
000F0000
01FF8000
0FFFC000
7FFF8000
FFFFC000
FFDFC000
FF1FE000
FF17F800
FF1FFF80
FF1FBF80
FFFFFC00
FFFFF800
FFFFF000
FFFFE000
FFFFC000
FFFFC000
FFFF8000
FFFF8000
FFFF0000
FFFE0000
FFFC0000
FFF00000
3FC00000
00000000
00000000
00000000
00000000
00000000
00000000
00000000
00000000
00000000
00000000
00000000
00000000
00000000
00000000
00000000
ENDCHAR
STARTCHAR bird_pgf_4fd541ce_f000064_r1_c1
ENCODING 1055254
SWIDTH 500 0
DWIDTH 32 0
BBX 32 64 0 -13
BITMAP
00000000
00000000
00000000
00000000
00000000
00000000
00000000
00000000
00000000
00000000
00000000
00000000
00000000
00000000
00000000
00000000
00000000
00000000
00000000
00000000
00000000
00000000
00000000
00000000
00000000
00000000
00000000
00000000
00003000
00003800
003F3C03
007FDE0F
003FFE3F
000FFE7F
000FFFFF
00FFFFFF
03FFFFFF
07FFFFFF
07FFFBFF
07FE01FF
000000FF
0000007F
0000007F
000000FF
000000FF
000001FF
000001FF
0000000C
00000000
00000000
00000000
00000000
00000000
00000000
00000000
00000000
00000000
00000000
00000000
00000000
00000000
00000000
00000000
00000000
ENDCHAR
STARTCHAR bird_pgf_4fd541ce_f000064_r1_c2
ENCODING 1055255
SWIDTH 500 0
DWIDTH 32 0
BBX 32 64 0 -13
BITMAP
00000000
00000000
00000000
00000000
00000000
00000000
00000000
00000000
00000000
00000000
00000000
00000000
00000000
00000000
00000000
00000000
00000000
00000000
00000000
00000000
00000000
00000000
00000000
00000000
00000000
00000000
003F8000
03FFC000
1FFF8000
FFFF8000
FFFFC000
FF9FC000
FF17E000
FF1FFE00
FF1FBF80
FFFFFF00
FFFFFC00
FFFFF800
FFFFE000
FFFFE000
FFFFC000
FFFFC000
FFFF8000
FFFF0000
FFFE0000
FFFC0000
FFF80000
FFE00000
0F000000
00000000
00000000
00000000
00000000
00000000
00000000
00000000
00000000
00000000
00000000
00000000
00000000
00000000
00000000
00000000
ENDCHAR
STARTCHAR bird_pgf_4fd541ce_f000065_r1_c1
ENCODING 1055256
SWIDTH 500 0
DWIDTH 32 0
BBX 32 64 0 -13
BITMAP
00000000
00000000
00000000
00000000
00000000
00000000
00000000
00000000
00000000
00000000
00000000
00000000
00000000
00000000
00000000
00000000
00000000
00000000
00000000
00000000
00000000
00000000
00000000
00000000
00000000
00000000
00000000
00000000
00003800
003E3C00
007FDC03
003FFE1F
001FFE3F
0007FFFF
007FFFFF
01FFFFFF
07FFFFFF
07FFFFFF
07FFC1FF
01E001FF
000000FF
0000007F
0000007F
000000FF
000001FF
000001FF
000000FF
00000000
00000000
00000000
00000000
00000000
00000000
00000000
00000000
00000000
00000000
00000000
00000000
00000000
00000000
00000000
00000000
00000000
ENDCHAR
STARTCHAR bird_pgf_4fd541ce_f000065_r1_c2
ENCODING 1055257
SWIDTH 500 0
DWIDTH 32 0
BBX 32 64 0 -13
BITMAP
00000000
00000000
00000000
00000000
00000000
00000000
00000000
00000000
00000000
00000000
00000000
00000000
00000000
00000000
00000000
00000000
00000000
00000000
00000000
00000000
00000000
00000000
00000000
00000000
00000000
00010000
00FF8000
07FFC000
3FFF8000
FFFF8000
FFFFC000
FF9FC000
FF17F800
FF1FFF00
FF1FBF80
FFFFFE00
FFFFF800
FFFFF000
FFFFE000
FFFFC000
FFFFC000
FFFF8000
FFFF8000
FFFF0000
FFFE0000
FFFC0000
FFF00000
7FC00000
00000000
00000000
00000000
00000000
00000000
00000000
00000000
00000000
00000000
00000000
00000000
00000000
00000000
00000000
00000000
00000000
ENDCHAR
STARTCHAR bird_pgf_4fd541ce_f000066_r1_c1
ENCODING 1055258
SWIDTH 500 0
DWIDTH 32 0
BBX 32 64 0 -13
BITMAP
00000000
00000000
00000000
00000000
00000000
00000000
00000000
00000000
00000000
00000000
00000000
00000000
00000000
00000000
00000000
00000000
00000000
00000000
00000000
00000000
00000000
00000000
00000000
00000000
00000000
00000000
00000000
00003000
00003800
003F9C01
003FDE07
001FFE1F
0007FE7F
003FFFFF
01FFFFFF
03FFFFFF
07FFFFFF
07FFFFFF
03FE01FF
000000FF
000000FF
0000007F
0000003F
0000007F
0000003F
0000003F
0000002D
00000000
00000000
00000000
00000000
00000000
00000000
00000000
00000000
00000000
00000000
00000000
00000000
00000000
00000000
00000000
00000000
00000000
ENDCHAR
STARTCHAR bird_pgf_4fd541ce_f000066_r1_c2
ENCODING 1055259
SWIDTH 500 0
DWIDTH 32 0
BBX 32 64 0 -13
BITMAP
00000000
00000000
00000000
00000000
00000000
00000000
00000000
00000000
00000000
00000000
00000000
00000000
00000000
00000000
00000000
00000000
00000000
00000000
00000000
00000000
00000000
00000000
00000000
00000000
00000000
00078000
00FFC000
0FFFC000
3FFF8000
FFFFC000
FFDFC000
FF1FE000
FF17F800
FF1FFF80
FF1FBF80
FFFFFC00
FFFFF800
FFFFF000
FFFFE000
FFFFC000
FFFFC000
FFFF8000
FFFF8000
FFFF0000
FFFE0000
FFFE0000
FFFE0000
FFFF0000
FFFF8000
FFFFC000
FFFFC000
FFFFC000
6FFFC000
0FFFE000
07FEE000
07FE0000
03DC0000
01CC0000
00000000
00000000
00000000
00000000
00000000
00000000
ENDCHAR
STARTCHAR bird_pgf_4fd541ce_f000067_r1_c1
ENCODING 1055260
SWIDTH 500 0
DWIDTH 32 0
BBX 32 64 0 -13
BITMAP
00000000
00000000
00000000
00000000
00000000
00000000
00000000
00000000
00000000
00000000
00000000
00000000
00000000
00000000
00000000
00000000
00000000
00000000
00000000
00000000
00000000
00000000
00000000
00000000
00000000
00000000
00000000
00003000
003E3800
003F9C01
003FFE07
000FFE1F
0007FE7F
00FFFFFF
03FFFFFF
07FFFFFF
07FFFFFF
07FFFFFF
000001FF
000000FF
000000FF
0000007F
0000003F
0000007F
0000003F
0000003F
0000002D
00000000
00000000
00000000
00000000
00000000
00000000
00000000
00000000
00000000
00000000
00000000
00000000
00000000
00000000
00000000
00000000
00000000
ENDCHAR
STARTCHAR bird_pgf_4fd541ce_f000067_r1_c2
ENCODING 1055261
SWIDTH 500 0
DWIDTH 32 0
BBX 32 64 0 -13
BITMAP
00000000
00000000
00000000
00000000
00000000
00000000
00000000
00000000
00000000
00000000
00000000
00000000
00000000
00000000
00000000
00000000
00000000
00000000
00000000
00000000
00000000
00000000
00000000
00000000
00000000
000F8000
01FFC000
0FFF8000
3FFF8000
FFFFC000
FFDFC000
FF1FE000
FF17F800
FF1FFF80
FF1FBF80
FFFFFC00
FFFFF800
FFFFF000
FFFFE000
FFFFC000
FFFFC000
FFFF8000
FFFF8000
FFFF0000
FFFE0000
FFFE0000
FFFE0000
FFFF0000
FFFF8000
FFFFC000
FFFFC000
FFFFC000
6FFFE000
0FFFE000
07FEE000
03FE0000
03DC0000
00CC0000
00000000
00000000
00000000
00000000
00000000
00000000
ENDCHAR
STARTCHAR bird_pgf_4fd541ce_f000068_r1_c1
ENCODING 1055262
SWIDTH 500 0
DWIDTH 32 0
BBX 32 64 0 -13
BITMAP
00000000
00000000
00000000
00000000
00000000
00000000
00000000
00000000
00000000
00000000
00000000
00000000
00000000
00000000
00000000
00000000
00000000
00000000
00000000
00000000
00000000
00000000
00000000
00000000
00000000
00000000
00000000
00003000
003E3800
003F9C01
001FFE07
000FFE1F
0007FE7F
01FFFFFF
03FFFFFF
07FFFFFF
07FFFFFF
03FFFFFF
000001FF
000000FF
000000FF
0000007F
0000003F
0000007F
0000003F
0000003F
0000003F
0000001F
0000001F
0000000F
00000001
00000001
00000000
00000000
00000000
00000000
00000000
00000000
00000000
00000000
00000000
00000000
00000000
00000000
ENDCHAR
STARTCHAR bird_pgf_4fd541ce_f000068_r1_c2
ENCODING 1055263
SWIDTH 500 0
DWIDTH 32 0
BBX 32 64 0 -13
BITMAP
00000000
00000000
00000000
00000000
00000000
00000000
00000000
00000000
00000000
00000000
00000000
00000000
00000000
00000000
00000000
00000000
00000000
00000000
00000000
00000000
00000000
00000000
00000000
00000000
00000000
00078000
00FFC000
0FFF8000
3FFF8000
FFFFC000
FFFFC000
FF1FE000
FF17F800
FF1FFF80
FF1FBF80
FFFFFC00
FFFFF800
FFFFF000
FFFFE000
FFFFC000
FFFFC000
FFFF8000
FFFF8000
FFFF0000
FFFE0000
FFFC0000
FFF00000
FFE00000
FFE00000
FFF00000
FF780000
FE300000
EF000000
06000000
00000000
00000000
00000000
00000000
00000000
00000000
00000000
00000000
00000000
00000000
ENDCHAR
STARTCHAR bird_pgf_4fd541ce_f000069_r1_c1
ENCODING 1055264
SWIDTH 500 0
DWIDTH 32 0
BBX 32 64 0 -13
BITMAP
00000000
00000000
00000000
00000000
00000000
00000000
00000000
00000000
00000000
00000000
00000000
00000000
00000000
00000000
00000000
00000000
00000000
00000000
00000000
00000000
00000000
00000000
00000000
00000000
00000000
00000000
00000000
00000000
00003800
003F3C03
003FDC0F
001FFE1F
0007FE3F
00FFFE7F
03FFFFFF
07FFFFFF
07FFFFFF
03FFFFFF
000003FF
000001FF
000000FF
0000007F
0000003F
0000003F
0000007F
0000003F
0000003F
00000004
00000000
00000000
00000000
00000000
00000000
00000000
00000000
00000000
00000000
00000000
00000000
00000000
00000000
00000000
00000000
00000000
ENDCHAR
STARTCHAR bird_pgf_4fd541ce_f000069_r1_c2
ENCODING 1055265
SWIDTH 500 0
DWIDTH 32 0
BBX 32 64 0 -13
BITMAP
00000000
00000000
00000000
00000000
00000000
00000000
00000000
00000000
00000000
00000000
00000000
00000000
00000000
00000000
00000000
00000000
00000000
00000000
00000000
00000000
00000000
00000000
00000000
00000000
00000000
00018000
003F8000
03FFC000
1FFF8000
FFFF8000
FFFFC000
FF9FC000
FF1FE000
FF1FFE00
FF1FBF80
FFFFFF00
FFFFFC00
FFFFF800
FFFFE000
FFFFE000
FFFFC000
FFFFC000
FFFF8000
FFFF0000
FFFE0000
FFFC0000
FFF80000
FFE00000
1F000000
00000000
00000000
00000000
00000000
00000000
00000000
00000000
00000000
00000000
00000000
00000000
00000000
00000000
00000000
00000000
ENDCHAR
STARTCHAR bird_pgf_4fd541ce_f000070_r1_c1
ENCODING 1055266
SWIDTH 500 0
DWIDTH 32 0
BBX 32 64 0 -13
BITMAP
00000000
00000000
00000000
00000000
00000000
00000000
00000000
00000000
00000000
00000000
00000000
00000000
00000000
00000000
00000000
00000000
00000000
00000000
00000000
00000000
00000000
00000000
00000000
00000000
00000000
00000000
00000000
00000000
00003000
001C3801
003FBC07
003FFC1F
000FFE3F
001FFE7F
01FFFFFF
07FFFFFF
07FFFFFF
07FFFFFF
01FFFFFF
000001FF
000000FF
000000FF
0000007F
0000003F
0000007F
0000003F
0000003F
0000003D
00000000
00000000
00000000
00000000
00000000
00000000
00000000
00000000
00000000
00000000
00000000
00000000
00000000
00000000
00000000
00000000
ENDCHAR
STARTCHAR bird_pgf_4fd541ce_f000070_r1_c2
ENCODING 1055267
SWIDTH 500 0
DWIDTH 32 0
BBX 32 64 0 -13
BITMAP
00000000
00000000
00000000
00000000
00000000
00000000
00000000
00000000
00000000
00000000
00000000
00000000
00000000
00000000
00000000
00000000
00000000
00000000
00000000
00000000
00000000
00000000
00000000
00000000
00000000
00000000
00078000
00FFC000
0FFF8000
BFFF8000
FFFFC000
FFFFC000
FF1FE000
FF17F800
FF1FFF80
FF1FBF80
FFFFFC00
FFFFF800
FFFFF000
FFFFE000
FFFFC000
FFFFC000
FFFF8000
FFFF8000
FFFF0000
FFFE0000
FFFC0000
FFF00000
7FC00000
00000000
00000000
00000000
00000000
00000000
00000000
00000000
00000000
00000000
00000000
00000000
00000000
00000000
00000000
00000000
ENDCHAR
STARTCHAR bird_pgf_4fd541ce_f000071_r1_c1
ENCODING 1055268
SWIDTH 500 0
DWIDTH 32 0
BBX 32 64 0 -13
BITMAP
00000000
00000000
00000000
00000000
00000000
00000000
00000000
00000000
00000000
00000000
00000000
00000000
00000000
00000000
00000000
00000000
00000000
00000000
00000000
00000000
00000000
00000000
00000000
00000000
000001FE
000007FF
00001FFF
00001FFF
00000FFF
00003BFF
003E3A1F
007FBC1F
003FFE0F
000FFE3F
007FFEFF
03FFFFFF
07FFFFFF
07FFFFFF
07FFFFFF
00FF01FF
000001FF
000000FF
0000007F
0000003F
0000007F
0000007F
0000003F
0000003F
00000008
00000000
00000000
00000000
00000000
00000000
00000000
00000000
00000000
00000000
00000000
00000000
00000000
00000000
00000000
00000000
ENDCHAR
STARTCHAR bird_pgf_4fd541ce_f000071_r1_c2
ENCODING 1055269
SWIDTH 500 0
DWIDTH 32 0
BBX 32 64 0 -13
BITMAP
00000000
00000000
00000000
00000000
00000000
00000000
00000000
00000000
00000000
00000000
00000000
00000000
00000000
00000000
00000000
00000000
00000000
00000000
00000000
00000000
00000000
00000000
00000000
00000000
00000000
E0000000
F8038000
FC7F8000
FFFFC000
FFFF8000
FFFF8000
FFFFC000
FF9FC000
FF17E000
FF1FFE00
FF1FBF80
FFFFFE00
FFFFFC00
FFFFF800
FFFFE000
FFFFE000
FFFFC000
FFFFC000
FFFF8000
FFFF0000
FFFE0000
FFFC0000
FFF80000
FFE00000
0E000000
00000000
00000000
00000000
00000000
00000000
00000000
00000000
00000000
00000000
00000000
00000000
00000000
00000000
00000000
ENDCHAR
STARTCHAR bird_pgf_4fd541ce_f000072_r1_c1
ENCODING 1055270
SWIDTH 500 0
DWIDTH 32 0
BBX 32 64 0 -13
BITMAP
00000000
00000000
00000000
00000000
00000000
00000000
00000000
00000000
00000000
00000000
00000000
00000000
00000000
00000000
00000000
00000000
00000000
00000000
00000000
00000000
00000000
00000000
00000000
00000000
0000007C
000007FF
00000FFF
00001FFF
00001FFF
00002FFF
00007B7F
003F3C1F
007FFC0F
003FFE1F
000FFE7F
00FFFFFF
03FFFFFF
07FFFFFF
07FFFFFF
03FFFBFF
000001FF
000000FF
0000007F
0000007F
0000003F
0000007F
0000003F
0000003F
0000000D
00000000
00000000
00000000
00000000
00000000
00000000
00000000
00000000
00000000
00000000
00000000
00000000
00000000
00000000
00000000
ENDCHAR
STARTCHAR bird_pgf_4fd541ce_f000072_r1_c2
ENCODING 1055271
SWIDTH 500 0
DWIDTH 32 0
BBX 32 64 0 -13
BITMAP
00000000
00000000
00000000
00000000
00000000
00000000
00000000
00000000
00000000
00000000
00000000
00000000
00000000
00000000
00000000
00000000
00000000
00000000
00000000
00000000
00000000
00000000
00000000
00000000
00000000
00000000
F0000000
FC1F8000
FDFFC000
FFFFC000
FFFF8000
FFFFC000
FF9FC000
FF1FE000
FF1FFC00
FF1FFF80
FFCFBF80
FFFFFC00
FFFFF800
FFFFF000
FFFFE000
FFFFC000
FFFFC000
FFFF8000
FFFF8000
FFFF0000
FFFE0000
FFF80000
FFF00000
3F800000
00000000
00000000
00000000
00000000
00000000
00000000
00000000
00000000
00000000
00000000
00000000
00000000
00000000
00000000
ENDCHAR
STARTCHAR bird_pgf_4fd541ce_f000073_r1_c1
ENCODING 1055272
SWIDTH 500 0
DWIDTH 32 0
BBX 32 64 0 -13
BITMAP
00000000
00000000
00000000
00000000
00000000
00000000
00000000
00000000
00000000
00000003
00000003
00000007
00000037
0000003F
0000003F
0000003F
0000007F
0000007F
0000007F
0000003F
0000003F
000000FF
000000FF
000000FF
000000FF
000000FF
0000007F
0000007F
0000003F
0000003F
0000701F
001C380F
007FBC0F
007FFE1F
001FFE7F
001FFFFF
01FFFFFF
03FFFFFF
07FFFFFF
07FFFFFF
03FF01FF
000000FF
000000FF
0000007F
0000003F
0000007F
0000003F
0000007F
0000002D
00000000
00000000
00000000
00000000
00000000
00000000
00000000
00000000
00000000
00000000
00000000
00000000
00000000
00000000
00000000
ENDCHAR
STARTCHAR bird_pgf_4fd541ce_f000073_r1_c2
ENCODING 1055273
SWIDTH 500 0
DWIDTH 32 0
BBX 32 64 0 -13
BITMAP
00000000
00000000
00000000
00000000
00000000
00000000
00000000
00000000
00000000
00000000
00000000
80000000
98000000
98000000
BC000000
FC000000
FC000000
FC000000
FE000000
FE000000
FE000000
FE000000
FE000000
FE000000
FE000000
FE000000
FE000000
FF078000
FFFF8000
FFFFC000
FFFF8000
FFFFC000
FFDFC000
FF1FE000
FF17F800
FF1FFF80
FF1FBF80
FFFFFC00
FFFFF800
FFFFF000
FFFFE000
FFFFC000
FFFFC000
FFFF8000
FFFF8000
FFFF0000
FFFE0000
FFFC0000
FFF00000
7FC00000
00000000
00000000
00000000
00000000
00000000
00000000
00000000
00000000
00000000
00000000
00000000
00000000
00000000
00000000
ENDCHAR
STARTCHAR bird
ENCODING 1055274
SWIDTH 500 0
DWIDTH 64 0
BBX 64 64 0 -13
BITMAP
0000000000000000
0000000000000000
0000000000000000
0000000000000000
0000000000000000
0000000000000000
0000000000000000
0000000180000000
0000000380000000
0000000380000000
0000003380000000
0000003F86000000
0000007F8E000000
0000007F8E000000
0000007FEE000000
0000007FFE000000
0000007FFE000000
0000007FFF800000
0000007FFF800000
0000007FFF800000
0000007FFF800000
0000007FFF800000
000001FFFF800000
000001FFFF800000
000001FFFF800000
000001FFFF800000
000001FFFF800000
000000FFFFC00000
000000FFFFC00000
000000FFFFC07C00
0000007FFFDFFC00
0000003FFFFFFC00
0001803FFFFFFC00
0001C01FFFFFFC00
0001E00FFFFFFC00
03F8F007FFF1FE00
07FF780FFFE1FE00
07FFF83FFFC27F80
01FFFCFFFFC3FFF0
007FFFFFFFC3FFFE
01FFFFFFFFC1FFFE
0FFFFFFFFFFFFFF0
3FFFFFFFFFFFFFE0
7FFFFFFFFFFFFFC0
FFFFE7FFFFFFFF80
FFFE03FFFFFFFE00
7FC001FFFFFFFE00
000001FFFFFFFE00
000000FFFFFFFC00
0000007FFFFFFC00
0000007FFFFFF800
000000FFFFFFF000
0000007FFFFFE000
0000007FFFFFC000
0000007FFFFF0000
0000000CFFFE0000
000000001FF00000
0000000000000000
0000000000000000
0000000000000000
0000000000000000
0000000000000000
0000000000000000
0000000000000000
ENDCHAR
ENDFONT
