STARTFONT 2.1
FONT -misc-circle1-medium-r-normal--64-640-75-75-c-320-iso10646-1
SIZE 64 75 75
FONTBOUNDINGBOX 32 64 0 -13
STARTPROPERTIES 2
FONT_ASCENT 51
FONT_DESCENT 13
ENDPROPERTIES
CHARS 162
STARTCHAR circle1_pgf_f095652a_f000001_r1_c1
ENCODING 1055275
SWIDTH 500 0
DWIDTH 32 0
BBX 32 64 0 -13
BITMAP
00000000
00000000
00000000
00000000
00000000
00000000
00000000
00000000
00000000
00000000
0000000E
000003CF
000003CE
000003C4
00084000
00201000
00420800
00878400
00078200
01070780
01000780
00000780
03800300
07800000
07E30000
03804200
0E002000
0E001400
0E001800
0E103000
08000800
08000800
08000800
08000800
08F01800
04F03800
04F03800
02003800
0180C000
00630000
00000000
00000000
00000000
00030000
00078000
00078000
00031800
00003C00
00001C00
00001800
00000380
000003CE
000003DE
0000001E
0000000C
00000000
00000000
00000000
00000000
00000000
00000000
00000000
00000000
00000000
ENDCHAR
STARTCHAR circle1_pgf_f095652a_f000001_r1_c2
ENCODING 1055276
SWIDTH 500 0
DWIDTH 32 0
BBX 32 64 0 -13
BITMAP
00000000
00000000
00000000
00000000
00000000
00000000
00000000
00000000
00000000
30000000
78000000
7BC00000
73C00000
03CC0000
001E0000
001E0000
001C0000
0000C000
0001E000
0001E000
0001C000
00000000
00003800
00007C00
00003800
00003800
00000000
00000C00
00001E00
00001E00
00001E00
00000000
00000000
00001E00
00001E00
00001E00
00000C00
00000000
00003800
00003800
00003C00
00003800
00000000
0001C000
0001E000
0001E000
0000C000
001C0000
001E0000
009E0000
03CC0000
73C00000
7BC00000
78800000
30000000
00000000
00000000
00000000
00000000
00000000
00000000
00000000
00000000
00000000
ENDCHAR
STARTCHAR circle1_pgf_f095652a_f000002_r1_c1
ENCODING 1055277
SWIDTH 500 0
DWIDTH 32 0
BBX 32 64 0 -13
BITMAP
00000000
00000000
00000000
00000000
00000000
00000000
00000000
00000000
00000000
00000000
00000006
000003CF
000003CF
000003CE
000FE000
00201000
00430800
00878400
00078200
01070000
01000380
07800780
07800780
07800300
03410000
07004200
0F802400
0F400400
06601800
00103000
08078800
08000800
08000800
08600800
00700800
04F03000
04707000
02007800
01007000
00410000
00000000
00000000
00000000
00030000
00078000
00038000
00031000
00003800
00003C00
00001800
00000380
000003CC
000003DE
0000001E
0000000C
00000000
00000000
00000000
00000000
00000000
00000000
00000000
00000000
00000000
ENDCHAR
STARTCHAR circle1_pgf_f095652a_f000002_r1_c2
ENCODING 1055278
SWIDTH 500 0
DWIDTH 32 0
BBX 32 64 0 -13
BITMAP
00000000
00000000
00000000
00000000
00000000
00000000
00000000
00000000
00000000
30000000
78000000
7BC00000
73C00000
03CC0000
001E0000
001E0000
001C0000
0000C000
0001E000
0001E000
0001C000
00000000
00003800
00007C00
00003800
00003800
00000000
00000C00
00001E00
00001E00
00001E00
00000000
00000000
00001E00
00001E00
00001E00
00000C00
00000000
00003800
00003800
00003C00
00003800
00000000
0001C000
0001E000
0001E000
0000C000
001C0000
001E0000
009E0000
03CC0000
73C00000
7BC00000
78800000
30000000
00000000
00000000
00000000
00000000
00000000
00000000
00000000
00000000
00000000
ENDCHAR
STARTCHAR circle1_pgf_f095652a_f000003_r1_c1
ENCODING 1055279
SWIDTH 500 0
DWIDTH 32 0
BBX 32 64 0 -13
BITMAP
00000000
00000000
00000000
00000000
00000000
00000000
00000000
00000000
00000000
00000000
00000000
000003CF
000003CF
000003CF
001FE006
00301000
00470800
00870400
00070200
03020200
07800000
07800300
03800780
00000780
03800300
07804200
07802600
03C00400
00601800
00187000
00078000
00000000
00000000
00700000
00700000
00780000
00706000
0000F000
0000F000
0000E000
00000000
00000000
00000000
00030000
00078000
00078000
00030000
00003800
00003C00
00003800
00000380
000003CC
000003DE
0000001E
0000000C
00000000
00000000
00000000
00000000
00000000
00000000
00000000
00000000
00000000
ENDCHAR
STARTCHAR circle1_pgf_f095652a_f000003_r1_c2
ENCODING 1055280
SWIDTH 500 0
DWIDTH 32 0
BBX 32 64 0 -13
BITMAP
00000000
00000000
00000000
00000000
00000000
00000000
00000000
00000000
00000000
30000000
78000000
7BC00000
73C00000
03CC0000
001E0000
001E0000
001C0000
0000C000
0001E000
0001E000
0001C000
00000000
00003800
00007C00
00003800
00003800
00000000
00000C00
00001E00
00001E00
00001E00
00000000
00000000
00001E00
00001E00
00001E00
00000C00
00000000
00003800
00003800
00003C00
00003800
00000000
0001C000
0001E000
0001E000
0000C000
001C0000
001E0000
009E0000
03CC0000
73C00000
7BC00000
78800000
30000000
00000000
00000000
00000000
00000000
00000000
00000000
00000000
00000000
00000000
ENDCHAR
STARTCHAR circle1_pgf_f095652a_f000004_r1_c1
ENCODING 1055281
SWIDTH 500 0
DWIDTH 32 0
BBX 32 64 0 -13
BITMAP
00000000
00000000
00000000
00000000
00000000
00000000
00000000
00000000
00000000
00000000
00000000
000003C6
000003CF
000003CF
001DE007
00371000
004F0800
00870400
03870200
07800200
07800200
03800100
00000300
01800780
03C00780
03C00780
03C00600
00C00400
00601800
00187000
00078000
00000000
00000000
00300000
00780000
00780000
00300000
0000E000
0001E000
0001E000
0000C000
00000000
00000000
00030000
00078000
00078000
00030000
00003800
00003800
00003800
00000380
000003CC
000003DE
0000001E
0000000C
00000000
00000000
00000000
00000000
00000000
00000000
00000000
00000000
00000000
ENDCHAR
STARTCHAR circle1_pgf_f095652a_f000004_r1_c2
ENCODING 1055282
SWIDTH 500 0
DWIDTH 32 0
BBX 32 64 0 -13
BITMAP
00000000
00000000
00000000
00000000
00000000
00000000
00000000
00000000
00000000
30000000
78000000
7BC00000
73C00000
03CC0000
009E0000
001E0000
001C0000
0000C000
0001E000
0001E000
0001C000
00000000
00003800
00007C00
00003800
00003800
00000000
00000C00
00001E00
00001E00
00001E00
00000000
00000000
00001E00
00001E00
00001E00
00000C00
00000000
00003800
00003800
00003C00
00003800
00000000
0001C000
0001E000
0001E000
0000C000
001C0000
001E0000
009E0000
03CC0000
73C00000
7BC00000
78800000
30000000
00000000
00000000
00000000
00000000
00000000
00000000
00000000
00000000
00000000
ENDCHAR
STARTCHAR circle1_pgf_f095652a_f000005_r1_c1
ENCODING 1055283
SWIDTH 500 0
DWIDTH 32 0
BBX 32 64 0 -13
BITMAP
00000000
00000000
00000000
00000000
00000000
00000000
00000000
00000000
00000000
00000000
00000100
000003C0
000003C6
0000038F
001FE00F
002F1006
004F0800
03870400
03C00200
03C00200
01800200
00000100
02000100
01C00100
01E00700
01E00F00
00C00700
00400600
00601800
00187000
0007C000
00000000
00000000
00300000
00780000
00780000
00300000
00018000
0003C000
0003C000
0001C000
00000000
00000000
00030000
00078000
00078000
00030000
00003800
00007800
00003800
00001380
000003CC
000003DE
0000001E
0000000C
00000000
00000000
00000000
00000000
00000000
00000000
00000000
00000000
00000000
ENDCHAR
STARTCHAR circle1_pgf_f095652a_f000005_r1_c2
ENCODING 1055284
SWIDTH 500 0
DWIDTH 32 0
BBX 32 64 0 -13
BITMAP
00000000
00000000
00000000
00000000
00000000
00000000
00000000
00000000
00000000
30000000
78000000
7BC00000
73C00000
03CC0000
019E0000
001E0000
001C0000
0000C000
0001E000
0001E000
0001C000
00000000
00003800
00007C00
00003800
00003800
00000000
00000C00
00001E00
00001E00
00001E00
00000000
00000000
00001E00
00001E00
00001E00
00000C00
00000000
00003800
00003800
00003C00
00003800
00000000
0001C000
0001E000
0001E000
0000C000
001C0000
001E0000
009E0000
03CC0000
73C00000
7BC00000
78800000
30000000
00000000
00000000
00000000
00000000
00000000
00000000
00000000
00000000
00000000
ENDCHAR
STARTCHAR circle1_pgf_f095652a_f000006_r1_c1
ENCODING 1055285
SWIDTH 500 0
DWIDTH 32 0
BBX 32 64 0 -13
BITMAP
00000000
00000000
00000000
00000000
00000000
00000000
00000000
00000000
00000000
00000000
00000180
000003C0
000003C0
00070182
000FE007
00EF100F
01E60807
01E00400
01C00200
01000200
01000200
01000100
03600100
00F00300
01F00200
01F00200
00800E00
00C01E00
00601E00
00187400
00078000
00000000
00000000
00300000
00780000
00780000
00300000
00000000
00030000
00078000
00078000
00030000
00000000
00030000
00078000
00078000
00030000
00003000
00007800
00003800
00001380
000003CC
000003DE
0000001E
0000000C
00000000
00000000
00000000
00000000
00000000
00000000
00000000
00000000
00000000
ENDCHAR
STARTCHAR circle1_pgf_f095652a_f000006_r1_c2
ENCODING 1055286
SWIDTH 500 0
DWIDTH 32 0
BBX 32 64 0 -13
BITMAP
00000000
00000000
00000000
00000000
00000000
00000000
00000000
00000000
00000000
30000000
78000000
79C00000
73C00000
03CC0000
019E0000
001E0000
001C0000
0000C000
0001E000
0001E000
0001C000
00000000
00003800
00007C00
00003800
00003800
00000000
00000C00
00001E00
00001E00
00001E00
00000000
00000000
00001E00
00001E00
00001E00
00000C00
00000000
00003800
00003800
00003C00
00003800
00000000
0001C000
0001E000
0001E000
0000C000
001C0000
001E0000
009E0000
03CC0000
73C00000
7BC00000
78800000
30000000
00000000
00000000
00000000
00000000
00000000
00000000
00000000
00000000
00000000
ENDCHAR
STARTCHAR circle1_pgf_f095652a_f000007_r1_c1
ENCODING 1055287
SWIDTH 500 0
DWIDTH 32 0
BBX 32 64 0 -13
BITMAP
00000000
00000000
00000000
00000000
00000000
00000000
00000000
00000000
00000000
00000000
00000180
000003C0
000703C0
000F0180
007FE002
00F63007
00F0080F
00E00407
01000200
01000200
01000200
01000100
01300100
01780300
01780200
01700200
00800600
00C01C00
00603C00
00183C00
00078800
00000000
00000000
00300000
00780000
00780000
00300000
00000000
00070000
000F0000
00070000
00060000
00000000
00030000
00078000
00078000
00030000
00003000
00007800
00003800
00001380
000003CC
000003DE
0000001E
0000000C
00000000
00000000
00000000
00000000
00000000
00000000
00000000
00000000
00000000
ENDCHAR
STARTCHAR circle1_pgf_f095652a_f000007_r1_c2
ENCODING 1055288
SWIDTH 500 0
DWIDTH 32 0
BBX 32 64 0 -13
BITMAP
00000000
00000000
00000000
00000000
00000000
00000000
00000000
00000000
00000000
30000000
78000000
79800000
73C00000
03CC0000
019E0000
001E0000
001C0000
0000C000
0001E000
0001E000
0001C000
00000000
00003800
00007C00
00003800
00003800
00000000
00000C00
00001E00
00001E00
00001E00
00000000
00000000
00001E00
00001E00
00001E00
00000C00
00000000
00003800
00003800
00003C00
00003800
00000000
0001C000
0001E000
0001E000
0000C000
001C0000
001E0000
009E0000
03CC0000
73C00000
7BC00000
78800000
30000000
00000000
00000000
00000000
00000000
00000000
00000000
00000000
00000000
00000000
ENDCHAR
STARTCHAR circle1_pgf_f095652a_f000008_r1_c1
ENCODING 1055289
SWIDTH 500 0
DWIDTH 32 0
BBX 32 64 0 -13
BITMAP
00000000
00000000
00000000
00000000
00000000
00000000
00000000
00000000
00004000
00008000
00000380
000703C0
000703C0
00370180
007FE000
00781000
0078080E
0080040F
0000020F
01010204
01008008
00004000
00300100
01780300
01780200
01300200
00800400
00C03400
00607800
00107800
0007F800
00000000
00000000
00380000
00780000
00780000
00300000
00000000
00060000
000F0000
000F0000
00060000
00000000
00030000
00078000
00078000
00030000
00003000
00007800
00003800
00001380
000003CC
000003DE
0000001E
0000000C
00000000
00000000
00000000
00000000
00000000
00000000
00000000
00000000
00000000
ENDCHAR
STARTCHAR circle1_pgf_f095652a_f000008_r1_c2
ENCODING 1055290
SWIDTH 500 0
DWIDTH 32 0
BBX 32 64 0 -13
BITMAP
00000000
00000000
00000000
00000000
00000000
00000000
00000000
00000000
00000000
30000000
78000000
79800000
73C00000
03CC0000
03DE0000
001E0000
001C0000
0000C000
0001E000
0001E000
0001C000
00000000
00003800
00007C00
00003800
00003800
00000000
00000C00
00001E00
00001E00
00001E00
00000000
00000000
00001E00
00001E00
00001E00
00000C00
00000000
00003800
00003800
00003C00
00003800
00000000
0001C000
0001E000
0001E000
0000C000
001C0000
001E0000
009E0000
03CC0000
73C00000
7BC00000
78800000
30000000
00000000
00000000
00000000
00000000
00000000
00000000
00000000
00000000
00000000
ENDCHAR
STARTCHAR circle1_pgf_f095652a_f000009_r1_c1
ENCODING 1055291
SWIDTH 500 0
DWIDTH 32 0
BBX 32 64 0 -13
BITMAP
00000000
00000000
00000000
00000000
00000000
00000000
00000000
000018C0
00004030
00008180
000783C8
000783C4
00038180
001E0000
003EC000
003C1000
00480800
0082040E
0000021E
0101020E
0100800C
00004010
00383140
003C0300
013C0000
01380200
00800000
00000400
0020E800
0010F000
0002F000
00006000
00000000
00380000
00780000
00780000
00300000
00000000
000C0000
000E0000
000E0000
000E0000
00000000
00030000
00078000
00078000
00030000
00003000
00007800
00003800
00001380
000003CC
000003DE
0000001E
0000000C
00000000
00000000
00000000
00000000
00000000
00000000
00000000
00000000
00000000
ENDCHAR
STARTCHAR circle1_pgf_f095652a_f000009_r1_c2
ENCODING 1055292
SWIDTH 500 0
DWIDTH 32 0
BBX 32 64 0 -13
BITMAP
00000000
00000000
00000000
00000000
00000000
00000000
00000000
00000000
00000000
30000000
78000000
78000000
73C00000
03CC0000
03DE0000
019E0000
001C0000
0000C000
0001E000
0001E000
0001C000
00000000
00003800
00007C00
00003800
00003800
00000000
00000C00
00001E00
00001E00
00001E00
00000000
00000000
00001E00
00001E00
00001E00
00000C00
00000000
00003800
00003800
00003C00
00003800
00000000
0001C000
0001E000
0001E000
0000C000
001C0000
001E0000
009E0000
03CC0000
73C00000
7BC00000
78800000
30000000
00000000
00000000
00000000
00000000
00000000
00000000
00000000
00000000
00000000
ENDCHAR
STARTCHAR circle1_pgf_f095652a_f000010_r1_c1
ENCODING 1055293
SWIDTH 500 0
DWIDTH 32 0
BBX 32 64 0 -13
BITMAP
00000000
00000000
00000000
00000000
00000000
00000000
00000000
00003FC0
0001C030
0003C1D8
0003C3C8
000181C4
00060004
000F0002
000F0002
00060002
00000002
00020004
0002000C
0001001C
0000803C
0000403C
001839C0
003C0700
003C0000
00180000
00000000
00000000
00018000
0003C000
0003C000
0001C000
00000000
00380000
00780000
00780000
00300000
00000000
000C0000
001E0000
001E0000
000C0000
00000000
00030000
00078000
00078000
00030000
00003000
00007800
00003800
00001380
000003CC
000003DE
0000001E
0000000C
00000000
00000000
00000000
00000000
00000000
00000000
00000000
00000000
00000000
ENDCHAR
STARTCHAR circle1_pgf_f095652a_f000010_r1_c2
ENCODING 1055294
SWIDTH 500 0
DWIDTH 32 0
BBX 32 64 0 -13
BITMAP
00000000
00000000
00000000
00000000
00000000
00000000
00000000
00000000
00000000
30000000
78000000
78000000
70000000
03CC0000
03DE0000
03DE0000
011C0000
0000C000
0001E000
0001E000
0001C000
00000000
00003800
00007C00
00003800
00003800
00000000
00000C00
00001E00
00001E00
00001E00
00000000
00000000
00001E00
00001E00
00001E00
00000C00
00000000
00003800
00003800
00003C00
00003800
00000000
0001C000
0001E000
0001E000
0000C000
001C0000
001E0000
009E0000
03CC0000
73C00000
7BC00000
78800000
30000000
00000000
00000000
00000000
00000000
00000000
00000000
00000000
00000000
00000000
ENDCHAR
STARTCHAR circle1_pgf_f095652a_f000011_r1_c1
ENCODING 1055295
SWIDTH 500 0
DWIDTH 32 0
BBX 32 64 0 -13
BITMAP
00000000
00000000
00000000
00000000
00000000
00000000
00000000
0000FCC0
0001E1F0
0001E3D8
0001C1C8
00000184
00030004
00078002
00078002
00030002
00000002
00020004
00020004
0001001C
00008038
00004078
001C39F8
003C0F00
003C0000
00180000
00000000
00000000
00030000
00078000
00078000
00038000
00000000
00380000
00780000
00780000
00300000
00000000
000C0000
001E0000
001E0000
000C0000
00000000
00030000
00078000
00078000
00030000
00003000
00007800
00003800
00001380
000003CC
000003DE
0000001E
0000000C
00000000
00000000
00000000
00000000
00000000
00000000
00000000
00000000
00000000
ENDCHAR
STARTCHAR circle1_pgf_f095652a_f000011_r1_c2
ENCODING 1055296
SWIDTH 500 0
DWIDTH 32 0
BBX 32 64 0 -13
BITMAP
00000000
00000000
00000000
00000000
00000000
00000000
00000000
00000000
00000000
30000000
78000000
78000000
30000000
018C0000
03DE0000
03DE0000
039C0000
0000C000
0001E000
0001E000
0001C000
00000000
00003800
00007C00
00003800
00003800
00000000
00000C00
00001E00
00001E00
00001E00
00000000
00000000
00001E00
00001E00
00001E00
00000C00
00000000
00003800
00003800
00003C00
00003800
00000000
0001C000
0001E000
0001E000
0000C000
001C0000
001E0000
009E0000
03CC0000
73C00000
7BC00000
78800000
30000000
00000000
00000000
00000000
00000000
00000000
00000000
00000000
00000000
00000000
ENDCHAR
STARTCHAR circle1_pgf_f095652a_f000012_r1_c1
ENCODING 1055297
SWIDTH 500 0
DWIDTH 32 0
BBX 32 64 0 -13
BITMAP
00000000
00000000
00000000
00000000
00000000
00000000
00007000
00007DC0
0000F1F0
0000F1F8
000101C8
00020004
00038004
0003C002
0003C002
00038002
00020002
00020004
00020004
0001000C
00008068
000040F0
001C38F0
003C0F60
003C0000
001C0000
00000000
00000000
00060000
000F0000
000F0000
00070000
00000000
00380000
00780000
00780000
00300000
00000000
000C0000
001C0000
001C0000
001C0000
00000000
00030000
00078000
00078000
00030000
00003000
00007800
00003800
00001380
000003CC
000003DE
0000001E
0000000C
00000000
00000000
00000000
00000000
00000000
00000000
00000000
00000000
00000000
ENDCHAR
STARTCHAR circle1_pgf_f095652a_f000012_r1_c2
ENCODING 1055298
SWIDTH 500 0
DWIDTH 32 0
BBX 32 64 0 -13
BITMAP
00000000
00000000
00000000
00000000
00000000
00000000
00000000
00000000
00000000
70000000
78000000
78000000
30000000
000C0000
039E0000
079E0000
079C0000
0380C000
0001E000
0001E000
0001C000
00000000
00003800
00007C00
00003800
00003800
00000000
00000C00
00001E00
00001E00
00001E00
00000000
00000000
00001E00
00001E00
00001E00
00000C00
00000000
00003800
00003800
00003C00
00003800
00000000
0001C000
0001E000
0001E000
0000C000
001C0000
001E0000
009E0000
03CC0000
73C00000
7BC00000
78800000
30000000
00000000
00000000
00000000
00000000
00000000
00000000
00000000
00000000
00000000
ENDCHAR
STARTCHAR circle1_pgf_f095652a_f000013_r1_c1
ENCODING 1055299
SWIDTH 500 0
DWIDTH 32 0
BBX 32 64 0 -13
BITMAP
00000000
00000000
00000000
00000000
00000000
00000000
00003EC0
00003DE0
000079E0
000080F8
00010008
00030004
00028004
0003E002
0001E002
0001C002
00020002
00020004
00020004
0001000C
00008008
000041F0
001C39E0
003C0FE0
001C00C0
001C0000
00000000
00000000
000C0000
000E0000
001E0000
000E0000
00000000
00380000
00780000
00780000
00300000
00000000
000C0000
001C0000
001C0000
001C0000
00000000
00030000
00078000
00078000
00030000
00003000
00007800
00003800
00001380
000003CC
000003DE
0000001E
0000000C
00000000
00000000
00000000
00000000
00000000
00000000
00000000
00000000
00000000
ENDCHAR
STARTCHAR circle1_pgf_f095652a_f000013_r1_c2
ENCODING 1055300
SWIDTH 500 0
DWIDTH 32 0
BBX 32 64 0 -13
BITMAP
00000000
00000000
00000000
00000000
00000000
00000000
00000000
00000000
00000000
70000000
78000000
78000000
30000000
000C0000
001E0000
071E0000
079C0000
07808000
0301C000
0001E000
0001C000
00000000
00003800
00007C00
00003800
00003800
00000000
00000C00
00001E00
00001E00
00001E00
00000000
00000000
00001E00
00001E00
00001E00
00000C00
00000000
00003800
00003800
00003C00
00003800
00000000
0001C000
0001E000
0001E000
0000C000
001C0000
001E0000
009E0000
03CC0000
73C00000
7BC00000
78800000
30000000
00000000
00000000
00000000
00000000
00000000
00000000
00000000
00000000
00000000
ENDCHAR
STARTCHAR circle1_pgf_f095652a_f000014_r1_c1
ENCODING 1055301
SWIDTH 500 0
DWIDTH 32 0
BBX 32 64 0 -13
BITMAP
00000000
00000000
00000000
00000000
00000000
00000C40
00001EF0
00001EF0
00004CF0
00008018
00010008
00030004
00020004
0002E002
0001E002
0002E082
00020002
00020004
00020024
0001000C
0000800A
000043B0
001C37C0
001C0780
001C0380
001C0000
00000000
00000000
000C0000
001E0000
001E0000
000C0000
00000000
00380000
00780000
00780000
00300000
00000000
00180000
001C0000
001C0000
001C0000
00000000
00030000
00078000
00078000
00030000
00003000
00007800
00003800
00001380
000003CC
000003DE
0000001E
0000000C
00000000
00000000
00000000
00000000
00000000
00000000
00000000
00000000
00000000
ENDCHAR
STARTCHAR circle1_pgf_f095652a_f000014_r1_c2
ENCODING 1055302
SWIDTH 500 0
DWIDTH 32 0
BBX 32 64 0 -13
BITMAP
00000000
00000000
00000000
00000000
00000000
08000000
04000000
02000000
00000000
79000000
78000000
78000000
30000000
000C0000
001E0000
001E0000
071C0000
0F000000
0F01C000
1203E000
0001C000
00008000
00003800
00007C00
00003800
00003800
00000000
00000C00
00001E00
00001E00
00001E00
00000000
00000000
00001E00
00001E00
00001E00
00000C00
00000000
00003800
00003800
00003C00
00003800
00000000
0001C000
0001E000
0001E000
0000C000
001C0000
001E0000
009E0000
03CC0000
73C00000
7BC00000
78800000
30000000
00000000
00000000
00000000
00000000
00000000
00000000
00000000
00000000
00000000
ENDCHAR
STARTCHAR circle1_pgf_f095652a_f000015_r1_c1
ENCODING 1055303
SWIDTH 500 0
DWIDTH 32 0
BBX 32 64 0 -13
BITMAP
00000000
00000000
00000000
00000000
00000033
00000378
000007F8
000017F0
000043C0
00008098
00010008
00000004
00020000
00007000
0002F000
0000F080
00006000
00020040
00000024
0001000C
0000800B
00004410
001C3E40
001C0F00
001C0E00
001C0000
00000000
00000000
001C0000
003C0000
003C0000
00180000
00000000
00380000
00780000
00780000
00300000
00000000
00180000
001C0000
001C0000
001C0000
00000000
00030000
00078000
00078000
00030000
00003000
00007800
00003800
00001380
000003CC
000003DE
0000001E
0000000C
00000000
00000000
00000000
00000000
00000000
00000000
00000000
00000000
00000000
ENDCHAR
STARTCHAR circle1_pgf_f095652a_f000015_r1_c2
ENCODING 1055304
SWIDTH 500 0
DWIDTH 32 0
BBX 32 64 0 -13
BITMAP
00000000
00000000
00000000
00000000
C0000000
18000000
04000000
02000000
30000000
79000000
78000000
38000000
00000000
000C0000
001E0000
011E0000
001C0000
0E000000
1E01C000
1E03C000
EC03C000
0001C000
00003800
00007C00
00003800
00003800
00000000
00000C00
00001E00
00001E00
00001E00
00000000
00000000
00001E00
00001E00
00001E00
00000C00
00000000
00003800
00003800
00003C00
00003800
00000000
0001C000
0001E000
0001E000
0000C000
001C0000
001E0000
009E0000
03CC0000
73C00000
7BC00000
78800000
30000000
00000000
00000000
00000000
00000000
00000000
00000000
00000000
00000000
00000000
ENDCHAR
STARTCHAR circle1_pgf_f095652a_f000016_r1_c1
ENCODING 1055305
SWIDTH 500 0
DWIDTH 32 0
BBX 32 64 0 -13
BITMAP
00000000
00000000
00000000
00000008
0000003F
000001BC
000003FC
000003C0
000041C0
00000080
00010000
00000004
00000000
00007000
00007080
00007080
00007000
00000040
00000020
0001001C
0000000F
00005C10
001C3C40
001C3C00
001C1800
001C0000
00000000
00000000
00380000
003C0000
00380000
00100000
00000000
00380000
00780000
00780000
00300000
00000000
00180000
001C0000
001C0000
001C0000
00000000
00030000
00078000
00078000
00030000
00003000
00007800
00003800
00001380
000003CC
000003DE
0000001E
0000000C
00000000
00000000
00000000
00000000
00000000
00000000
00000000
00000000
00000000
ENDCHAR
STARTCHAR circle1_pgf_f095652a_f000016_r1_c2
ENCODING 1055306
SWIDTH 500 0
DWIDTH 32 0
BBX 32 64 0 -13
BITMAP
00000000
00000000
00000000
00000000
E0000000
18000000
04000000
02000000
3B000000
3D000000
39000000
38000000
00000000
000C0000
011E0000
011E0000
001C0000
02000000
3C018000
3C03C000
BC03C000
1003C000
00003800
00007C00
00003800
00003800
00000000
00000C00
00001E00
00001E00
00001C00
00000000
00000000
00001E00
00001E00
00001E00
00000C00
00000000
00003800
00003800
00003C00
00003800
00000000
0001C000
0001E000
0001E000
0000C000
001C0000
001E0000
009E0000
03CC0000
73C00000
7BC00000
78800000
30000000
00000000
00000000
00000000
00000000
00000000
00000000
00000000
00000000
00000000
ENDCHAR
STARTCHAR circle1_pgf_f095652a_f000017_r1_c1
ENCODING 1055307
SWIDTH 500 0
DWIDTH 32 0
BBX 32 64 0 -13
BITMAP
00000000
00000000
00000000
0000000E
0000000F
0000001E
000000EC
000001E0
000000E0
000000C0
00000080
00000000
00000100
00003000
00007880
00007880
000030C0
00000040
00000020
0000001C
0000000F
00007800
001C7800
001C7800
001C1000
001C0000
00000000
00100000
00380000
00780000
00380000
00000000
00000000
00380000
00780000
00780000
00300000
00000000
00180000
001C0000
001C0000
001C0000
00000000
00030000
00078000
00038000
00030000
00003000
00007800
00003800
00001380
000003CC
000003DE
0000001E
0000000C
00000000
00000000
00000000
00000000
00000000
00000000
00000000
00000000
00000000
ENDCHAR
STARTCHAR circle1_pgf_f095652a_f000017_r1_c2
ENCODING 1055308
SWIDTH 500 0
DWIDTH 32 0
BBX 32 64 0 -13
BITMAP
00000000
00000000
00000000
00000000
E0000000
18000000
04000000
12000000
3D000000
3D000000
3D000000
00000000
00800000
000C0000
011E0000
011E0000
031C0000
02000000
34000000
78038000
F807C000
70038000
0003B800
00007C00
00003800
00003800
00000000
00000C00
00001E00
00001E00
00001C00
00000000
00000000
00001E00
00001E00
00001E00
00000C00
00000000
00003800
00003800
00003C00
00003800
00000000
0001C000
0001E000
0001E000
0000C000
001C0000
001E0000
009E0000
03CC0000
73C00000
7BC00000
78800000
30000000
00000000
00000000
00000000
00000000
00000000
00000000
00000000
00000000
00000000
ENDCHAR
STARTCHAR circle1_pgf_f095652a_f000018_r1_c1
ENCODING 1055309
SWIDTH 500 0
DWIDTH 32 0
BBX 32 64 0 -13
BITMAP
00000000
00000000
00000000
00000007
00000007
0000001F
00000070
000000F0
000000F0
000000F0
00000080
00000100
00000100
00003100
00007880
00007880
000030C0
00000040
00000020
00000018
00006007
0000F000
001CF000
001C7000
001C0000
001C0000
00000000
00100000
00780000
00780000
00380000
00000000
00000000
00380000
00780000
00780000
00300000
00000000
00180000
001C0000
001C0000
001C0000
00000000
00030000
00078000
00038000
00030000
00003000
00007800
00003800
00001380
000003CC
000003DE
0000001E
0000000C
00000000
00000000
00000000
00000000
00000000
00000000
00000000
00000000
00000000
ENDCHAR
STARTCHAR circle1_pgf_f095652a_f000018_r1_c2
ENCODING 1055310
SWIDTH 500 0
DWIDTH 32 0
BBX 32 64 0 -13
BITMAP
00000000
00000000
00000000
00000000
E0000000
18000000
04000000
1E000000
1F000000
1D000000
1D000000
00000000
00800000
000C0000
011E0000
011E0000
031C0000
02000000
44000000
F8030000
E0078000
E0078000
0007B800
00007C00
00003800
00003800
00000000
00000C00
00001E00
00001E00
00001C00
00000000
00000000
00001E00
00001E00
00001E00
00000C00
00000000
00003800
00003800
00003C00
00003800
00000000
0001C000
0001E000
0001E000
0000C000
001C0000
001E0000
009E0000
03CC0000
73C00000
7BC00000
78800000
30000000
00000000
00000000
00000000
00000000
00000000
00000000
00000000
00000000
00000000
ENDCHAR
STARTCHAR circle1_pgf_f095652a_f000019_r1_c1
ENCODING 1055311
SWIDTH 500 0
DWIDTH 32 0
BBX 32 64 0 -13
BITMAP
00000000
00000000
00000000
00000001
00000007
00000019
00000020
00000078
00000078
000000B8
000000B0
00000000
00000100
00003000
00007880
00007880
000038C0
00000040
00000020
0000401F
0001E007
0001E007
001CE000
001C0000
001C0000
001C0000
00000000
00300000
00780000
00780000
00380000
00000000
00000000
00380000
00780000
00780000
00300000
00000000
00180000
001C0000
001C0000
001C0000
00000000
00030000
00078000
00078000
00030000
00003000
00007800
00003800
00001380
000003CC
000003DE
0000001E
0000000C
00000000
00000000
00000000
00000000
00000000
00000000
00000000
00000000
00000000
ENDCHAR
STARTCHAR circle1_pgf_f095652a_f000019_r1_c2
ENCODING 1055312
SWIDTH 500 0
DWIDTH 32 0
BBX 32 64 0 -13
BITMAP
00000000
00000000
80000000
E0000000
E0000000
F8000000
0E000000
0E000000
0F000000
0F000000
01000000
00000000
00800000
008C0000
011E0000
011E0000
030E0000
02000000
04000000
B8000000
F0060000
800F0000
000F3800
00067C00
00003800
00003800
00000000
00000C00
00001E00
00001E00
00001C00
00000000
00000000
00001E00
00001E00
00001E00
00000C00
00000000
00003800
00003800
00003C00
00003800
00000000
0001C000
0001E000
0001E000
0000C000
001C0000
001E0000
009E0000
03CC0000
73C00000
7BC00000
78800000
30000000
00000000
00000000
00000000
00000000
00000000
00000000
00000000
00000000
00000000
ENDCHAR
STARTCHAR circle1_pgf_f095652a_f000020_r1_c1
ENCODING 1055313
SWIDTH 500 0
DWIDTH 32 0
BBX 32 64 0 -13
BITMAP
00000000
00000000
00000000
00000000
00000007
00000018
00000020
00000058
000000BC
000000BC
000000B8
00000000
00000100
00003000
00007880
00007880
000038C0
00000040
00000026
0001C01F
0001E00F
0001C00E
001CC000
001C0000
001C0000
001C0000
00000000
00300000
00780000
00780000
00380000
00000000
00000000
00380000
00780000
00780000
00300000
00000000
00180000
001C0000
001C0000
001C0000
00000000
00030000
00078000
00078000
00030000
00003000
00007800
00003800
00001380
000003CC
000003DE
0000001E
0000000C
00000000
00000000
00000000
00000000
00000000
00000000
00000000
00000000
00000000
ENDCHAR
STARTCHAR circle1_pgf_f095652a_f000020_r1_c2
ENCODING 1055314
SWIDTH 500 0
DWIDTH 32 0
BBX 32 64 0 -13
BITMAP
00000000
00000000
00000000
70000000
F0000000
F8000000
67000000
0F980000
0F020000
13010000
11008000
20000000
20804000
000C4000
011E4000
411E4000
430E4000
02004000
24000000
38008000
F00D0000
0C1E0000
021E3800
009E7C00
00003800
00003800
00000000
00000800
00001C00
00001E00
00001C00
00000000
00000000
00001E00
00001E00
00001E00
00000C00
00000000
00003800
00003800
00003C00
00003800
00000000
0001C000
0001E000
0001E000
0000C000
001C0000
001E0000
009E0000
03CC0000
73C00000
7BC00000
78800000
30000000
00000000
00000000
00000000
00000000
00000000
00000000
00000000
00000000
00000000
ENDCHAR
STARTCHAR circle1_pgf_f095652a_f000021_r1_c1
ENCODING 1055315
SWIDTH 500 0
DWIDTH 32 0
BBX 32 64 0 -13
BITMAP
00000000
00000000
00000000
00000000
00000007
00000018
00000020
00000040
000000DC
000000BC
0000009C
00000018
00000000
00003000
00007880
00007880
000038C0
00000040
0000803C
0003C03C
0003C01F
0001C008
001C0000
001C0000
001C0000
001C0000
00000000
00300000
00780000
00780000
00380000
00000000
00000000
00380000
00780000
00780000
00300000
00000000
00180000
001C0000
001C0000
001C0000
00000000
00030000
00078000
00078000
00030000
00003000
00007800
00003800
00001380
000003CC
000003DE
0000001E
0000000C
00000000
00000000
00000000
00000000
00000000
00000000
00000000
00000000
00000000
ENDCHAR
STARTCHAR circle1_pgf_f095652a_f000021_r1_c2
ENCODING 1055316
SWIDTH 500 0
DWIDTH 32 0
BBX 32 64 0 -13
BITMAP
00000000
00000000
00000000
18000000
F8000000
3D000000
3B800000
07DC0000
0F860000
19010000
11008000
2000C000
20804000
400E4000
411E4000
411E4000
430E4000
22004000
2400C000
38008000
F0010000
0C1E0000
07BC3800
00BC7C00
00183800
00003800
00000000
00000800
00001C00
00003C00
00001C00
00000800
00000000
00001C00
00001E00
00001E00
00000C00
00000000
00003800
00003800
00003C00
00003800
00000000
0001C000
0001E000
0001E000
0000C000
001C0000
001E0000
009E0000
03CC0000
73C00000
7BC00000
78800000
30000000
00000000
00000000
00000000
00000000
00000000
00000000
00000000
00000000
00000000
ENDCHAR
STARTCHAR circle1_pgf_f095652a_f000022_r1_c1
ENCODING 1055317
SWIDTH 500 0
DWIDTH 32 0
BBX 32 64 0 -13
BITMAP
00000000
00000000
00000000
00000000
00000003
00000018
00000020
00000040
0000000C
0000009C
0000009E
0000001C
00000000
00003000
00007800
00007880
00003800
00000070
00018078
0003C078
0003C03B
00018000
001C0000
001C0000
001C0000
001C0000
00000000
00300000
00780000
00780000
00380000
00000000
00000000
00380000
00780000
00780000
00300000
00000000
00180000
001C0000
001C0000
001C0000
00000000
00030000
00078000
00078000
00030000
00003000
00007800
00003800
00001380
000003CC
000003DE
0000001E
0000000C
00000000
00000000
00000000
00000000
00000000
00000000
00000000
00000000
00000000
ENDCHAR
STARTCHAR circle1_pgf_f095652a_f000022_r1_c2
ENCODING 1055318
SWIDTH 500 0
DWIDTH 32 0
BBX 32 64 0 -13
BITMAP
00000000
00000000
00000000
00000000
DC000000
1EC00000
1DE00000
1FFC0000
05C60000
18010000
11008000
2000C000
60004000
400E4000
410F4000
410F4000
40064000
62004000
2400C000
30008000
D0010000
0C320000
077C3800
01787C00
00703800
00003800
00000000
00000000
00003C00
00003C00
00003C00
00001800
00000000
00001E00
00001E00
00001E00
00000C00
00000000
00003800
00003800
00003C00
00003800
00000000
0001C000
0001E000
0001E000
0000C000
001C0000
001E0000
009E0000
03CC0000
73C00000
7BC00000
78800000
30000000
00000000
00000000
00000000
00000000
00000000
00000000
00000000
00000000
00000000
ENDCHAR
STARTCHAR circle1_pgf_f095652a_f000023_r1_c1
ENCODING 1055319
SWIDTH 500 0
DWIDTH 32 0
BBX 32 64 0 -13
BITMAP
00000000
00000000
00000000
00000000
00000001
00000018
00000020
00000040
00000000
0000009E
0000001E
0000001C
00000000
00003000
00007800
00007880
00003860
00000070
000380F0
0003C070
00038007
00018000
001C0000
001C0000
001C0000
001C0000
00000000
00300000
00780000
00780000
00380000
00000000
00000000
00380000
00780000
00780000
00300000
00000000
001C0000
001C0000
001C0000
001C0000
00000000
00030000
00078000
00078000
00030000
00003000
00007800
00003800
00001380
000003CC
000003DE
0000001E
0000000C
00000000
00000000
00000000
00000000
00000000
00000000
00000000
00000000
00000000
ENDCHAR
STARTCHAR circle1_pgf_f095652a_f000023_r1_c2
ENCODING 1055320
SWIDTH 500 0
DWIDTH 32 0
BBX 32 64 0 -13
BITMAP
00000000
00000000
00000000
00000000
80000000
0E600000
0FF00000
0FFC0000
0E660000
19010000
30008000
2000C000
60004000
400F4000
400F6000
410F4000
40064000
62004000
2400C000
30008000
D8018000
0CE30000
07FC3800
01F03C00
00E03800
00003800
00000000
00000000
00003800
00003C00
00003C00
00003800
00000000
00001E00
00001E00
00001E00
00000C00
00000000
00003800
00003800
00003C00
00003800
00000000
0001C000
0001E000
0001E000
0000C000
001C0000
001E0000
009E0000
03CC0000
73C00000
7BC00000
78800000
30000000
00000000
00000000
00000000
00000000
00000000
00000000
00000000
00000000
00000000
ENDCHAR
STARTCHAR circle1_pgf_f095652a_f000024_r1_c1
ENCODING 1055321
SWIDTH 500 0
DWIDTH 32 0
BBX 32 64 0 -13
BITMAP
00000000
00000000
00000000
00000000
00000000
00000000
00000000
00000000
00000000
0000000C
0000001E
0000001E
0000000C
00003000
00007800
000078C0
000039E0
000101E0
000380E0
00078000
00038000
00000000
001C0000
001C0000
001C0000
001C0000
00000000
00300000
00780000
00780000
00380000
00000000
00000000
00380000
00780000
00780000
00300000
00000000
00180000
001C0000
001C0000
001C0000
00000000
00030000
00078000
00078000
00030000
00003000
00007800
00003800
00001380
000003CC
000003DE
0000001E
0000000C
00000000
00000000
00000000
00000000
00000000
00000000
00000000
00000000
00000000
ENDCHAR
STARTCHAR circle1_pgf_f095652a_f000024_r1_c2
ENCODING 1055322
SWIDTH 500 0
DWIDTH 32 0
BBX 32 64 0 -13
BITMAP
00000000
00000000
00000000
00000000
00000000
00180000
077C0000
07BC0000
0FBE0000
1F010000
30008000
2000C000
60034000
6007C000
4007E000
4007E000
60004000
60004000
2000C000
30008000
18018000
0F830000
07FC3800
03F03C00
03803C00
00003800
00000000
00000000
00003000
00007800
00007800
00007000
00000000
00001E00
00001E00
00001E00
00000C00
00000000
00003800
00003800
00007800
00003800
00000000
0001C000
0001E000
0001E000
0000C000
001C0000
001E0000
009E0000
03CC0000
73C00000
7BC00000
78800000
30000000
00000000
00000000
00000000
00000000
00000000
00000000
00000000
00000000
00000000
ENDCHAR
STARTCHAR circle1_pgf_f095652a_f000025_r1_c1
ENCODING 1055323
SWIDTH 500 0
DWIDTH 32 0
BBX 32 64 0 -13
BITMAP
00000000
00000000
00000000
00000000
00000000
00000000
00000000
00000000
00000000
0000000C
0000001E
0000001E
0000000C
00003000
000078C0
000079E0
000039E0
000101C0
00038000
00078000
00038000
00000000
001C0000
001C0000
001C0000
001C0000
00000000
00300000
00780000
00780000
00380000
00000000
00000000
00380000
00780000
00780000
00300000
00000000
00180000
001C0000
001C0000
001C0000
00000000
00030000
00078000
00078000
00030000
00003000
00007800
00003800
00001380
000003CC
000003DE
0000001E
0000000C
00000000
00000000
00000000
00000000
00000000
00000000
00000000
00000000
00000000
ENDCHAR
STARTCHAR circle1_pgf_f095652a_f000025_r1_c2
ENCODING 1055324
SWIDTH 500 0
DWIDTH 32 0
BBX 32 64 0 -13
BITMAP
00000000
00000000
00000000
00000000
00000000
00000000
006E0000
03FE0000
0F9E0000
1F8F0000
33008000
2000C000
6001C000
6003C000
4003C000
4003E000
60004000
60004000
2000C000
30008000
1E018000
0F030000
0FFC3800
07F03C00
00003C00
00003800
00000000
00000000
00006000
0000F000
0000F000
0000F000
00000000
00001E00
00001E00
00001E00
00000C00
00000000
00003800
00007800
00007800
00003800
00000000
0001C000
0001E000
0001E000
0000C000
001C0000
001E0000
009E0000
03CC0000
73C00000
7BC00000
78000000
30000000
00000000
00000000
00000000
00000000
00000000
00000000
00000000
00000000
00000000
ENDCHAR
STARTCHAR circle1_pgf_f095652a_f000026_r1_c1
ENCODING 1055325
SWIDTH 500 0
DWIDTH 32 0
BBX 32 64 0 -13
BITMAP
00000000
00000000
00000000
00000000
00000000
00000000
00000000
00000000
00000000
0000000C
0000001E
0000001E
0000000C
00003080
000079C0
00007BC0
000039C0
00030000
00078000
00078000
00038000
00000000
001C0000
001C0000
001C0000
001C0000
00000000
00300000
00780000
00780000
00380000
00000000
00000000
00380000
00780000
00780000
00300000
00000000
00180000
001C0000
001C0000
001C0000
00000000
00030000
00078000
00078000
00030000
00003000
00007800
00003800
00001380
000003CC
000003DE
0000001E
0000000C
00000000
00000000
00000000
00000000
00000000
00000000
00000000
00000000
00000000
ENDCHAR
STARTCHAR circle1_pgf_f095652a_f000026_r1_c2
ENCODING 1055326
SWIDTH 500 0
DWIDTH 32 0
BBX 32 64 0 -13
BITMAP
00000000
00000000
00000000
00000000
00000000
00000000
00F00000
07FF0000
0F8F8000
1BC70000
33838000
2100C000
6000C000
6001E000
4001E000
4001C000
60004000
60004000
2000C000
30008000
1E018000
1E030000
1FFC3800
0DF03C00
00003C00
00003800
00000000
00000000
0000C000
0005E000
0001E000
0001E000
00000000
00001E00
00001E00
00001E00
00000C00
00000000
00003800
00007800
00007800
00003800
00000000
0001C000
0001E000
0001E000
0000C000
001C0000
001E0000
009E0000
03CC0000
73C00000
7BC00000
78000000
30000000
00000000
00000000
00000000
00000000
00000000
00000000
00000000
00000000
00000000
ENDCHAR
STARTCHAR circle1_pgf_f095652a_f000027_r1_c1
ENCODING 1055327
SWIDTH 500 0
DWIDTH 32 0
BBX 32 64 0 -13
BITMAP
00000000
00000000
00000000
00000000
00000000
00000000
00000000
00000000
00000000
0000000C
0000001E
0000001E
0000000C
000031C0
00007BC0
00007BC0
00003880
00030000
00078000
00078000
00038000
00000000
001C0000
001C0000
001C0000
001C0000
00000000
00300000
00780000
00780000
00380000
00000000
00000000
00380000
00780000
00780000
00300000
00000000
00180000
001C0000
001C0000
001C0000
00000000
00030000
00078000
00078000
00030000
00003000
00007800
00003800
00001380
000003CC
000003DE
0000001E
0000000C
00000000
00000000
00000000
00000000
00000000
00000000
00000000
00000000
00000000
ENDCHAR
STARTCHAR circle1_pgf_f095652a_f000027_r1_c2
ENCODING 1055328
SWIDTH 500 0
DWIDTH 32 0
BBX 32 64 0 -13
BITMAP
00000000
00000000
00000000
00000000
00000000
00000000
00F00000
07FD0000
0D878000
1BC3C000
33C38000
23818000
60006000
6000F000
4006F000
4008E400
60104200
60204100
2040C000
3C408080
3C018080
3C030000
1FFC3800
01F03C80
00003C80
00401880
00200100
00200300
00118600
000BD800
0003C000
0003C000
00000000
00001E00
00001E00
00001E00
00000C00
00000000
00003000
00007800
00007800
00003800
00000000
0001C000
0001E000
0001E000
0000C000
001C0000
001E0000
009E0000
03CC0000
73C00000
7BC00000
78800000
30000000
00000000
00000000
00000000
00000000
00000000
00000000
00000000
00000000
00000000
ENDCHAR
STARTCHAR circle1_pgf_f095652a_f000028_r1_c1
ENCODING 1055329
SWIDTH 500 0
DWIDTH 32 0
BBX 32 64 0 -13
BITMAP
00000000
00000000
00000000
00000000
00000000
00000000
00000000
00000000
00000000
0000000C
0000001E
0000001E
0000018C
000033C0
00007BC0
00007980
00003800
00030000
00078000
00078000
00038000
00000000
001C0000
001C0000
001C0000
001C0000
00000000
00300000
00780000
00780000
00380000
00000000
00000000
00380000
00780000
00780000
00300000
00000000
00180000
001C0000
001C0000
001C0000
00000000
00030000
00078000
00078000
00030000
00003000
00007800
00003800
00001380
000003CC
000003DE
0000001E
0000000C
00000000
00000000
00000000
00000000
00000000
00000000
00000000
00000000
00000000
ENDCHAR
STARTCHAR circle1_pgf_f095652a_f000028_r1_c2
ENCODING 1055330
SWIDTH 500 0
DWIDTH 32 0
BBX 32 64 0 -13
BITMAP
00000000
00000000
00000000
00000000
00000000
00000000
00E00000
03FC0000
0C060000
1981C000
33C1E000
23C1E000
6381C000
40007800
40077800
400C7C00
40105200
70204100
7840C180
78408080
70C10080
0C8300C0
07DC1CC0
00F03C80
00403C80
00401C80
00600100
00200300
00170600
000F1800
000FE000
00070000
00000000
00001E00
00001E00
00001E00
00000C00
00000000
00007000
00007800
00007800
00007000
00000000
0001C000
0001E000
0001E000
0000C000
001C0000
001E0000
009E0000
03CC0000
73C00000
7BC00000
78800000
30000000
00000000
00000000
00000000
00000000
00000000
00000000
00000000
00000000
00000000
ENDCHAR
STARTCHAR circle1_pgf_f095652a_f000029_r1_c1
ENCODING 1055331
SWIDTH 500 0
DWIDTH 32 0
BBX 32 64 0 -13
BITMAP
00000000
00000000
00000000
00000000
00000000
00000000
00000000
00000000
00000000
0000000C
0000001E
0000019E
000003CC
000033C0
00007BC0
00007800
00003800
00030000
00078000
00078000
00038000
00000000
001C0000
001C0000
001C0000
001C0000
00000000
00300000
00780000
00780000
00380000
00000000
00000000
00380000
00780000
00780000
00300000
00000000
00180000
001C0000
001C0000
001C0000
00000000
00030000
00078000
00078000
00030000
00003000
00007800
00003800
00001380
000003CC
000003DE
0000001E
0000000C
00000000
00000000
00000000
00000000
00000000
00000000
00000000
00000000
00000000
ENDCHAR
STARTCHAR circle1_pgf_f095652a_f000029_r1_c2
ENCODING 1055332
SWIDTH 500 0
DWIDTH 32 0
BBX 32 64 0 -13
BITMAP
00000000
00000000
00000000
00000000
00000000
00000000
00600000
03FC0000
0C060000
18010000
13C0C000
23C1E000
23C1E000
4180FC00
4007FE00
000C7E00
70305E00
F0204100
F040C180
70408080
18C10080
0C8200C0
07DC1CC0
00F01EC0
00401E80
00401C80
00600100
00240300
001E0600
001E1C00
000FF000
00000000
00000000
00001E00
00001E00
00001E00
00000C00
00000000
00007000
0000F000
0000F000
00007000
00000000
0001C000
0001E000
0001E000
0000C000
001C0000
001E0000
009E0000
03CC0000
73C00000
7BC00000
78800000
30000000
00000000
00000000
00000000
00000000
00000000
00000000
00000000
00000000
00000000
ENDCHAR
STARTCHAR circle1_pgf_f095652a_f000030_r1_c1
ENCODING 1055333
SWIDTH 500 0
DWIDTH 32 0
BBX 32 64 0 -13
BITMAP
00000000
00000000
00000000
00000000
00000000
00000000
00000000
00000000
00000000
0000000C
0000001E
0000019E
000003CC
000033C0
00007980
00007800
00003800
00030000
00078000
00078000
00038000
00000000
001C0000
001C0000
001C0000
001C0000
00000000
00300000
00780000
00780000
00380000
00000000
00000000
00380000
00780000
00780000
00300000
00000000
00180000
001C0000
001C0000
001C0000
00000000
00030000
00078000
00078000
00030000
00003000
00007800
00003800
00001380
000003CC
000003DE
0000001E
0000000C
00000000
00000000
00000000
00000000
00000000
00000000
00000000
00000000
00000000
ENDCHAR
STARTCHAR circle1_pgf_f095652a_f000030_r1_c2
ENCODING 1055334
SWIDTH 500 0
DWIDTH 32 0
BBX 32 64 0 -13
BITMAP
00000000
00000000
00000000
00000000
00000000
00000000
00000000
03BC0000
0C020000
18010000
11808000
23C04000
23C0E000
4180F000
0007FE00
E01C4F00
F0300F00
F0204700
6040C180
10408080
10C10080
0CC200C0
06DC0CC0
00F01EC0
00C01E80
00400E80
00600100
003C0300
003C0600
003F3C00
001BF000
00000000
00000000
00001E00
00001E00
00001E00
00000C00
00000000
0000E000
0000F000
0000F000
00006000
00000000
0001C000
0001E000
0001E000
0000C000
001C0000
001E0000
009E0000
03CC0000
73C00000
7BC00000
78800000
30000000
00000000
00000000
00000000
00000000
00000000
00000000
00000000
00000000
00000000
ENDCHAR
STARTCHAR circle1_pgf_f095652a_f000031_r1_c1
ENCODING 1055335
SWIDTH 500 0
DWIDTH 32 0
BBX 32 64 0 -13
BITMAP
00000000
00000000
00000000
00000000
00000000
00000000
00000000
00000000
00000000
0000000C
0000001E
0000019E
000003CC
000033C0
00007980
00007800
00003800
00030000
00078000
00078000
00038000
00000000
001C0000
001C0000
001C0000
001C0000
00000000
00300000
00780000
00780000
00380000
00000000
00000000
00380000
00780000
00780000
00300000
00000000
00180000
001C0000
001C0000
001C0000
00000000
00030000
00078000
00078000
00030000
00003000
00007800
00003800
00001380
000003CC
000003DE
0000001E
0000000C
00000000
00000000
00000000
00000000
00000000
00000000
00000000
00000000
00000000
ENDCHAR
STARTCHAR circle1_pgf_f095652a_f000031_r1_c2
ENCODING 1055336
SWIDTH 500 0
DWIDTH 32 0
BBX 32 64 0 -13
BITMAP
00000000
00000000
00000000
00000000
00000000
00000000
00000000
03180000
0C020000
08010000
11808000
23C08000
23C04000
01C0F000
E007F000
F01CFF00
F0306780
60200780
20404380
00408080
10C100C0
08C200C0
02CC06C0
00C00FC0
00C00F80
00400F80
00780180
00780300
00780600
003F3C00
0003F000
00000000
00000000
00001E00
00001E00
00001E00
00000C00
00000000
0000E000
0001E000
0001E000
0000C000
00000000
0001C000
0001E000
0001E000
0000C000
001C0000
001E0000
009E0000
03CC0000
73C00000
7BC00000
78800000
30000000
00000000
00000000
00000000
00000000
00000000
00000000
00000000
00000000
00000000
ENDCHAR
STARTCHAR circle1_pgf_f095652a_f000032_r1_c1
ENCODING 1055337
SWIDTH 500 0
DWIDTH 32 0
BBX 32 64 0 -13
BITMAP
00000000
00000000
00000000
00000000
00000000
00000000
00000000
00000000
00000000
0000000C
0000001E
0000039E
000003CC
000033C0
00007980
00007800
00003800
00030000
00078000
00078000
00038000
00000000
001C0000
001C0000
001C0000
001C0000
00000000
00300000
00780000
00780000
00380000
00000000
00000000
00380000
00780000
00780000
00300000
00000000
00180000
001C0000
001C0000
001C0000
00000000
00030000
00078000
00078000
00030000
00003000
00007800
00003800
00001380
000003CC
000003DE
0000001E
0000000C
00000000
00000000
00000000
00000000
00000000
00000000
00000000
00000000
00000000
ENDCHAR
STARTCHAR circle1_pgf_f095652a_f000032_r1_c2
ENCODING 1055338
SWIDTH 500 0
DWIDTH 32 0
BBX 32 64 0 -13
BITMAP
00000000
00000000
00000000
00000000
00000000
00000000
00000000
00000000
00000000
00000000
01800000
03C00000
03C00000
E3C04000
F007F800
F01CFC00
4030F380
002043C0
004003C0
00400180
00C000C0
00C000C0
00C002C0
00C007C0
00400780
00700780
00F00300
00F00300
00780600
000F3C00
0003F000
00000000
00000000
00000E00
00001E00
00001E00
00000C00
00008000
0001C000
0003E000
0001C000
00008000
00000000
0001C000
0001E000
0001E000
0000C000
001C0000
001E0000
009E0000
03CC0000
73C00000
7BC00000
78800000
30000000
00000000
00000000
00000000
00000000
00000000
00000000
00000000
00000000
00000000
ENDCHAR
STARTCHAR circle1_pgf_f095652a_f000033_r1_c1
ENCODING 1055339
SWIDTH 500 0
DWIDTH 32 0
BBX 32 64 0 -13
BITMAP
00000000
00000000
00000000
00000000
00000000
00000000
00000000
00000000
00000000
0000000C
0000001E
000003DE
000003CE
000033C0
00007800
00007800
00003800
00030000
00078000
00078000
00038000
00000000
001C0000
001C0000
001C0000
001C0000
00000000
00300000
00780000
00780000
00380000
00000000
00000000
00380000
00780000
00780000
00300000
00000000
00180000
001C0000
001C0000
001C0000
00000000
00030000
00078000
00078000
00030000
00003000
00007800
00003800
00001380
000003CC
000003DE
0000001E
0000000C
00000000
00000000
00000000
00000000
00000000
00000000
00000000
00000000
00000000
ENDCHAR
STARTCHAR circle1_pgf_f095652a_f000033_r1_c2
ENCODING 1055340
SWIDTH 500 0
DWIDTH 32 0
BBX 32 64 0 -13
BITMAP
00000000
00000000
00000000
00000000
00000000
00000000
00000000
00000000
00000000
00000000
01800000
43C00000
F3C00000
F3C0C000
F007F800
001CEC00
0030F200
0020F100
004061C0
004001E0
00C001C0
00C000C0
00800040
00E00180
01E003C0
01E203C0
00E40380
00300300
00180600
000F3C00
0003F000
00000000
00000010
00000E00
00001E00
00001E00
00000C00
00038000
00078000
00078000
00030000
00000000
00000000
0001C000
0001E000
0001E000
0000C000
001C0000
001E0000
009C0000
03C80000
73C00000
7BC00000
78800000
30000000
00000000
00000000
00000000
00000000
00000000
00000000
00000000
00000000
00000000
ENDCHAR
STARTCHAR circle1_pgf_f095652a_f000034_r1_c1
ENCODING 1055341
SWIDTH 500 0
DWIDTH 32 0
BBX 32 64 0 -13
BITMAP
00000000
00000000
00000000
00000000
00000000
00000000
00000000
00000000
00000000
0000000C
0000001E
000003DE
000003CE
000033C0
00007800
00007800
00003800
00030000
00078000
00078000
00038000
00000000
001C0000
001C0000
001C0000
001C0000
00000000
00300000
00780000
00780000
00380000
00000000
00000000
00380000
00780000
00780000
00300000
00000000
00180000
001C0000
001C0000
001C0000
00000000
00030000
00078000
00078000
00030000
00003000
00007800
00003800
00001380
000003CC
000003DE
0000001E
0000000C
00000000
00000000
00000000
00000000
00000000
00000000
00000000
00000000
00000000
ENDCHAR
STARTCHAR circle1_pgf_f095652a_f000034_r1_c2
ENCODING 1055342
SWIDTH 500 0
DWIDTH 32 0
BBX 32 64 0 -13
BITMAP
00000000
00000000
00000000
00000000
00000000
00000000
00000000
00000000
00000000
00000000
00800000
73C00000
F3C00000
F3C0C000
6007F800
001C4C00
0030E200
0021F100
0040E180
004000C0
00C001E0
00C001E0
01E000C0
01E00000
01E0C7C0
004201E0
006401E0
003003C0
00180620
000E3C00
0013F010
00100010
00100010
00100E10
00101E00
00081E20
00060E20
000F0040
000F0080
0007C300
00000000
00000000
00000000
0001C000
0001E000
0001E000
0008C000
001C0000
003C0000
009C0000
03C80000
73C00000
7BC00000
78800000
30000000
00000000
00000000
00000000
00000000
00000000
00000000
00000000
00000000
00000000
ENDCHAR
STARTCHAR circle1_pgf_f095652a_f000035_r1_c1
ENCODING 1055343
SWIDTH 500 0
DWIDTH 32 0
BBX 32 64 0 -13
BITMAP
00000000
00000000
00000000
00000000
00000000
00000000
00000000
00000000
00000000
0000000C
0000001E
000003DE
000003CE
000033C0
00007800
00007800
00003800
00030000
00078000
00078000
00038000
00000000
001C0000
001C0000
001C0000
001C0000
00000000
00300000
00780000
00780000
00380000
00000000
00000000
00380000
00780000
00780000
00300000
00000000
00180000
001C0000
001C0000
001C0000
00000000
00030000
00078000
00078000
00030000
00003000
00007800
00003800
00001380
000003CC
000003DE
0000001E
0000000C
00000000
00000000
00000000
00000000
00000000
00000000
00000000
00000000
00000000
ENDCHAR
STARTCHAR circle1_pgf_f095652a_f000035_r1_c2
ENCODING 1055344
SWIDTH 500 0
DWIDTH 32 0
BBX 32 64 0 -13
BITMAP
00000000
00000000
00000000
00000000
00000000
00000000
00000000
00000000
00000000
00000000
60000000
F3C00000
F3C00000
73C00000
0007F800
000C0C00
0030E200
0021E100
0041E180
0040E080
00C000C0
01E001E0
01E001E0
01C011E0
0001C680
004301E0
006401F0
003003E0
00180660
001E1C10
0013F010
00100010
00100010
00100610
00100F10
000C0F20
000E0E20
001F0040
000F0180
0001C700
00001800
00000000
00000000
0001C000
0001E000
0001E000
0018C000
003C0000
003C0000
009C0000
03C00000
73C00000
7BC00000
78800000
30000000
00000000
00000000
00000000
00000000
00000000
00000000
00000000
00000000
00000000
ENDCHAR
STARTCHAR circle1_pgf_f095652a_f000036_r1_c1
ENCODING 1055345
SWIDTH 500 0
DWIDTH 32 0
BBX 32 64 0 -13
BITMAP
00000000
00000000
00000000
00000000
00000000
00000000
00000000
00000000
00000000
0000000C
0000001E
000003DE
000003CE
000033C0
00007800
00007800
00003800
00030000
00078000
00078000
00038000
00000000
001C0000
001C0000
001C0000
001C0000
00000000
00300000
00780000
00780000
00380000
00000000
00000000
00380000
00780000
00780000
00300000
00000000
00180000
001C0000
001C0000
001C0000
00000000
00030000
00078000
00078000
00030000
00003000
00007800
00003800
00001380
000003CC
000003DE
0000001E
0000000C
00000000
00000000
00000000
00000000
00000000
00000000
00000000
00000000
00000000
ENDCHAR
STARTCHAR circle1_pgf_f095652a_f000036_r1_c2
ENCODING 1055346
SWIDTH 500 0
DWIDTH 32 0
BBX 32 64 0 -13
BITMAP
00000000
00000000
00000000
00000000
00000000
00000000
00000000
00000000
00000000
00000000
70000000
F3C00000
F3C00000
63C00000
0007F800
000C0C00
0010C200
0021E100
0001E180
01C0E080
01E00080
01E00080
00C001C0
00003DE0
00C1EFE0
004301C0
006401F0
002802F0
001806F0
001E1830
0013F010
00100010
00100010
00100610
00180F10
001E0F20
001E0F20
001E0040
00030180
0001EF00
00003800
00000000
00000000
0001C000
0001E000
0001E000
0018C000
003C0000
003C0000
00B80000
03C00000
73C00000
7BC00000
78800000
30000000
00000000
00000000
00000000
00000000
00000000
00000000
00000000
00000000
00000000
ENDCHAR
STARTCHAR circle1_pgf_f095652a_f000037_r1_c1
ENCODING 1055347
SWIDTH 500 0
DWIDTH 32 0
BBX 32 64 0 -13
BITMAP
00000000
00000000
00000000
00000000
00000000
00000000
00000000
00000000
00000000
0000000C
0000001E
000003DE
000003CC
000033C0
00007800
00007800
00003800
00030000
00078000
00078000
00038000
00000000
001C0000
001C0000
001C0000
001C0000
00000000
00300000
00780000
00780000
00380000
00000000
00000000
00380000
00780000
00780000
00300000
00000000
00180000
001C0000
001C0000
001C0000
00000000
00030000
00078000
00078000
00030000
00003000
00007800
00003800
00001380
000003CC
000003DE
0000001E
0000000C
00000000
00000000
00000000
00000000
00000000
00000000
00000000
00000000
00000000
ENDCHAR
STARTCHAR circle1_pgf_f095652a_f000037_r1_c2
ENCODING 1055348
SWIDTH 500 0
DWIDTH 32 0
BBX 32 64 0 -13
BITMAP
00000000
00000000
00000000
00000000
00000000
00000000
00000000
00000000
00000000
20000000
70000000
7BC00000
73C00000
03C00000
0007F000
00080C00
00100200
00E1E100
00E1E000
01E1E080
00E0C080
00000000
00800000
00003C80
0041FFC0
004303C0
002401C0
002C0030
00180678
001C1878
0011C078
00100010
00100010
003C0010
003C0710
003C07A0
00180720
00040740
00030180
0001FF00
00003800
00000000
00000000
0001C000
0001E000
0011E000
0078C000
00780000
00780000
00900000
03C00000
73C00000
7BC00000
78800000
30000000
00000000
00000000
00000000
00000000
00000000
00000000
00000000
00000000
00000000
ENDCHAR
STARTCHAR circle1_pgf_f095652a_f000038_r1_c1
ENCODING 1055349
SWIDTH 500 0
DWIDTH 32 0
BBX 32 64 0 -13
BITMAP
00000000
00000000
00000000
00000000
00000000
00000000
00000000
00000000
00000000
0000000C
0000001E
000003DE
000003CC
000033C0
00007800
00007800
00003800
00030000
00078000
00078000
00038000
00000000
001C0000
001C0000
001C0000
001C0000
00000000
00300000
00780000
00780000
00380000
00000000
00000000
00380000
00780000
00780000
00300000
00000000
00180000
001C0000
001C0000
001C0000
00000000
00030000
00078000
00078000
00030000
00003000
00007800
00003800
00001380
000003CC
000003DE
0000001E
0000000C
00000000
00000000
00000000
00000000
00000000
00000000
00000000
00000000
00000000
ENDCHAR
STARTCHAR circle1_pgf_f095652a_f000038_r1_c2
ENCODING 1055350
SWIDTH 500 0
DWIDTH 32 0
BBX 32 64 0 -13
BITMAP
00000000
00000000
00000000
00000000
00000000
00000000
00000000
00000000
00000000
30000000
70000000
7BC00000
73C00000
03C00000
00000000
00000000
00600200
00F1C000
00F1E000
00E1E000
0000C000
00000000
00000000
00007C00
0001FF80
000303C0
000403C0
000C03E0
00180020
00180038
0010007C
00380038
00380038
007C0010
00380010
000807A0
000C07A0
000607C0
00030180
0001FF00
00003C00
00000000
00000000
0001C000
0001E000
0071E000
0078C000
00780000
00700000
00800000
03C00000
73C00000
7BC00000
78800000
30000000
00000000
00000000
00000000
00000000
00000000
00000000
00000000
00000000
00000000
ENDCHAR
STARTCHAR circle1_pgf_f095652a_f000039_r1_c1
ENCODING 1055351
SWIDTH 500 0
DWIDTH 32 0
BBX 32 64 0 -13
BITMAP
00000000
00000000
00000000
00000000
00000000
00000000
00000000
00000000
00000000
0000000C
0000001E
000003DE
000003CC
000033C0
00007800
00007800
00003800
00030000
00078000
00078000
00038000
00000000
001C0000
001C0000
001C0000
001C0000
00000000
00300000
00780000
00780000
00380000
00000000
00000000
00380000
00780000
00780000
00300000
00000000
00180000
001C0000
001C0000
001C0000
00000000
00030000
00078000
00078000
00030000
00003000
00007800
00003800
00001380
000003CC
000003DE
0000001E
0000000C
00000000
00000000
00000000
00000000
00000000
00000000
00000000
00000000
00000000
ENDCHAR
STARTCHAR circle1_pgf_f095652a_f000039_r1_c2
ENCODING 1055352
SWIDTH 500 0
DWIDTH 32 0
BBX 32 64 0 -13
BITMAP
00000000
00000000
00000000
00000000
00000000
00000000
00000000
00000000
00000000
30000000
78000000
7BC00000
73C00000
03C00000
00800000
00200000
00700000
00F0C000
0071E000
0021E000
0001C000
00000000
00000000
00007C00
0001FE00
00030380
000407C0
000C07E0
001803B0
00100010
00380038
00780038
0038003C
00380038
00180010
001803B0
000C03E0
000603C0
00030380
0001FF00
00003C00
00000000
00000000
0001C000
0061E000
00F1E000
00F0C000
00700000
00000000
00800000
03C00000
73C00000
7BC00000
78800000
30000000
00000000
00000000
00000000
00000000
00000000
00000000
00000000
00000000
00000000
ENDCHAR
STARTCHAR circle1_pgf_f095652a_f000040_r1_c1
ENCODING 1055353
SWIDTH 500 0
DWIDTH 32 0
BBX 32 64 0 -13
BITMAP
00000000
00000000
00000000
00000000
00000000
00000000
00000000
00000000
00000000
0000000C
0000001E
000003DE
000003CC
000033C0
00007800
00007800
00003800
00030000
00078000
00078000
00038000
00000000
001C0000
001C0000
001C0000
001C0000
00000000
00300000
00780000
00780000
00380000
00000000
00000000
00380000
00780000
00780000
00300000
00000000
00180000
001C0000
001C0000
001C0000
00000000
00030000
00078000
00078000
00030000
00003000
00007800
00003800
00001380
000003CC
000003DE
0000001E
0000000C
00000000
00000000
00000000
00000000
00000000
00000000
00000000
00000000
00000000
ENDCHAR
STARTCHAR circle1_pgf_f095652a_f000040_r1_c2
ENCODING 1055354
SWIDTH 500 0
DWIDTH 32 0
BBX 32 64 0 -13
BITMAP
00000000
00000000
00000000
00000000
00000000
00000000
00000000
00000000
00000000
30000000
78000000
7BC00000
73C00000
03C00000
00800000
00700000
00780000
0078C000
0031E000
0001E000
0001C000
00000000
00000000
00007C00
0001FF00
00030180
000407C0
000C07A0
001807A0
00380310
003C0010
00380010
00100038
00100078
00180038
00180030
000C01E0
000603C0
000303C0
0001FF80
00003C00
00000000
00000000
0040C000
00E1E000
00F1E000
00F1C000
00400000
00000400
00800000
03C00000
73C00000
7BC00000
70800000
20000000
00000000
00000000
00000000
00000000
00000000
00000000
00000000
00000000
00000000
ENDCHAR
STARTCHAR circle1_pgf_f095652a_f000041_r1_c1
ENCODING 1055355
SWIDTH 500 0
DWIDTH 32 0
BBX 32 64 0 -13
BITMAP
00000000
00000000
00000000
00000000
00000000
00000000
00000000
00000000
00000000
0000000C
0000001E
000003DE
000003CC
000033C0
00007800
00007800
00003800
00030000
00078000
00078000
00038000
00000000
001C0000
001C0000
001C0000
001C0000
00000000
00300000
00780000
00780000
00380000
00000000
00000000
00380000
00780000
00780000
00300000
00000000
00180000
001C0000
001C0000
001C0000
00000000
00030000
00078000
00078000
00030000
00003000
00007800
00003800
00001380
000003CC
000003DE
0000001E
0000000C
00000000
00000000
00000000
00000000
00000000
00000000
00000000
00000000
00000000
ENDCHAR
STARTCHAR circle1_pgf_f095652a_f000041_r1_c2
ENCODING 1055356
SWIDTH 500 0
DWIDTH 32 0
BBX 32 64 0 -13
BITMAP
00000000
00000000
00000000
00000000
00000000
00000000
00000000
00000000
00000000
30000000
78000000
7BC00000
73C00000
03C00000
00B00000
00780000
00780000
0038C000
0001E000
0001E000
0001C000
00000000
00000000
00003800
0001FF00
00030180
00040740
001C0760
003C0F20
003C0710
00180010
00100010
00100010
0011C030
001C1878
00180678
002C0230
002401C0
004303C0
0041FFC0
00003DC0
00000000
00400080
00E0C080
01E1E080
00E1E000
0061E100
00100200
00080400
0086F000
23C00000
73C00000
FBC00000
70800000
20000000
00000000
00000000
00000000
00000000
00000000
00000000
00000000
00000000
00000000
ENDCHAR
STARTCHAR circle1_pgf_f095652a_f000042_r1_c1
ENCODING 1055357
SWIDTH 500 0
DWIDTH 32 0
BBX 32 64 0 -13
BITMAP
00000000
00000000
00000000
00000000
00000000
00000000
00000000
00000000
00000000
0000000C
0000001E
000003DE
000003CC
000033C0
00007800
00007800
00003800
00030000
00078000
00078000
00038000
00000000
001C0000
001C0000
001C0000
001C0000
00000000
00300000
00780000
00780000
00380000
00000000
00000000
00380000
00780000
00780000
00300000
00000000
00180000
001C0000
001C0000
001C0000
00000000
00030000
00078000
00078000
00030000
00003000
00007800
00003800
00001380
000003CE
000003DE
0000001E
0000000C
00000000
00000000
00000000
00000000
00000000
00000000
00000000
00000000
00000000
ENDCHAR
STARTCHAR circle1_pgf_f095652a_f000042_r1_c2
ENCODING 1055358
SWIDTH 500 0
DWIDTH 32 0
BBX 32 64 0 -13
BITMAP
00000000
00000000
00000000
00000000
00000000
00000000
00000000
00000000
00000000
30000000
78000000
7BC00000
73C00000
03C00000
00B80000
003C0000
003C0000
0018C000
0001E000
0001E000
0001C000
00000000
00000000
00003800
0001EF00
000F0180
001E0040
001E0F20
001E0F20
00100F10
00100610
00100010
00100010
0013E010
001E1810
001806F0
002802F0
006401F0
004301E0
0041E7C0
000039E0
01C001E0
01E000C0
01E00080
00C0E080
0041E180
0021E100
0010C200
000C0C00
0087F800
73C00000
F3C00000
F3C00000
70800000
00000000
00000000
00000000
00000000
00000000
00000000
00000000
00000000
00000000
00000000
ENDCHAR
STARTCHAR circle1_pgf_f095652a_f000043_r1_c1
ENCODING 1055359
SWIDTH 500 0
DWIDTH 32 0
BBX 32 64 0 -13
BITMAP
00000000
00000000
00000000
00000000
00000000
00000000
00000000
00000000
00000000
0000000C
0000001E
000003DE
000003CE
000033C0
00007800
00007800
00003800
00030000
00078000
00078000
00038000
00000000
001C0000
001C0000
001C0000
001C0000
00000000
00300000
00780000
00780000
00380000
00000000
00000000
00380000
00780000
00780000
00300000
00000000
00180000
001C0000
001C0000
001C0000
00000000
00030000
00078000
00078000
00030000
00003000
00007800
00003800
00001380
000003CE
000003DE
0000001E
0000000C
00000000
00000000
00000000
00000000
00000000
00000000
00000000
00000000
00000000
ENDCHAR
STARTCHAR circle1_pgf_f095652a_f000043_r1_c2
ENCODING 1055360
SWIDTH 500 0
DWIDTH 32 0
BBX 32 64 0 -13
BITMAP
00000000
00000000
00000000
00000000
00000000
00000000
00000000
00000000
00000000
30000000
78000000
7BC00000
73C00000
03C00000
009C0000
003C0000
003C0000
0018C000
0001E000
0001E000
0001C000
00000000
00000000
00000000
0006C700
000F0180
000F0040
000E0E20
00000F20
00100E10
00100E10
00100010
00100010
0013F010
001E1C10
00180620
003003E0
006401E0
004301E0
00C1C6C0
01E010C0
01E001E0
01E001E0
00C000C0
0040C080
0041E180
0021E100
0030E200
000C0C00
0087F800
73C00000
F3C00000
F3C00000
60800000
00000000
00000000
00000000
00000000
00000000
00000000
00000000
00000000
00000000
00000000
ENDCHAR
STARTCHAR circle1_pgf_f095652a_f000044_r1_c1
ENCODING 1055361
SWIDTH 500 0
DWIDTH 32 0
BBX 32 64 0 -13
BITMAP
00000000
00000000
00000000
00000000
00000000
00000000
00000000
00000000
00000000
0000000C
0000001E
000003DE
000003CE
000033C0
00007800
00007800
00003800
00030000
00078000
00078000
00038000
00000000
001C0000
001C0000
001C0000
001C0000
00000000
00300000
00780000
00780000
00380000
00000000
00000000
00380000
00780000
00780000
00300000
00000000
00180000
001C0000
001C0000
001C0000
00000000
00030000
00078000
00078000
00030000
00003000
00007800
00003800
00001380
000003CE
0000039E
0000001E
0000000C
00000000
00000000
00000000
00000000
00000000
00000000
00000000
00000000
00000000
ENDCHAR
STARTCHAR circle1_pgf_f095652a_f000044_r1_c2
ENCODING 1055362
SWIDTH 500 0
DWIDTH 32 0
BBX 32 64 0 -13
BITMAP
00000000
00000000
00000000
00000000
00000000
00000000
00000000
00000000
00000000
30000000
78000000
7BC00000
73C00000
03C80000
001C0000
003E0000
001C0000
0008C000
0001E000
0001E000
0001C000
00000000
00000000
00000000
00070200
00078080
00070040
00020E20
00081E20
00001E00
00000E10
00100010
00100010
0013F010
000E3C00
00180620
00300380
006401C0
00C203C0
01E081C0
01E00080
01C000C0
008001E0
00C001E0
004001C0
0040E180
0020F100
0030E200
001C4C00
6007F800
F3C0C000
F3C00000
63C00000
00800000
00000000
00000000
00000000
00000000
00000000
00000000
00000000
00000000
00000000
00000000
ENDCHAR
STARTCHAR circle1_pgf_f095652a_f000045_r1_c1
ENCODING 1055363
SWIDTH 500 0
DWIDTH 32 0
BBX 32 64 0 -13
BITMAP
00000000
00000000
00000000
00000000
00000000
00000000
00000000
00000000
00000000
0000000C
0000001E
000003DE
000003CE
000033C0
00007800
00007800
00003800
00030000
00078000
00078000
00038000
00000000
001C0000
001C0000
001C0000
001C0000
00000000
00300000
00780000
00780000
00380000
00000000
00000000
00380000
00780000
00780000
00300000
00000000
00180000
001C0000
001C0000
001C0000
00000000
00030000
00078000
00078000
00030000
00003000
00007800
00003800
000013C0
000003CE
0000039E
0000001E
0000000C
00000000
00000000
00000000
00000000
00000000
00000000
00000000
00000000
00000000
ENDCHAR
STARTCHAR circle1_pgf_f095652a_f000045_r1_c2
ENCODING 1055364
SWIDTH 500 0
DWIDTH 32 0
BBX 32 64 0 -13
BITMAP
00000000
00000000
00000000
00000000
00000000
00000000
00000000
00000000
00000000
30000000
78000000
7BC00000
73C00000
03C80000
001C0000
001E0000
001C0000
0000C000
0001E000
0001E000
0001C000
00000000
00000000
00038000
00078000
00078000
00038000
00000C00
00001E00
00001E00
00000E00
00000010
00000010
0003F000
000E1C00
00180600
00300300
00E00380
01E003C0
01E003C0
00C00380
008000C0
00C00080
00C001C0
004003C0
004041C0
0020E180
0030F200
601CEC00
F007F800
F3C08000
E3C00000
03C00000
01800000
00000000
00000000
00000000
00000000
00000000
00000000
00000000
00000000
00000000
00000000
ENDCHAR
STARTCHAR circle1_pgf_f095652a_f000046_r1_c1
ENCODING 1055365
SWIDTH 500 0
DWIDTH 32 0
BBX 32 64 0 -13
BITMAP
00000000
00000000
00000000
00000000
00000000
00000000
00000000
00000000
00000000
0000000C
0000001E
000003DE
000003CE
000033C0
00007800
00007800
00003800
00030000
00078000
00078000
00038000
00000000
001C0000
001C0000
001C0000
001C0000
00000000
00300000
00780000
00780000
00380000
00000000
00000000
00380000
00780000
00780000
00300000
00000000
00180000
001C0000
001C0000
001C0000
00000000
00030000
00078000
00078000
00030000
00003000
00007800
00003980
000013C0
000003CC
0000039E
0000001E
0000000C
00000000
00000000
00000000
00000000
00000000
00000000
00000000
00000000
00000000
ENDCHAR
STARTCHAR circle1_pgf_f095652a_f000046_r1_c2
ENCODING 1055366
SWIDTH 500 0
DWIDTH 32 0
BBX 32 64 0 -13
BITMAP
00000000
00000000
00000000
00000000
00000000
00000000
00000000
00000000
00000000
30000000
78000000
7BC00000
73C00000
03CC0000
001E0000
001E0000
001C0000
0000C000
0001E000
0001E000
0001C000
00000000
00008000
0001C000
0001E000
0001C000
00000000
00000C00
00001E00
00001E00
00001E00
00000000
00000000
0003F000
000E3C00
00780600
00F00300
00F00100
00700780
00C00F80
00C007C0
00C002C0
00C000C0
00C000C0
00400180
00400380
00200780
E030E780
F01CF500
F007F800
E3C06000
03C00000
03C00000
01800000
00000000
00000000
00000000
00000000
00000000
00000000
00000000
00000000
00000000
00000000
ENDCHAR
STARTCHAR circle1_pgf_f095652a_f000047_r1_c1
ENCODING 1055367
SWIDTH 500 0
DWIDTH 32 0
BBX 32 64 0 -13
BITMAP
00000000
00000000
00000000
00000000
00000000
00000000
00000000
00000000
00000000
0000000C
0000001E
000003DE
000003CE
000033C0
00007800
00007800
00003800
00030000
00078000
00078000
00038000
00000000
001C0000
001C0000
001C0000
001C0000
00000000
00300000
00780000
00780000
00380000
00000000
00000000
00380000
00780000
00780000
00300000
00000000
00180000
001C0000
001C0000
001C0000
00000000
00030000
00078000
00078000
00030000
00003000
00007800
00003980
000013C0
000003CC
0000019E
0000001E
0000000C
00000000
00000000
00000000
00000000
00000000
00000000
00000000
00000000
00000000
ENDCHAR
STARTCHAR circle1_pgf_f095652a_f000047_r1_c2
ENCODING 1055368
SWIDTH 500 0
DWIDTH 32 0
BBX 32 64 0 -13
BITMAP
00000000
00000000
00000000
00000000
00000000
00000000
00000000
00000000
00000000
30000000
78000000
7BC00000
73C00000
03CC0000
001E0000
001E0000
001C0000
0000C000
0001E000
0001E000
0001C000
00000000
0000C000
0001E000
0001E000
0000E000
00000000
00000C00
00001E00
00001E00
00001E00
00000000
00000000
0003F000
003E3C00
00780600
00780300
00780100
00400E80
00C00F80
00C00FC0
02C006C0
00C200C0
10C10080
00408080
00400180
E0204700
F0300F80
F01CEF00
E007F200
01C0F000
23C06000
23C00000
01808000
00010000
00020000
03000000
00000000
00000000
00000000
00000000
00000000
00000000
00000000
ENDCHAR
STARTCHAR circle1_pgf_f095652a_f000048_r1_c1
ENCODING 1055369
SWIDTH 500 0
DWIDTH 32 0
BBX 32 64 0 -13
BITMAP
00000000
00000000
00000000
00000000
00000000
00000000
00000000
00000000
00000000
0000000C
0000001E
000003DE
000003CE
000033C0
00007800
00007800
00003800
00030000
00078000
00078000
00038000
00000000
001C0000
001C0000
001C0000
001C0000
00000000
00300000
00780000
00780000
00380000
00000000
00000000
00380000
00780000
00780000
00300000
00000000
00180000
001C0000
001C0000
001C0000
00000000
00030000
00078000
00078000
00030000
00003000
00007800
00003980
000013C0
000003CC
0000019E
0000001E
0000000C
00000000
00000000
00000000
00000000
00000000
00000000
00000000
00000000
00000000
ENDCHAR
STARTCHAR circle1_pgf_f095652a_f000048_r1_c2
ENCODING 1055370
SWIDTH 500 0
DWIDTH 32 0
BBX 32 64 0 -13
BITMAP
00000000
00000000
00000000
00000000
00000000
00000000
00000000
00000000
00000000
30000000
78000000
7BC00000
73C00000
03CC0000
001E0000
001E0000
001C0000
0000C000
0001E000
0001E000
0001C000
00000000
00006000
0000F000
0000F000
00006000
00000000
00000C00
00001E00
00001E00
00001E00
00000000
00000000
001DF000
003E1C00
003C0600
003C0300
00600100
00400C80
00401E80
00C01EC0
03CC0CC0
0C8200C0
10C10080
00408080
6040C180
F0204500
F0304E00
600C1E00
0007FE00
4180F400
23C0F000
23C0E000
11C08000
18010000
0C020000
039C0000
00000000
00000000
00000000
00000000
00000000
00000000
00000000
ENDCHAR
STARTCHAR circle1_pgf_f095652a_f000049_r1_c1
ENCODING 1055371
SWIDTH 500 0
DWIDTH 32 0
BBX 32 64 0 -13
BITMAP
00000000
00000000
00000000
00000000
00000000
00000000
00000000
00000000
00000000
0000000C
0000001E
000003DE
000003CE
000033C0
00007800
00007800
00003800
00030000
00078000
00078000
00038000
00000000
001C0000
001C0000
001C0000
001C0000
00000000
00300000
00780000
00780000
00380000
00000000
00000000
00380000
00780000
00780000
00300000
00000000
00180000
001C0000
001C0000
001C0000
00000000
00030000
00078000
00078000
00030000
00003000
00007800
00003BC0
000013C0
000003CC
0000001E
0000001E
0000000C
00000000
00000000
00000000
00000000
00000000
00000000
00000000
00000000
00000000
ENDCHAR
STARTCHAR circle1_pgf_f095652a_f000049_r1_c2
ENCODING 1055372
SWIDTH 500 0
DWIDTH 32 0
BBX 32 64 0 -13
BITMAP
00000000
00000000
00000000
00000000
00000000
00000000
00000000
00000000
00000000
30000000
78000000
7BC00000
73C00000
03CC0000
001E0000
001E0000
001C0000
0000C000
0001E000
0001E000
0001C000
00000000
00007000
0000F000
0000F000
00007000
00000000
00000C00
00001E00
00001E00
00001E00
00000000
00040000
000FF000
000F1800
001E0600
00200300
00600100
00401C80
00401E80
00F01E80
07DC1CC0
0C8200C0
10C10080
70408080
F040C180
F0204100
60305A00
400C7C00
40077C00
4000FC00
63C1E000
23C1E000
13C0E000
19810000
0C060000
03FC0000
00400000
00000000
00000000
00000000
00000000
00000000
00000000
ENDCHAR
STARTCHAR circle1_pgf_f095652a_f000050_r1_c1
ENCODING 1055373
SWIDTH 500 0
DWIDTH 32 0
BBX 32 64 0 -13
BITMAP
00000000
00000000
00000000
00000000
00000000
00000000
00000000
00000000
00000000
0000000C
0000001E
000003DE
000003CC
000033C0
00007800
00007800
00003800
00030000
00078000
00078000
00038000
00000000
001C0000
001C0000
001C0000
001C0000
00000000
00300000
00780000
00780000
00380000
00000000
00000000
00380000
00780000
00780000
00300000
00000000
00180000
001C0000
001C0000
001C0000
00000000
00030000
00078000
00078000
00030000
00003000
00007980
00003BC0
000013C0
0000018E
0000001E
0000001E
0000000C
00000000
00000000
00000000
00000000
00000000
00000000
00000000
00000000
00000000
ENDCHAR
STARTCHAR circle1_pgf_f095652a_f000050_r1_c2
ENCODING 1055374
SWIDTH 500 0
DWIDTH 32 0
BBX 32 64 0 -13
BITMAP
00000000
00000000
00000000
00000000
00000000
00000000
00000000
00000000
00000000
30000000
78000000
7BC00000
73C00000
03CC0000
001E0000
001E0000
001C0000
0000C000
0001E000
0001E000
0001C000
00000000
00007000
00007800
00007800
00003000
00000000
00000C00
00001E00
00001E00
00001E00
00000000
00070000
0007A000
00079800
00170600
00200300
00200100
00401C80
00403C80
00F03C80
07DC1C00
0C030000
78C10080
78408080
7840C080
30204100
40104200
40087C00
40077800
40007800
6180D000
23C1E000
33C1E000
1981C000
0C060000
03FC0000
00E00000
00000000
00000000
00000000
00000000
00000000
00000000
ENDCHAR
STARTCHAR circle1_pgf_f095652a_f000051_r1_c1
ENCODING 1055375
SWIDTH 500 0
DWIDTH 32 0
BBX 32 64 0 -13
BITMAP
00000000
00000000
00000000
00000000
00000000
00000000
00000000
00000000
00000000
0000000C
0000001E
000003DE
000003CC
000033C0
00007800
00007800
00003800
00030000
00078000
00078000
00038000
00000000
001C0000
001C0000
001C0000
001C0000
00000000
00300000
00780000
00780000
00380000
00000000
00000000
00380000
00780000
00780000
00300000
00000000
00180000
001C0000
001C0000
001C0000
00000000
00030000
00078000
00038000
00010000
00003180
00007BC0
00003BC0
000011C0
0000000C
0000001E
0000001E
0000000C
00000000
00000000
00000000
00000000
00000000
00000000
00000000
00000000
00000000
ENDCHAR
STARTCHAR circle1_pgf_f095652a_f000051_r1_c2
ENCODING 1055376
SWIDTH 500 0
DWIDTH 32 0
BBX 32 64 0 -13
BITMAP
00000000
00000000
00000000
00000000
00000000
00000000
00000000
00000000
00000000
30000000
78000000
7BC00000
73C00000
03CC0000
001E0000
001E0000
001C0000
0000C000
0001E000
0001E000
0001C000
00000000
00003800
00007800
00007800
00003000
00000000
00000C00
00001E00
00001E00
00001E00
00000000
0001C000
0003C000
0003C000
00118000
00200000
00000000
00401800
00003C00
01F03C00
1FFC3800
3C030000
3C018000
3C008000
2000C000
60204100
40004200
4008E400
4001F000
6000E000
6000C000
23808000
33C38000
1BC78000
0F878000
03FF0000
00E00000
00000000
00000000
00000000
00000000
00000000
00000000
ENDCHAR
STARTCHAR circle1_pgf_f095652a_f000052_r1_c1
ENCODING 1055377
SWIDTH 500 0
DWIDTH 32 0
BBX 32 64 0 -13
BITMAP
00000000
00000000
00000000
00000000
00000000
00000000
00000000
00000000
00000000
0000000C
0000001E
000003DE
000003CC
000033C0
00007800
00007800
00003800
00030000
00078000
00078000
00038000
00000000
001C0000
001C0000
001C0000
001C0000
00000000
00300000
00780000
00780000
00380000
00000000
00000000
00380000
00780000
00780000
00300000
00000000
00180000
001C0000
001C0000
001C0000
00000000
00038000
00078000
00038000
00010080
000031C0
000079C0
000039C0
00001000
0000000C
0000001E
0000001E
0000000C
00000000
00000000
00000000
00000000
00000000
00000000
00000000
00000000
00000000
ENDCHAR
STARTCHAR circle1_pgf_f095652a_f000052_r1_c2
ENCODING 1055378
SWIDTH 500 0
DWIDTH 32 0
BBX 32 64 0 -13
BITMAP
00000000
00000000
00000000
00000000
00000000
00000000
00000000
00000000
00000000
30000000
78000000
7BC00000
73C00000
03CC0000
001E0000
001E0000
001C0000
0000C000
0001E000
0001E000
0001C000
00000000
00003800
00007800
00007800
00003800
00000000
00000C00
00001E00
00001E00
00001E00
00000000
0000E000
0001E000
0001E000
0000C000
00000000
00000000
00003800
00003C00
0DF03C00
1FFC3800
1E030000
1E018000
30008000
2000C000
60004000
40004000
4001C000
4003E000
6001C000
6001C000
20004000
33808000
1FC70000
0F8F0000
03FF0000
00F60000
00000000
00000000
00000000
00000000
00000000
00000000
ENDCHAR
STARTCHAR circle1_pgf_f095652a_f000053_r1_c1
ENCODING 1055379
SWIDTH 500 0
DWIDTH 32 0
BBX 32 64 0 -13
BITMAP
00000000
00000000
00000000
00000000
00000000
00000000
00000000
00000000
00000000
0000000C
0000001E
000003DE
000003CC
000033C0
00007800
00007800
00003800
00030000
00078000
00078000
00038000
00000000
001C0000
001C0000
001C0000
001C0000
00000000
00300000
00780000
00780000
00380000
00000000
00000000
00380000
00780000
00780000
00300000
00000000
00180000
001C0000
001C0000
001C0000
00000000
00038000
00078000
00038000
000101C0
000031E0
000079E0
00003880
00001000
0000000C
0000001E
0000001E
0000000C
00000000
00000000
00000000
00000000
00000000
00000000
00000000
00000000
00000000
ENDCHAR
STARTCHAR circle1_pgf_f095652a_f000053_r1_c2
ENCODING 1055380
SWIDTH 500 0
DWIDTH 32 0
BBX 32 64 0 -13
BITMAP
00000000
00000000
00000000
00000000
00000000
00000000
00000000
00000000
00000000
30000000
78000000
7BC00000
73C00000
03CC0000
001E0000
001E0000
001C0000
0000C000
0001E000
0001E000
0001C000
00000000
00003800
00007800
00007800
00003800
00000000
00000C00
00001E00
00001E00
00001E00
00000000
00007000
0000F000
0000F000
00006000
00000000
00000000
00003800
02003C00
07F03C00
0FFC3800
0F030000
1A018000
30008000
2000C000
60004000
60004000
4003E000
4003C000
6003C000
6001C000
2000C000
33008000
1F8D0000
0F9E0000
07FE0000
007E0000
00000000
00000000
00000000
00000000
00000000
00000000
ENDCHAR
STARTCHAR circle1_pgf_f095652a_f000054_r1_c1
ENCODING 1055381
SWIDTH 500 0
DWIDTH 32 0
BBX 32 64 0 -13
BITMAP
00000000
00000000
00000000
00000000
00000000
00000000
00000000
00000000
00000000
0000000C
0000001E
000003DE
000003CC
000033C0
00007800
00007800
00003800
00030000
00078000
00078000
00038000
00000000
001C0000
001C0000
001C0000
001C0000
00000000
00300000
00780000
00780000
00380000
00000000
00000000
00380000
00780000
00780000
00300000
00000000
00180000
001C0000
001C0000
001C0000
00000000
00038000
00038000
000380E0
000000E0
000030E0
000078C0
00003800
00001000
0000000C
0000001E
0000001E
0000000E
00000000
00000000
00000000
00000000
00000000
00000000
00000000
00000000
00000000
ENDCHAR
STARTCHAR circle1_pgf_f095652a_f000054_r1_c2
ENCODING 1055382
SWIDTH 500 0
DWIDTH 32 0
BBX 32 64 0 -13
BITMAP
00000000
00000000
00000000
00000000
00000000
00000000
00000000
00000000
00000000
30000000
78000000
7BC00000
73C00000
03CC0000
001E0000
001E0000
001C0000
0000C000
0001E000
0001E000
0001C000
00000000
00003800
00007800
00003800
00003800
00000000
00000C00
00001E00
00001E00
00001E00
00000000
00003000
00007800
00007800
00003000
00000000
00000000
00003800
01803800
03F03C00
07DC3800
0F830000
18018000
30008000
2000C000
60004000
40004000
4007E000
4007E000
6007C000
60034000
2000C000
30008000
1B010000
0F3E0000
07FC0000
077C0000
00180000
00000000
00000000
00000000
00000000
00000000
ENDCHAR
STARTCHAR circle1_pgf_f095652a_f000055_r1_c1
ENCODING 1055383
SWIDTH 500 0
DWIDTH 32 0
BBX 32 64 0 -13
BITMAP
00000000
00000000
00000000
00000000
00000000
00000000
00000000
00000000
00000000
0000000C
0000001E
000003DE
000003CC
000033C0
00007800
00007800
00003800
00030000
00078000
00078000
00038000
00000000
001C0000
001C0000
001C0000
001C0000
00000000
00300000
00780000
00780000
00380000
00000000
00000000
00380000
00780000
00780000
00300000
00000000
00180000
001C0000
001C0000
001C0000
00010000
00038007
0003C078
00038078
00000070
00003000
00007880
00003880
00001000
00000000
0000001C
0000001E
0000009E
00000008
00000040
00000020
00000018
00000007
00000000
00000000
00000000
00000000
ENDCHAR
STARTCHAR circle1_pgf_f095652a_f000055_r1_c2
ENCODING 1055384
SWIDTH 500 0
DWIDTH 32 0
BBX 32 64 0 -13
BITMAP
00000000
00000000
00000000
00000000
00000000
00000000
00000000
00000000
00000000
30000000
78000000
7BC00000
73C00000
03CC0000
001E0000
001E0000
001C0000
0000C000
0001E000
0001E000
0001C000
00000000
00003800
00007C00
00003800
00003800
00000000
00000C00
00001E00
00001E00
00001E00
00000000
00001800
00003C00
00003C00
00003800
00000000
00000000
00003800
00E03800
00F03C00
07FC3800
0C620000
D0010000
30008000
2400C000
62004000
40064000
410F4000
400F4000
400F4000
60004000
2000C000
30008000
19010000
0CE60000
0FFC0000
1EF00000
1EE00000
E4000000
00000000
00000000
00000000
00000000
ENDCHAR
STARTCHAR circle1_pgf_f095652a_f000056_r1_c1
ENCODING 1055385
SWIDTH 500 0
DWIDTH 32 0
BBX 32 64 0 -13
BITMAP
00000000
00000000
00000000
00000000
00000000
00000000
00000000
00000000
00000000
0000000C
0000001E
000003DE
000003CC
000033C0
00007800
00007800
00003800
00030000
00078000
00078000
00038000
00000000
001C0000
001C0000
001C0000
001C0000
00000000
00300000
00780000
00780000
00380000
00000000
00000000
00380000
00780000
00780000
00300000
00000000
00180000
001C0000
001C0000
001C0000
00018000
0003C03B
0003C03C
00018038
00000050
000030C0
00007880
00003880
00001000
00000100
0000001C
0000009C
0000009C
000000DC
00000040
00000020
00000018
00000007
00000000
00000000
00000000
00000000
ENDCHAR
STARTCHAR circle1_pgf_f095652a_f000056_r1_c2
ENCODING 1055386
SWIDTH 500 0
DWIDTH 32 0
BBX 32 64 0 -13
BITMAP
00000000
00000000
00000000
00000000
00000000
00000000
00000000
00000000
00000000
30000000
78000000
7BC00000
73C00000
03CC0000
001E0000
001E0000
001C0000
0000C000
0001E000
0001E000
0001C000
00000000
00003800
00007C00
00003800
00003800
00000000
00000C00
00001E00
00001E00
00001E00
00000000
00001800
00003C00
00003C00
00001C00
00000000
00000000
00003800
00383800
00783C00
07783800
0C320000
F0010000
38008000
24004000
62004000
43064000
410F4000
410F4000
400E4000
20804000
2000C000
11008000
18010000
05C20000
0BFC0000
1FC00000
3DC00000
DC000000
00000000
00000000
00000000
00000000
ENDCHAR
STARTCHAR circle1_pgf_f095652a_f000057_r1_c1
ENCODING 1055387
SWIDTH 500 0
DWIDTH 32 0
BBX 32 64 0 -13
BITMAP
00000000
00000000
00000000
00000000
00000000
00000000
00000000
00000000
00000000
0000000C
0000001E
000003DE
000003CC
000033C0
00007800
00007800
00003800
00030000
00078000
00078000
00038000
00000000
001C0000
001C0000
001C0000
001C0000
00000000
00300000
00780000
00780000
00380000
00000000
00000000
00380000
00780000
00780000
00300000
00000000
00180000
001C0000
001C0000
001C0000
0001C00C
0003C01F
0001C01E
0000003C
00000040
000030C0
00007880
00003880
00001180
00000100
00000108
000000BC
000000BC
000000DC
00000040
00000020
00000018
00000007
00000000
00000000
00000000
00000000
ENDCHAR
STARTCHAR circle1_pgf_f095652a_f000057_r1_c2
ENCODING 1055388
SWIDTH 500 0
DWIDTH 32 0
BBX 32 64 0 -13
BITMAP
00000000
00000000
00000000
00000000
00000000
00000000
00000000
00000000
00000000
30000000
78000000
7BC00000
73C00000
03CC0000
001E0000
001E0000
001C0000
0000C000
0001E000
0001E000
0001C000
00000000
00003800
00007C00
00003800
00003800
00000000
00000C00
00001E00
00001E00
00001E00
00000000
00000800
00001C00
00003C00
00001C00
00000800
00000000
00003800
00183800
00BC3C00
023C3800
0C1E0000
F0010000
38008000
24004000
02004000
430E4000
411E4000
411E4000
418E4000
20804000
2180C000
11008000
19010000
07820000
07980000
3F800000
79000000
F8000000
30000000
00000000
00000000
00000000
ENDCHAR
STARTCHAR circle1_pgf_f095652a_f000058_r1_c1
ENCODING 1055389
SWIDTH 500 0
DWIDTH 32 0
BBX 32 64 0 -13
BITMAP
00000000
00000000
00000000
00000000
00000000
00000000
00000000
00000000
00000000
0000000C
0000001E
000003DE
000003CC
000033C0
00007800
00007800
00003800
00030000
00078000
00078000
00038000
00000000
001C0000
001C0000
001C0000
001C0000
00000000
00300000
00780000
00780000
00380000
00000000
00000000
00380000
00780000
00780000
00300000
00000000
00180000
001C0000
001C0000
001CC000
0001C007
0001C00F
0000C01F
00000036
00000040
000030C0
00007880
00007880
00003180
00000180
00000180
000000B8
000000BC
000000FC
00000058
00000020
00000018
00000007
00000000
00000000
00000000
00000000
ENDCHAR
STARTCHAR circle1_pgf_f095652a_f000058_r1_c2
ENCODING 1055390
SWIDTH 500 0
DWIDTH 32 0
BBX 32 64 0 -13
BITMAP
00000000
00000000
00000000
00000000
00000000
00000000
00000000
00000000
00000000
30000000
78000000
7BC00000
73C00000
03CC0000
001E0000
001E0000
001C0000
0000C000
0001E000
0001E000
0001C000
00000000
00003800
00007C00
00003800
00003800
00000000
00000C00
00001E00
00001E00
00001E00
00000000
00000000
00001C00
00001E00
00001C00
00000800
00000000
00003800
00003800
000E3C00
021E3800
001E0000
F0040000
38008000
04000000
02004000
030E0000
011E0000
011E0000
018C0000
01800000
01800000
01008000
07010000
0F000000
0F000000
6F000000
F8000000
F0000000
F0000000
00000000
00000000
00000000
ENDCHAR
STARTCHAR circle1_pgf_f095652a_f000059_r1_c1
ENCODING 1055391
SWIDTH 500 0
DWIDTH 32 0
BBX 32 64 0 -13
BITMAP
00000000
00000000
00000000
00000000
00000000
00000000
00000000
00000000
00000000
0000000C
0000001E
000003DE
000003CC
000033C0
00007800
00007800
00003800
00030000
00078000
00078000
00038000
00000000
001C0000
001C0000
001C0000
001C0000
00000000
00300000
00780000
00780000
00380000
00000000
00000000
00380000
00780000
00780000
00300000
00000000
00180000
001C0000
001C0000
001CE001
0001E003
0000E007
0000001B
00000030
00000040
000030C0
00007880
00007880
00003180
00000180
00000180
000000B0
000000F8
00000078
00000078
00000020
00000019
00000007
00000001
00000000
00000000
00000000
ENDCHAR
STARTCHAR circle1_pgf_f095652a_f000059_r1_c2
ENCODING 1055392
SWIDTH 500 0
DWIDTH 32 0
BBX 32 64 0 -13
BITMAP
00000000
00000000
00000000
00000000
00000000
00000000
00000000
00000000
00000000
30000000
78000000
7BC00000
73C00000
03CC0000
001E0000
001E0000
001C0000
0000C000
0001E000
0001E000
0001C000
00000000
00003800
00007C00
00003800
00003800
00000000
00000C00
00001E00
00001E00
00001E00
00000000
00000000
00001C00
00001E00
00001E00
00000C00
00000000
00003800
00003800
00063C00
000F3800
800F0000
F0070000
B8000000
0C000000
02000000
030C0000
011E0000
011E0000
018C0000
01800000
01800000
01000000
0F000000
1F000000
0E000000
0C000000
D8000000
E0000000
C0000000
80000000
00000000
00000000
ENDCHAR
STARTCHAR circle1_pgf_f095652a_f000060_r1_c1
ENCODING 1055393
SWIDTH 500 0
DWIDTH 32 0
BBX 32 64 0 -13
BITMAP
00000000
00000000
00000000
00000000
00000000
00000000
00000000
00000000
00000000
0000000C
0000001E
000003DE
000003CC
000033C0
00007800
00007800
00003800
00030000
00078000
00078000
00038000
00000000
001C0000
001C0000
001C0000
001C0000
00000000
00300000
00780000
00780000
00380000
00000000
00000000
00380000
00780000
00380000
00100000
00000000
00180000
001C0000
001C7000
001C7000
00007000
00002007
00000018
00000030
00000040
000030C0
00007880
00007880
00003180
00000180
00000180
00000080
000000E0
000000F0
000000F0
00000072
0000001F
0000000F
00000007
00000000
00000000
00000000
ENDCHAR
STARTCHAR circle1_pgf_f095652a_f000060_r1_c2
ENCODING 1055394
SWIDTH 500 0
DWIDTH 32 0
BBX 32 64 0 -13
BITMAP
00000000
00000000
00000000
00000000
00000000
00000000
00000000
00000000
00000000
30000000
78000000
7BC00000
73C00000
03CC0000
001E0000
001E0000
001C0000
0000C000
0001E000
0001E000
0001C000
00000000
00003800
00007C00
00003800
00003800
00000000
00000C00
00001E00
00001E00
00001E00
00000000
00000000
00001C00
00001E00
00001E00
00000C00
00000000
00003800
00003800
00003C00
0003B800
E0078000
F0078000
F8030000
4C000000
02000000
031C0000
011E0000
011E0000
018C0000
00800000
01800000
1D000000
3D000000
3F000000
1E000000
04000000
18000000
E0000000
00000000
00000000
00000000
00000000
ENDCHAR
STARTCHAR circle1_pgf_f095652a_f000061_r1_c1
ENCODING 1055395
SWIDTH 500 0
DWIDTH 32 0
BBX 32 64 0 -13
BITMAP
00000000
00000000
00000000
00000000
00000000
00000000
00000000
00000000
00000000
0000000C
0000001E
000003DE
000003CC
000033C0
00007800
00007800
00003800
00030000
00078000
00078000
00038000
00000000
001C0000
001C0000
001C0000
001C0000
00000000
00300000
00780000
00780000
00380000
00000000
00000000
00380000
00380000
00380000
00100000
00000000
00180000
001C1000
001C3800
001C3800
00003800
00000007
0000001C
00000020
00000040
000030C0
00007080
00007080
00003180
00000100
00000180
00000080
00000080
000001E0
000001E0
000001EC
0000001E
0000001F
0000000C
00000000
00000000
00000000
ENDCHAR
STARTCHAR circle1_pgf_f095652a_f000061_r1_c2
ENCODING 1055396
SWIDTH 500 0
DWIDTH 32 0
BBX 32 64 0 -13
BITMAP
00000000
00000000
00000000
00000000
00000000
00000000
00000000
00000000
00000000
30000000
78000000
7BC00000
73C00000
03CC0000
001E0000
001E0000
001C0000
0000C000
0001E000
0001E000
0001C000
00000000
00003800
00007C00
00003800
00003800
00000000
00000C00
00001E00
00001E00
00001E00
00000000
00000000
00001C00
00001E00
00001E00
00000C00
00000000
00003800
00003800
00003C00
0001B800
30038000
F803C000
78038000
34000000
02000000
031C0000
011E0000
011E0000
018C0000
00800000
11800000
3D000000
3D000000
3D000000
02000000
04000000
18000000
E0000000
00000000
00000000
00000000
00000000
ENDCHAR
STARTCHAR circle1_pgf_f095652a_f000062_r1_c1
ENCODING 1055397
SWIDTH 500 0
DWIDTH 32 0
BBX 32 64 0 -13
BITMAP
00000000
00000000
00000000
00000000
00000000
00000000
00000000
00000000
00000000
0000000C
0000001E
000003DE
000003CC
000033C0
00007800
00007800
00003800
00030000
00078000
00078000
00038000
00000000
001C0000
001C0000
001C0000
001C0000
00000000
00300000
00780000
00780000
00380000
00000000
00100000
003C0000
003C0000
00380000
00000000
00000000
00180000
001C0C00
001C1C00
001C1C00
00000C00
00000007
00000018
00000020
00000040
000020C0
00007080
00007080
00007000
00000100
00000000
00000080
00000080
000001C0
000003C0
000003F8
000001BC
0000003F
00000000
00000000
00000000
00000000
ENDCHAR
STARTCHAR circle1_pgf_f095652a_f000062_r1_c2
ENCODING 1055398
SWIDTH 500 0
DWIDTH 32 0
BBX 32 64 0 -13
BITMAP
00000000
00000000
00000000
00000000
00000000
00000000
00000000
00000000
00000000
30000000
78000000
7BC00000
73C00000
03CC0000
001E0000
001E0000
001C0000
0000C000
0001E000
0001E000
0001C000
00000000
00003800
00007C00
00003800
00003800
00000000
00000C00
00001E00
00001E00
00001E00
00000000
00000000
00001E00
00001E00
00001E00
00000C00
00000000
00003800
00003800
00003C00
00003800
0003C000
FC03C000
3C03C000
3C018000
0A000000
031C0000
011E0000
011E0000
000C0000
00800000
38000000
39000000
39000000
3B000000
02000000
04000000
18000000
E0000000
00000000
00000000
00000000
00000000
ENDCHAR
STARTCHAR circle1_pgf_f095652a_f000063_r1_c1
ENCODING 1055399
SWIDTH 500 0
DWIDTH 32 0
BBX 32 64 0 -13
BITMAP
00000000
00000000
00000000
00000000
00000000
00000000
00000000
00000000
00000000
0000000C
0000001E
000003DE
000003CC
000033C0
00007800
00007800
00003800
00030000
00078000
00078000
00038000
00000000
001C0000
001C0000
001C0000
001C0000
00000000
00300000
00780000
00780000
00380000
00000000
00180000
003C0000
003C0000
001C0000
00000000
00000000
00180000
001C0600
001C0F00
001C0F00
00000600
00000007
00000018
00000020
00000040
00000000
0000F080
0000F080
00006000
00000000
00000000
00000080
00000080
00000300
000007F0
00000778
00000378
00000033
00000000
00000000
00000000
00000000
ENDCHAR
STARTCHAR circle1_pgf_f095652a_f000063_r1_c2
ENCODING 1055400
SWIDTH 500 0
DWIDTH 32 0
BBX 32 64 0 -13
BITMAP
00000000
00000000
00000000
00000000
00000000
00000000
00000000
00000000
00000000
30000000
78000000
7BC00000
73C00000
03CC0000
001E0000
001E0000
001C0000
0000C000
0001E000
0001E000
0001C000
00000000
00003800
00003C00
00003800
00003800
00000000
00000C00
00001E00
00001E00
00001E00
00000000
00000000
00001E00
00001E00
00001E00
00000C00
00000000
00003800
00003800
00003C00
00003800
00018000
EC03C000
1E03C000
1E01C000
0E000000
001C0000
011E0000
011E0000
000C0000
00000000
38000000
78000000
79000000
30000000
02000000
04000000
18000000
E0000000
00000000
00000000
00000000
00000000
ENDCHAR
STARTCHAR circle1_pgf_f095652a_f000064_r1_c1
ENCODING 1055401
SWIDTH 500 0
DWIDTH 32 0
BBX 32 64 0 -13
BITMAP
00000000
00000000
00000000
00000000
00000000
00000000
00000000
00000000
00000000
0000000C
0000001E
000003DE
000003CC
000033C0
00007800
00007800
00003800
00030000
00078000
00078000
00038000
00000000
001C0000
001C0000
001C0000
001C0000
00000000
00300000
00780000
00780000
00380000
00000000
000C0000
001E0000
001E0000
000C0000
00000000
00000000
00180000
001C0180
001C03C0
001C03C0
00004180
00000000
00000008
00000000
00000000
00000000
0000E000
0001E000
0000E000
00000000
00000000
00000000
00000040
00001CE0
00001EE0
00001EE0
00000800
00000000
00000000
00000000
00000000
00000000
ENDCHAR
STARTCHAR circle1_pgf_f095652a_f000064_r1_c2
ENCODING 1055402
SWIDTH 500 0
DWIDTH 32 0
BBX 32 64 0 -13
BITMAP
00000000
00000000
00000000
00000000
00000000
00000000
00000000
00000000
00000000
30000000
78800000
7BC00000
73C00000
03CC0000
001E0000
001E0000
001C0000
0000C000
0001E000
0001E000
0001C000
00000000
00003800
00003C00
00003800
00003800
00000000
00000C00
00001E00
00001E00
00001E00
00000000
00000000
00001E00
00001E00
00001E00
00000C00
00000000
00003800
00003800
00003C00
00003800
00008000
0001C000
0003E000
0701C000
0F008000
071C0000
021E0000
001E0000
000C0000
30000000
78000000
78000000
78000000
00000000
00000000
04000000
00000000
00000000
00000000
00000000
00000000
00000000
ENDCHAR
STARTCHAR circle1_pgf_f095652a_f000065_r1_c1
ENCODING 1055403
SWIDTH 500 0
DWIDTH 32 0
BBX 32 64 0 -13
BITMAP
00000000
00000000
00000000
00000000
00000000
00000000
00000000
00000000
00000000
0000000C
0000001E
000003DE
000003CC
000033C0
00007800
00007800
00003800
00030000
00078000
00078000
00038000
00000000
001C0000
001E0000
001C0000
001C0000
00000000
00300000
00780000
00780000
00380000
00000000
000E0000
000F0000
000E0000
00060000
00000000
00000000
00180000
001C0000
001C01E0
001C01E0
000000E0
00000008
00010000
00000000
00000000
00000000
0001C000
0003C000
0001C000
00008000
00000000
00010000
000000E0
000079E0
000079E0
00003800
00000000
00000000
00000000
00000000
00000000
00000000
ENDCHAR
STARTCHAR circle1_pgf_f095652a_f000065_r1_c2
ENCODING 1055404
SWIDTH 500 0
DWIDTH 32 0
BBX 32 64 0 -13
BITMAP
00000000
00000000
00000000
00000000
00000000
00000000
00000000
00000000
00000000
30000000
78800000
7BC00000
73C00000
03CC0000
001E0000
001E0000
001C0000
0000C000
0001E000
0001E000
0001C000
00000000
00003800
00007C00
00003800
00003800
00000000
00000C00
00001E00
00001E00
00001E00
00000000
00000000
00001E00
00001E00
00001E00
00000C00
00000000
00003800
00003800
00003C00
00003800
00000000
0001C000
0001E000
0301C000
07808000
079C0000
079E0000
001E0000
000C0000
30000000
78000000
78000000
70000000
00000000
00000000
00000000
00000000
00000000
00000000
00000000
00000000
00000000
ENDCHAR
STARTCHAR circle1_pgf_f095652a_f000066_r1_c1
ENCODING 1055405
SWIDTH 500 0
DWIDTH 32 0
BBX 32 64 0 -13
BITMAP
00000000
00000000
00000000
00000000
00000000
00000000
00000000
00000000
00000000
0000000C
0000001E
000003DE
000003CC
000033C0
00007800
00007800
00003800
00030000
00078000
00078000
00038000
00000000
001C0000
001E0000
001E0000
001C0000
00000000
00300000
00780000
00780000
00380000
00000000
00070000
00070000
00070000
00020000
00000000
00000000
00180000
001C0000
003C0060
001C00F0
00000070
00000070
00010000
00000000
00000000
00000000
00038000
0003C000
00038000
00030000
00000000
000101C0
0000E1C0
0000F1E0
0000F1C0
00006000
00000000
00000000
00000000
00000000
00000000
00000000
ENDCHAR
STARTCHAR circle1_pgf_f095652a_f000066_r1_c2
ENCODING 1055406
SWIDTH 500 0
DWIDTH 32 0
BBX 32 64 0 -13
BITMAP
00000000
00000000
00000000
00000000
00000000
00000000
00000000
00000000
00000000
30000000
78800000
7BC00000
73C00000
03CC0000
001E0000
001E0000
001C0000
0000C000
0001E000
0001E000
0001C000
00000000
00003800
00003C00
00003800
00003800
00000000
00000C00
00001E00
00001E00
00001E00
00000000
00000000
00001E00
00001E00
00001E00
00000C00
00000000
00003800
00003800
00003C00
00003800
00000000
0001C000
0001E000
0001E000
0300C000
039C0000
079E0000
039E0000
000C0000
30000000
78000000
78000000
70000000
00000000
00000000
00000000
00000000
00000000
00000000
00000000
00000000
00000000
ENDCHAR
STARTCHAR circle1_pgf_f095652a_f000067_r1_c1
ENCODING 1055407
SWIDTH 500 0
DWIDTH 32 0
BBX 32 64 0 -13
BITMAP
00000000
00000000
00000000
00000000
00000000
00000000
00000000
00000000
00000000
0000000C
0000001E
000003DE
000003CE
000033C0
00007800
00007800
00003800
00030000
00078000
00078000
00038000
00000000
001C0000
001E0000
001E0000
000C0000
00000000
00300000
00780000
00780000
00380000
00000000
00038000
00078000
00038000
00010000
00000000
00000000
00180000
003C0000
003C0000
00180038
00004038
00000038
00010018
00000004
00000000
00000000
00030000
00078000
00070000
00030000
00000180
0001C3C0
0001E3C0
0001E1C0
0000C000
00000000
00000000
00000000
00000000
00000000
00000000
00000000
ENDCHAR
STARTCHAR circle1_pgf_f095652a_f000067_r1_c2
ENCODING 1055408
SWIDTH 500 0
DWIDTH 32 0
BBX 32 64 0 -13
BITMAP
00000000
00000000
00000000
00000000
00000000
00000000
00000000
00000000
00000000
30000000
78800000
7BC00000
73C00000
03CC0000
001E0000
001E0000
001C0000
0000C000
0001E000
0001E000
0001C000
00000000
00003800
00003C00
00003800
00003800
00000000
00000C00
00001E00
00001E00
00001E00
00000000
00000000
00001E00
00001E00
00001E00
00000C00
00000000
00003800
00003800
00003C00
00003800
00000000
0001C000
0001E000
0001E000
0000C000
039C0000
03DE0000
03DE0000
038C0000
70000000
78000000
78000000
30000000
00000000
00000000
00000000
00000000
00000000
00000000
00000000
00000000
00000000
ENDCHAR
STARTCHAR circle1_pgf_f095652a_f000068_r1_c1
ENCODING 1055409
SWIDTH 500 0
DWIDTH 32 0
BBX 32 64 0 -13
BITMAP
00000000
00000000
00000000
00000000
00000000
00000000
00000000
00000000
00000000
0000000C
0000001E
000003DE
000003CE
000033C0
00007800
00007800
00003800
00030000
00078000
00078000
00038000
00000000
000C0000
001E0000
001E0000
000C0000
00000000
00300000
00780000
00780000
00380000
00000000
0001C000
0003C000
0001C000
00008000
00000000
00000000
00180000
003C0000
003C0000
00180000
0000001C
0000001C
0000001C
0000000C
00000000
00000000
000E0000
000F0000
000E0000
00060080
000183C0
0003C3C0
0003C1C0
00018000
00000000
00000000
00000000
00000000
00000000
00000000
00000000
00000000
ENDCHAR
STARTCHAR circle1_pgf_f095652a_f000068_r1_c2
ENCODING 1055410
SWIDTH 500 0
DWIDTH 32 0
BBX 32 64 0 -13
BITMAP
00000000
00000000
00000000
00000000
00000000
00000000
00000000
00000000
00000000
30000000
78800000
7BC00000
73C00000
03CC0000
001E0000
001E0000
001C0000
0000C000
0001E000
0001E000
0001C000
00000000
00003800
00003C00
00003800
00003800
00000000
00000C00
00001E00
00001E00
00001E00
00000000
00000000
00001E00
00001E00
00001E00
00000C00
00000000
00003800
00003800
00003C00
00003800
00000000
0001C000
0001E000
0001E000
0000C000
001C0000
03DE0000
03DE0000
03CC0000
71800000
78000000
78000000
30000000
00000000
00000000
00000000
00000000
00000000
00000000
00000000
00000000
00000000
ENDCHAR
STARTCHAR circle1_pgf_f095652a_f000069_r1_c1
ENCODING 1055411
SWIDTH 500 0
DWIDTH 32 0
BBX 32 64 0 -13
BITMAP
00000000
00000000
00000000
00000000
00000000
00000000
00000000
00000000
00000000
0000000C
0000001E
000003DE
000003CE
000033C0
00007800
00007800
00003800
00030000
00078000
00078000
00038000
00000000
000E0000
000E0000
000E0000
000E0000
00000000
00300000
00780000
00780000
00380000
00000000
00002000
0000F000
0000F000
00007000
00000000
00000000
00380000
00380000
00380100
00380000
00000000
00000000
0000000E
0000000F
0000000E
00180000
003C0000
003C0000
001B0000
00070380
000783C0
000303C0
00000000
00000000
00000000
00000000
00000000
00000000
00000000
00000000
00000000
00000000
ENDCHAR
STARTCHAR circle1_pgf_f095652a_f000069_r1_c2
ENCODING 1055412
SWIDTH 500 0
DWIDTH 32 0
BBX 32 64 0 -13
BITMAP
00000000
00000000
00000000
00000000
00000000
00000000
00000000
00000000
00000000
30000000
78800000
7BC00000
73C00000
03CC0000
001E0000
001E0000
001C0000
0000C000
0001E000
0001E000
0001C000
00000000
00003800
00003C00
00003800
00003800
00000000
00000C00
00001E00
00001E00
00001E00
00000000
00000000
00001E00
00001E00
00001E00
00000C00
00000000
00003800
00003800
00003C00
00003800
00000000
0001C000
0001E000
0001E000
0000C000
001C0000
019E0000
03DE0000
03CC0000
73C00000
78000000
78000000
30000000
00000000
00000000
00000000
00000000
00000000
00000000
00000000
00000000
00000000
ENDCHAR
STARTCHAR circle1_pgf_f095652a_f000070_r1_c1
ENCODING 1055413
SWIDTH 500 0
DWIDTH 32 0
BBX 32 64 0 -13
BITMAP
00000000
00000000
00000000
00000000
00000000
00000000
00000000
00000000
00000000
0000000C
0000001E
000003DE
000003CC
000033C0
00007800
00007800
00003800
00030000
00078000
00078000
00038000
00000000
00060000
000F0000
000F0000
00060000
00000000
00300000
00780000
00780000
00380000
00000000
00000000
00003800
00007800
00003800
00003000
00000000
00300000
01780000
00780000
00300100
00000000
00000000
00000000
00000006
0000040F
0070000F
00781006
007F0000
00070180
000703C0
000703C0
00000180
00000000
00000000
00000000
00000000
00000000
00000000
00000000
00000000
00000000
00000000
ENDCHAR
STARTCHAR circle1_pgf_f095652a_f000070_r1_c2
ENCODING 1055414
SWIDTH 500 0
DWIDTH 32 0
BBX 32 64 0 -13
BITMAP
00000000
00000000
00000000
00000000
00000000
00000000
00000000
00000000
00000000
30000000
78000000
7BC00000
73C00000
03CC0000
001E0000
001E0000
001C0000
0000C000
0001E000
0001E000
0001C000
00000000
00003800
00003C00
00003800
00003800
00000000
00000C00
00001E00
00001E00
00001E00
00000000
00000000
00001E00
00001E00
00001E00
00000C00
00000000
00003800
00003800
00003C00
00003800
00000000
0001C000
0001E000
0001E000
0000C000
001C0000
001E0000
01DE0000
03CC0000
73C00000
79800000
78000000
30000000
00000000
00000000
00000000
00000000
00000000
00000000
00000000
00000000
00000000
ENDCHAR
STARTCHAR circle1_pgf_f095652a_f000071_r1_c1
ENCODING 1055415
SWIDTH 500 0
DWIDTH 32 0
BBX 32 64 0 -13
BITMAP
00000000
00000000
00000000
00000000
00000000
00000000
00000000
00000000
00000000
0000000C
0000001E
000003DE
000003CC
000033C0
00007800
00007800
00003800
00030000
00078000
00078000
00038000
00000000
00070000
00070000
00070000
00070000
00000000
00300000
00780000
00780000
00380000
00000000
00000000
00000000
00101C00
00001C00
00001C00
00000800
01700000
00700000
00700000
00200100
00000000
00000000
00000000
00000000
00E00407
00F0000F
00F6100F
006F0006
00070180
000603C0
000003C0
00000180
00000000
00000000
00000000
00000000
00000000
00000000
00000000
00000000
00000000
00000000
ENDCHAR
STARTCHAR circle1_pgf_f095652a_f000071_r1_c2
ENCODING 1055416
SWIDTH 500 0
DWIDTH 32 0
BBX 32 64 0 -13
BITMAP
00000000
00000000
00000000
00000000
00000000
00000000
00000000
00000000
00000000
30000000
78000000
7BC00000
73C00000
03CC0000
001E0000
001E0000
001C0000
0000C000
0001E000
0001E000
0001C000
00000000
00003800
00007C00
00003800
00003800
00000000
00000C00
00001E00
00001E00
00001E00
00000000
00000000
00001E00
00001E00
00001E00
00000C00
00000000
00003800
00003800
00003C00
00003800
00000000
0001C000
0001E000
0001E000
0000C000
001C0000
001E0000
019E0000
03CC0000
73C00000
79800000
78000000
30000000
00000000
00000000
00000000
00000000
00000000
00000000
00000000
00000000
00000000
ENDCHAR
STARTCHAR circle1_pgf_f095652a_f000072_r1_c1
ENCODING 1055417
SWIDTH 500 0
DWIDTH 32 0
BBX 32 64 0 -13
BITMAP
00000000
00000000
00000000
00000000
00000000
00000000
00000000
00000000
00000000
0000000C
0000001E
000003DE
000003CC
000033C0
00007800
00007800
00003800
00030000
00078000
00078000
00038000
00000000
00010000
00078000
00078000
00038000
00000000
00300000
00780000
00780000
00300000
00000000
00000000
00000000
00102000
00400E00
00001E00
00000E00
00E00600
00F00000
00E00000
00400100
00000000
00000000
01000000
01C00000
01E00400
01E60807
00CF100F
000F4007
00060186
000003C0
000003C0
00000180
00000000
00000000
00000000
00000000
00000000
00000000
00000000
00000000
00000000
00000000
ENDCHAR
STARTCHAR circle1_pgf_f095652a_f000072_r1_c2
ENCODING 1055418
SWIDTH 500 0
DWIDTH 32 0
BBX 32 64 0 -13
BITMAP
00000000
00000000
00000000
00000000
00000000
00000000
00000000
00000000
00000000
30000000
78000000
7BC00000
73C00000
03CC0000
001E0000
001E0000
001C0000
0000C000
0001E000
0001E000
0001C000
00000000
00003800
00007C00
00003800
00003800
00000000
00000C00
00001E00
00001E00
00001E00
00000000
00000000
00001E00
00001E00
00001E00
00000C00
00000000
00003800
00003800
00003C00
00003800
00000000
0001C000
0001E000
0001E000
0000C000
001C0000
001E0000
019E0000
03CC0000
73C00000
7BC00000
78000000
30000000
00000000
00000000
00000000
00000000
00000000
00000000
00000000
00000000
00000000
ENDCHAR
STARTCHAR circle1_pgf_f095652a_f000073_r1_c1
ENCODING 1055419
SWIDTH 500 0
DWIDTH 32 0
BBX 32 64 0 -13
BITMAP
00000000
00000000
00000000
00000000
00000000
00000000
00000000
00000000
00000000
0000000C
0000001E
000003DE
000003CE
000013C0
00003800
00007800
00003800
00030000
00078000
00078000
00038000
00000000
00000000
0001C000
0003C000
0003C000
0001C000
00300000
00780000
00780000
00700000
00000000
00000000
00000000
00102000
00001800
00000000
00C00700
01C00700
01E00700
01C00200
00000100
00000000
01800000
03C00000
03C00000
01870400
004F0800
00271006
0006000F
0000038F
000003C7
000003C0
00000000
00000000
00000000
00000000
00000000
00000000
00000000
00000000
00000000
00000000
00000000
ENDCHAR
STARTCHAR circle1_pgf_f095652a_f000073_r1_c2
ENCODING 1055420
SWIDTH 500 0
DWIDTH 32 0
BBX 32 64 0 -13
BITMAP
00000000
00000000
00000000
00000000
00000000
00000000
00000000
00000000
00000000
30000000
78000000
7BC00000
73C00000
03CC0000
001E0000
001E0000
001C0000
0000C000
0001E000
0001E000
0001C000
00000000
00003800
00007C00
00003800
00003800
00000000
00000C00
00001E00
00001E00
00001E00
00000000
00000000
00001E00
00001E00
00001E00
00000C00
00000000
00003800
00003800
00003C00
00003800
00000000
0001C000
0001E000
0001E000
0000C000
001C0000
001E0000
019E0000
03CC0000
73C00000
7BC00000
78000000
30000000
00000000
00000000
00000000
00000000
00000000
00000000
00000000
00000000
00000000
ENDCHAR
STARTCHAR circle1_pgf_f095652a_f000074_r1_c1
ENCODING 1055421
SWIDTH 500 0
DWIDTH 32 0
BBX 32 64 0 -13
BITMAP
00000000
00000000
00000000
00000000
00000000
00000000
00000000
00000000
00000000
0000000C
0000001E
000003DE
000003CE
000013C0
00003800
00003800
00003800
00030000
00078000
00078000
00038000
00000000
00000000
00004000
0001E000
0001E000
0000E000
00300000
00780000
00780000
00700000
00000000
00000000
00000000
00102000
00001800
00000400
03800000
03C00300
03C00780
01000780
00000300
03800000
07800000
03800000
01070000
00870400
00470000
00221000
00080006
0000038F
000003CF
000003C6
00000000
00000000
00000000
00000000
00000000
00000000
00000000
00000000
00000000
00000000
00000000
ENDCHAR
STARTCHAR circle1_pgf_f095652a_f000074_r1_c2
ENCODING 1055422
SWIDTH 500 0
DWIDTH 32 0
BBX 32 64 0 -13
BITMAP
00000000
00000000
00000000
00000000
00000000
00000000
00000000
00000000
00000000
30000000
78000000
7BC00000
73C00000
03CC0000
001E0000
001E0000
001C0000
0000C000
0001E000
0001E000
0001C000
00000000
00003800
00007C00
00003800
00003800
00000000
00000C00
00001E00
00001E00
00001E00
00000000
00000000
00001E00
00001E00
00001E00
00000C00
00000000
00003800
00003800
00003C00
00003800
00000000
0001C000
0001E000
0001E000
0000C000
001C0000
001E0000
009E0000
03CC0000
73C00000
7BC00000
78000000
30000000
00000000
00000000
00000000
00000000
00000000
00000000
00000000
00000000
00000000
ENDCHAR
STARTCHAR circle1_pgf_f095652a_f000075_r1_c1
ENCODING 1055423
SWIDTH 500 0
DWIDTH 32 0
BBX 32 64 0 -13
BITMAP
00000000
00000000
00000000
00000000
00000000
00000000
00000000
00000000
00000000
0000000C
0000001E
000003DE
000003CE
000003C0
00003800
00003C00
00003800
00031000
00078000
00078000
00038000
00000000
00000000
00000000
00006000
0000F000
0200F000
00707000
00700000
00700000
00700000
08000800
08000800
00000000
00100000
00001800
07000000
07802000
07804000
03010300
01000780
07800780
07800300
03000000
00020000
00070000
00070400
00470000
00201000
00000000
0000038F
000003CF
000003CF
00000000
00000000
00000000
00000000
00000000
00000000
00000000
00000000
00000000
00000000
00000000
ENDCHAR
STARTCHAR circle1_pgf_f095652a_f000075_r1_c2
ENCODING 1055424
SWIDTH 500 0
DWIDTH 32 0
BBX 32 64 0 -13
BITMAP
00000000
00000000
00000000
00000000
00000000
00000000
00000000
00000000
00000000
30000000
78000000
7BC00000
73C00000
03CC0000
001E0000
001E0000
001C0000
0000C000
0001E000
0001E000
0001C000
00000000
00003800
00007C00
00003800
00003800
00000000
00000C00
00001E00
00001E00
00001E00
00000000
00000000
00001E00
00001E00
00001E00
00000C00
00000000
00003800
00003800
00003C00
00003800
00000000
0001C000
0001E000
0001E000
0000C000
001C0000
001E0000
009E0000
03CC0000
73C00000
7BC00000
78000000
30000000
00000000
00000000
00000000
00000000
00000000
00000000
00000000
00000000
00000000
ENDCHAR
STARTCHAR circle1_pgf_f095652a_f000076_r1_c1
ENCODING 1055425
SWIDTH 500 0
DWIDTH 32 0
BBX 32 64 0 -13
BITMAP
00000000
00000000
00000000
00000000
00000000
00000000
00000000
00000000
00000000
0000000C
0000001E
000003DE
000003CC
000003C0
00001800
00003C00
00003C00
00031800
00078000
00078000
00038000
00000000
00000000
00000000
00410000
01007000
02007800
04707800
04F03000
00F00000
08600800
08000800
08000800
08000800
00000000
06001800
0F001000
0F002000
07004000
03C10000
07800000
07800380
03000780
00000380
00030000
00078000
00078000
00030000
00000000
00000000
00000386
000003CF
000003CF
00000006
00000000
00000000
00000000
00000000
00000000
00000000
00000000
00000000
00000000
00000000
ENDCHAR
STARTCHAR circle1_pgf_f095652a_f000076_r1_c2
ENCODING 1055426
SWIDTH 500 0
DWIDTH 32 0
BBX 32 64 0 -13
BITMAP
00000000
00000000
00000000
00000000
00000000
00000000
00000000
00000000
00000000
30000000
78000000
7BC00000
73C00000
03CC0000
001E0000
001E0000
001C0000
0000C000
0001E000
0001E000
0001C000
00000000
00003800
00007C00
00003800
00003800
00000000
00000C00
00001E00
00001E00
00001E00
00000000
00000000
00001E00
00001E00
00001E00
00000C00
00000000
00003800
00003800
00003C00
00003800
00000000
0001C000
0001E000
0001E000
0000C000
001C0000
001E0000
009E0000
03CC0000
73C00000
7BC00000
78800000
30000000
00000000
00000000
00000000
00000000
00000000
00000000
00000000
00000000
00000000
ENDCHAR
STARTCHAR circle1_pgf_f095652a_f000077_r1_c1
ENCODING 1055427
SWIDTH 500 0
DWIDTH 32 0
BBX 32 64 0 -13
BITMAP
00000000
00000000
00000000
00000000
00000000
00000000
00000000
00000000
00000000
0000000C
0000001E
000003DE
000003CC
000003C0
00001800
00003C00
00003C00
00031C00
00078000
00078000
00038000
00000000
00000000
00080000
00630000
01804000
02403800
04F03800
04F03C00
08E03800
08000800
08000800
08000800
08000800
0E001800
1E001800
0E001000
0E002000
03804000
07E30000
03800000
03000000
00000300
00000780
00070780
00078200
00070000
00000000
00000000
00000000
00000384
000003CE
000003CF
0000000E
00000000
00000000
00000000
00000000
00000000
00000000
00000000
00000000
00000000
00000000
ENDCHAR
STARTCHAR circle1_pgf_f095652a_f000077_r1_c2
ENCODING 1055428
SWIDTH 500 0
DWIDTH 32 0
BBX 32 64 0 -13
BITMAP
00000000
00000000
00000000
00000000
00000000
00000000
00000000
00000000
00000000
30000000
78000000
7BC00000
73C00000
03CC0000
001E0000
001E0000
001C0000
0000C000
0001E000
0001E000
0001C000
00000000
00003800
00007C00
00003800
00003800
00000000
00000C00
00001E00
00001E00
00001E00
00000000
00000000
00001E00
00001E00
00001E00
00000C00
00000000
00003800
00003800
00003C00
00003800
00000000
0001C000
0001E000
0001E000
0000C000
001C0000
001E0000
009E0000
03CC0000
73C00000
7BC00000
78800000
30000000
00000000
00000000
00000000
00000000
00000000
00000000
00000000
00000000
00000000
ENDCHAR
STARTCHAR circle1_pgf_f095652a_f000078_r1_c1
ENCODING 1055429
SWIDTH 500 0
DWIDTH 32 0
BBX 32 64 0 -13
BITMAP
00000000
00000000
00000000
00000000
00000000
00000000
00000000
00000000
00000000
0000000C
0000001E
000003DE
000003CE
000003C0
00000000
00000C00
00001E00
00031E00
00078C00
00078000
00038000
00000000
00000000
001C0000
00E38000
0100C000
02E02000
05E01000
05E01800
08C03C00
08003C00
08001C00
1C000800
1E000800
1E000800
0C001000
05801000
03C02000
03C0C000
03E38000
001C0000
00000000
00000000
00030200
00078700
00078700
00030700
00000000
00000000
00000000
00000380
000003CE
000003DE
0000000E
00000004
00000000
00000000
00000000
00000000
00000000
00000000
00000000
00000000
00000000
ENDCHAR
STARTCHAR circle1_pgf_f095652a_f000078_r1_c2
ENCODING 1055430
SWIDTH 500 0
DWIDTH 32 0
BBX 32 64 0 -13
BITMAP
00000000
00000000
00000000
00000000
00000000
00000000
00000000
00000000
00000000
30000000
78000000
7BC00000
73C00000
03CC0000
001E0000
001E0000
001C0000
0000C000
0001E000
0001E000
0001C000
00000000
00003800
00007C00
00003800
00003800
00000000
00000C00
00001E00
00001E00
00001E00
00000000
00000000
00001E00
00001E00
00001E00
00000C00
00000000
00003800
00003800
00003C00
00003800
00000000
0001C000
0001E000
0001E000
0000C000
001C0000
001E0000
009E0000
03CC0000
73C00000
7BC00000
78800000
30000000
00000000
00000000
00000000
00000000
00000000
00000000
00000000
00000000
00000000
ENDCHAR
STARTCHAR circle1_pgf_f095652a_f000079_r1_c1
ENCODING 1055431
SWIDTH 500 0
DWIDTH 32 0
BBX 32 64 0 -13
BITMAP
00000000
00000000
00000000
00000000
00000000
00000000
00000000
00000000
00000000
0000000C
0000001E
000003DE
000003CE
000003C0
00000000
00000400
00000E00
00030E00
00078E00
00078000
00030000
00000000
00000000
001C0000
007F8000
01C0C000
03E02000
05E01000
05C01000
08000800
08001C00
1C001E00
3C001C00
1C000800
08000800
04801000
07C01000
03C02000
01C0C000
00F38000
001C0000
00000000
00000000
00030000
00078600
00078F00
00030F00
00000600
00000000
00000000
00000380
000003CE
000003DE
0000000E
0000000C
00000000
00000000
00000000
00000000
00000000
00000000
00000000
00000000
00000000
ENDCHAR
STARTCHAR circle1_pgf_f095652a_f000079_r1_c2
ENCODING 1055432
SWIDTH 500 0
DWIDTH 32 0
BBX 32 64 0 -13
BITMAP
00000000
00000000
00000000
00000000
00000000
00000000
00000000
00000000
00000000
30000000
78000000
7BC00000
73C00000
03CC0000
001E0000
001E0000
001C0000
0000C000
0001E000
0001E000
0001C000
00000000
00003800
00007C00
00003800
00003800
00000000
00000C00
00001E00
00001E00
00001E00
00000000
00000000
00001E00
00001E00
00001E00
00000C00
00000000
00003800
00003800
00003C00
00003800
00000000
0001C000
0001E000
0001E000
0000C000
001C0000
001E0000
009E0000
03CC0000
73C00000
7BC00000
78800000
30000000
00000000
00000000
00000000
00000000
00000000
00000000
00000000
00000000
00000000
ENDCHAR
STARTCHAR circle1_pgf_f095652a_f000080_r1_c1
ENCODING 1055433
SWIDTH 500 0
DWIDTH 32 0
BBX 32 64 0 -13
BITMAP
00000000
00000000
00000000
00000000
00000000
00000000
00000000
00000000
00000000
00000004
0000000E
000003DE
000003CE
000003C0
00000000
00000000
00000600
00030F00
00078F00
00078600
00030000
00000000
00000000
001C0000
00F78000
03C0C000
03C02000
07C01000
04001800
1C001800
1C000800
1C001C00
1C001C00
08001C00
08001C00
05C01000
05E01000
03E02000
0180C000
00F78000
001C0000
00000000
00000000
00030000
00078000
00078E00
00030E00
00000E00
00000400
00000000
00000380
000003CE
000003DE
0000001E
0000000C
00000000
00000000
00000000
00000000
00000000
00000000
00000000
00000000
00000000
ENDCHAR
STARTCHAR circle1_pgf_f095652a_f000080_r1_c2
ENCODING 1055434
SWIDTH 500 0
DWIDTH 32 0
BBX 32 64 0 -13
BITMAP
00000000
00000000
00000000
00000000
00000000
00000000
00000000
00000000
00000000
30000000
78000000
7BC00000
73C00000
03CC0000
001E0000
001E0000
001C0000
0000C000
0001E000
0001E000
0001C000
00000000
00003800
00007C00
00003800
00003800
00000000
00000C00
00001E00
00001E00
00001E00
00000000
00000000
00001E00
00001E00
00001E00
00000C00
00000000
00003800
00003800
00003C00
00003800
00000000
0001C000
0001E000
0001E000
0000C000
001C0000
001E0000
009E0000
03CC0000
73C00000
7BC00000
78800000
30000000
00000000
00000000
00000000
00000000
00000000
00000000
00000000
00000000
00000000
ENDCHAR
STARTCHAR circle1_pgf_f095652a_f000081_r1_c1
ENCODING 1055435
SWIDTH 500 0
DWIDTH 32 0
BBX 32 64 0 -13
BITMAP
00000000
00000000
00000000
00000000
00000000
00000000
00000000
00000000
00000000
00000004
0000000E
000003DE
000003CE
000003C0
00000000
00000000
00000000
00030700
00078700
00078700
00030700
00000000
00000000
011C0000
03F38000
03C0C000
03802000
05001000
1C001800
1E001800
1E000800
0C000800
08001800
08003C00
08C03C00
05E01C00
05E01000
02E02000
0100C000
00E38000
001C0000
00000000
00000000
00030000
00078000
00078000
00031C00
00001E00
00000C00
00000000
00000380
000003CE
000003DE
0000001E
0000000C
00000000
00000000
00000000
00000000
00000000
00000000
00000000
00000000
00000000
ENDCHAR
STARTCHAR circle1_pgf_f095652a_f000081_r1_c2
ENCODING 1055436
SWIDTH 500 0
DWIDTH 32 0
BBX 32 64 0 -13
BITMAP
00000000
00000000
00000000
00000000
00000000
00000000
00000000
00000000
00000000
30000000
78000000
7BC00000
73C00000
03CC0000
001E0000
001E0000
001C0000
0000C000
0001E000
0001E000
0001C000
00000000
00003800
00007C00
00003800
00003800
00000000
00000C00
00001E00
00001E00
00001E00
00000000
00000000
00001E00
00001E00
00001E00
00000C00
00000000
00003800
00003800
00003C00
00003800
00000000
0001C000
0001E000
0001E000
0000C000
001C0000
001E0000
009E0000
03CC0000
73C00000
7BC00000
78800000
30000000
00000000
00000000
00000000
00000000
00000000
00000000
00000000
00000000
00000000
ENDCHAR
ENDFONT
